/* gti_prboom_wad.c - PrBoom 2.5.0's own resource lumps (the contents of prboom.wad: Boom
 * SWITCHES/ANIMATED, CR* colour ranges, WATERMAP, BEX tables, HUD digits/boxes, menu art,
 * crosshairs). PrBoom looks these up by name and I_Errors without them; a stock doom1.wad
 * does not have them. Extracted from Espressif's doom1-cut.wad (which had them merged in).
 * Part of PrBoom - GNU GPL v2 or later, see COPYING.GPL2. Served as "PRBOOM.WAD" by i_system.c. */
#include <stddef.h>
const unsigned int gti_prboom_wad_len = 54047;
const unsigned char gti_prboom_wad[54047] = {
  0x50,0x57,0x41,0x44,0x5c,0x00,0x00,0x00,0x5f,0xcd,0x00,0x00,0x53,0x57,0x31,0x42,0x52,0x43,0x4f,0x4d,0x00,0x53,0x57,0x32,
  0x42,0x52,0x43,0x4f,0x4d,0x00,0x01,0x00,0x53,0x57,0x31,0x42,0x52,0x4e,0x31,0x00,0x00,0x53,0x57,0x32,0x42,0x52,0x4e,0x31,
  0x00,0x00,0x01,0x00,0x53,0x57,0x31,0x42,0x52,0x4e,0x32,0x00,0x00,0x53,0x57,0x32,0x42,0x52,0x4e,0x32,0x00,0x00,0x01,0x00,
  0x53,0x57,0x31,0x42,0x52,0x4e,0x47,0x4e,0x00,0x53,0x57,0x32,0x42,0x52,0x4e,0x47,0x4e,0x00,0x01,0x00,0x53,0x57,0x31,0x42,
  0x52,0x4f,0x57,0x4e,0x00,0x53,0x57,0x32,0x42,0x52,0x4f,0x57,0x4e,0x00,0x01,0x00,0x53,0x57,0x31,0x43,0x4f,0x4d,0x4d,0x00,
  0x00,0x53,0x57,0x32,0x43,0x4f,0x4d,0x4d,0x00,0x00,0x01,0x00,0x53,0x57,0x31,0x43,0x4f,0x4d,0x50,0x00,0x00,0x53,0x57,0x32,
  0x43,0x4f,0x4d,0x50,0x00,0x00,0x01,0x00,0x53,0x57,0x31,0x44,0x49,0x52,0x54,0x00,0x00,0x53,0x57,0x32,0x44,0x49,0x52,0x54,
  0x00,0x00,0x01,0x00,0x53,0x57,0x31,0x45,0x58,0x49,0x54,0x00,0x00,0x53,0x57,0x32,0x45,0x58,0x49,0x54,0x00,0x00,0x01,0x00,
  0x53,0x57,0x31,0x47,0x52,0x41,0x59,0x00,0x00,0x53,0x57,0x32,0x47,0x52,0x41,0x59,0x00,0x00,0x01,0x00,0x53,0x57,0x31,0x47,
  0x52,0x41,0x59,0x31,0x00,0x53,0x57,0x32,0x47,0x52,0x41,0x59,0x31,0x00,0x01,0x00,0x53,0x57,0x31,0x4d,0x45,0x54,0x41,0x4c,
  0x00,0x53,0x57,0x32,0x4d,0x45,0x54,0x41,0x4c,0x00,0x01,0x00,0x53,0x57,0x31,0x50,0x49,0x50,0x45,0x00,0x00,0x53,0x57,0x32,
  0x50,0x49,0x50,0x45,0x00,0x00,0x01,0x00,0x53,0x57,0x31,0x53,0x4c,0x41,0x44,0x00,0x00,0x53,0x57,0x32,0x53,0x4c,0x41,0x44,
  0x00,0x00,0x01,0x00,0x53,0x57,0x31,0x53,0x54,0x41,0x52,0x47,0x00,0x53,0x57,0x32,0x53,0x54,0x41,0x52,0x47,0x00,0x01,0x00,
  0x53,0x57,0x31,0x53,0x54,0x4f,0x4e,0x31,0x00,0x53,0x57,0x32,0x53,0x54,0x4f,0x4e,0x31,0x00,0x01,0x00,0x53,0x57,0x31,0x53,
  0x54,0x4f,0x4e,0x32,0x00,0x53,0x57,0x32,0x53,0x54,0x4f,0x4e,0x32,0x00,0x01,0x00,0x53,0x57,0x31,0x53,0x54,0x4f,0x4e,0x45,
  0x00,0x53,0x57,0x32,0x53,0x54,0x4f,0x4e,0x45,0x00,0x01,0x00,0x53,0x57,0x31,0x53,0x54,0x52,0x54,0x4e,0x00,0x53,0x57,0x32,
  0x53,0x54,0x52,0x54,0x4e,0x00,0x01,0x00,0x53,0x57,0x31,0x42,0x4c,0x55,0x45,0x00,0x00,0x53,0x57,0x32,0x42,0x4c,0x55,0x45,
  0x00,0x00,0x02,0x00,0x53,0x57,0x31,0x43,0x4d,0x54,0x00,0x00,0x00,0x53,0x57,0x32,0x43,0x4d,0x54,0x00,0x00,0x00,0x02,0x00,
  0x53,0x57,0x31,0x47,0x41,0x52,0x47,0x00,0x00,0x53,0x57,0x32,0x47,0x41,0x52,0x47,0x00,0x00,0x02,0x00,0x53,0x57,0x31,0x47,
  0x53,0x54,0x4f,0x4e,0x00,0x53,0x57,0x32,0x47,0x53,0x54,0x4f,0x4e,0x00,0x02,0x00,0x53,0x57,0x31,0x48,0x4f,0x54,0x00,0x00,
  0x00,0x53,0x57,0x32,0x48,0x4f,0x54,0x00,0x00,0x00,0x02,0x00,0x53,0x57,0x31,0x4c,0x49,0x4f,0x4e,0x00,0x00,0x53,0x57,0x32,
  0x4c,0x49,0x4f,0x4e,0x00,0x00,0x02,0x00,0x53,0x57,0x31,0x53,0x41,0x54,0x59,0x52,0x00,0x53,0x57,0x32,0x53,0x41,0x54,0x59,
  0x52,0x00,0x02,0x00,0x53,0x57,0x31,0x53,0x4b,0x49,0x4e,0x00,0x00,0x53,0x57,0x32,0x53,0x4b,0x49,0x4e,0x00,0x00,0x02,0x00,
  0x53,0x57,0x31,0x56,0x49,0x4e,0x45,0x00,0x00,0x53,0x57,0x32,0x56,0x49,0x4e,0x45,0x00,0x00,0x02,0x00,0x53,0x57,0x31,0x57,
  0x4f,0x4f,0x44,0x00,0x00,0x53,0x57,0x32,0x57,0x4f,0x4f,0x44,0x00,0x00,0x02,0x00,0x53,0x57,0x31,0x50,0x41,0x4e,0x45,0x4c,
  0x00,0x53,0x57,0x32,0x50,0x41,0x4e,0x45,0x4c,0x00,0x03,0x00,0x53,0x57,0x31,0x52,0x4f,0x43,0x4b,0x00,0x00,0x53,0x57,0x32,
  0x52,0x4f,0x43,0x4b,0x00,0x00,0x03,0x00,0x53,0x57,0x31,0x4d,0x45,0x54,0x32,0x00,0x00,0x53,0x57,0x32,0x4d,0x45,0x54,0x32,
  0x00,0x00,0x03,0x00,0x53,0x57,0x31,0x57,0x44,0x4d,0x45,0x54,0x00,0x53,0x57,0x32,0x57,0x44,0x4d,0x45,0x54,0x00,0x03,0x00,
  0x53,0x57,0x31,0x42,0x52,0x49,0x4b,0x00,0x00,0x53,0x57,0x32,0x42,0x52,0x49,0x4b,0x00,0x00,0x03,0x00,0x53,0x57,0x31,0x4d,
  0x4f,0x44,0x31,0x00,0x00,0x53,0x57,0x32,0x4d,0x4f,0x44,0x31,0x00,0x00,0x03,0x00,0x53,0x57,0x31,0x5a,0x49,0x4d,0x00,0x00,
  0x00,0x53,0x57,0x32,0x5a,0x49,0x4d,0x00,0x00,0x00,0x03,0x00,0x53,0x57,0x31,0x53,0x54,0x4f,0x4e,0x36,0x00,0x53,0x57,0x32,
  0x53,0x54,0x4f,0x4e,0x36,0x00,0x03,0x00,0x53,0x57,0x31,0x54,0x45,0x4b,0x00,0x00,0x00,0x53,0x57,0x32,0x54,0x45,0x4b,0x00,
  0x00,0x00,0x03,0x00,0x53,0x57,0x31,0x4d,0x41,0x52,0x42,0x00,0x00,0x53,0x57,0x32,0x4d,0x41,0x52,0x42,0x00,0x00,0x03,0x00,
  0x53,0x57,0x31,0x53,0x4b,0x55,0x4c,0x4c,0x00,0x53,0x57,0x32,0x53,0x4b,0x55,0x4c,0x4c,0x00,0x03,0x00,0x00,0x00,0x00,0x00,
  0x00,0x00,0x00,0x00,0x00,0x00,0x00,0x00,0x00,0x00,0x00,0x00,0x00,0x00,0x00,0x00,0x00,0x4e,0x55,0x4b,0x41,0x47,0x45,0x33,
  0x00,0x00,0x4e,0x55,0x4b,0x41,0x47,0x45,0x31,0x00,0x00,0x08,0x00,0x00,0x00,0x00,0x46,0x57,0x41,0x54,0x45,0x52,0x34,0x00,
  0x00,0x46,0x57,0x41,0x54,0x45,0x52,0x31,0x00,0x00,0x08,0x00,0x00,0x00,0x00,0x53,0x57,0x41,0x54,0x45,0x52,0x34,0x00,0x00,
  0x53,0x57,0x41,0x54,0x45,0x52,0x31,0x00,0x00,0x08,0x00,0x00,0x00,0x00,0x4c,0x41,0x56,0x41,0x34,0x00,0x00,0x00,0x00,0x4c,
  0x41,0x56,0x41,0x31,0x00,0x00,0x00,0x00,0x08,0x00,0x00,0x00,0x00,0x42,0x4c,0x4f,0x4f,0x44,0x33,0x00,0x00,0x00,0x42,0x4c,
  0x4f,0x4f,0x44,0x31,0x00,0x00,0x00,0x08,0x00,0x00,0x00,0x00,0x52,0x52,0x4f,0x43,0x4b,0x30,0x38,0x00,0x00,0x52,0x52,0x4f,
  0x43,0x4b,0x30,0x35,0x00,0x00,0x08,0x00,0x00,0x00,0x00,0x53,0x4c,0x49,0x4d,0x45,0x30,0x34,0x00,0x00,0x53,0x4c,0x49,0x4d,
  0x45,0x30,0x31,0x00,0x00,0x08,0x00,0x00,0x00,0x00,0x53,0x4c,0x49,0x4d,0x45,0x30,0x38,0x00,0x00,0x53,0x4c,0x49,0x4d,0x45,
  0x30,0x35,0x00,0x00,0x08,0x00,0x00,0x00,0x00,0x53,0x4c,0x49,0x4d,0x45,0x31,0x32,0x00,0x00,0x53,0x4c,0x49,0x4d,0x45,0x30,
  0x39,0x00,0x00,0x08,0x00,0x00,0x00,0x01,0x42,0x4c,0x4f,0x44,0x47,0x52,0x34,0x00,0x00,0x42,0x4c,0x4f,0x44,0x47,0x52,0x31,
  0x00,0x00,0x08,0x00,0x00,0x00,0x01,0x53,0x4c,0x41,0x44,0x52,0x49,0x50,0x33,0x00,0x53,0x4c,0x41,0x44,0x52,0x49,0x50,0x31,
  0x00,0x08,0x00,0x00,0x00,0x01,0x42,0x4c,0x4f,0x44,0x52,0x49,0x50,0x34,0x00,0x42,0x4c,0x4f,0x44,0x52,0x49,0x50,0x31,0x00,
  0x08,0x00,0x00,0x00,0x01,0x46,0x49,0x52,0x45,0x57,0x41,0x4c,0x4c,0x00,0x46,0x49,0x52,0x45,0x57,0x41,0x4c,0x41,0x00,0x08,
  0x00,0x00,0x00,0x01,0x47,0x53,0x54,0x46,0x4f,0x4e,0x54,0x33,0x00,0x47,0x53,0x54,0x46,0x4f,0x4e,0x54,0x31,0x00,0x08,0x00,
  0x00,0x00,0x01,0x46,0x49,0x52,0x45,0x4c,0x41,0x56,0x41,0x00,0x46,0x49,0x52,0x45,0x4c,0x41,0x56,0x33,0x00,0x08,0x00,0x00,
  0x00,0x01,0x46,0x49,0x52,0x45,0x4d,0x41,0x47,0x33,0x00,0x46,0x49,0x52,0x45,0x4d,0x41,0x47,0x31,0x00,0x08,0x00,0x00,0x00,
  0x01,0x46,0x49,0x52,0x45,0x42,0x4c,0x55,0x32,0x00,0x46,0x49,0x52,0x45,0x42,0x4c,0x55,0x31,0x00,0x08,0x00,0x00,0x00,0x01,
  0x52,0x4f,0x43,0x4b,0x52,0x45,0x44,0x33,0x00,0x52,0x4f,0x43,0x4b,0x52,0x45,0x44,0x31,0x00,0x08,0x00,0x00,0x00,0x01,0x42,
  0x46,0x41,0x4c,0x4c,0x34,0x00,0x00,0x00,0x42,0x46,0x41,0x4c,0x4c,0x31,0x00,0x00,0x00,0x08,0x00,0x00,0x00,0x01,0x53,0x46,
  0x41,0x4c,0x4c,0x34,0x00,0x00,0x00,0x53,0x46,0x41,0x4c,0x4c,0x31,0x00,0x00,0x00,0x08,0x00,0x00,0x00,0x01,0x57,0x46,0x41,
  0x4c,0x4c,0x34,0x00,0x00,0x00,0x57,0x46,0x41,0x4c,0x4c,0x31,0x00,0x00,0x00,0x08,0x00,0x00,0x00,0x01,0x44,0x42,0x52,0x41,
  0x49,0x4e,0x34,0x00,0x00,0x44,0x42,0x52,0x41,0x49,0x4e,0x31,0x00,0x00,0x08,0x00,0x00,0x00,0xff,0xff,0xff,0xff,0x00,0x01,
  0x02,0x03,0x04,0x05,0x06,0x07,0x08,0x09,0x0a,0x0b,0x0c,0x0d,0x0e,0x0f,0x10,0x11,0x12,0x13,0x14,0x15,0x16,0x17,0x18,0x19,
  0x1a,0x1b,0x1c,0x1d,0x1e,0x1f,0x20,0x21,0x22,0x23,0x24,0x25,0x26,0x27,0x28,0x29,0x2a,0x2b,0x2e,0x2e,0x2e,0x2e,0x30,0x31,
  0x32,0x33,0x34,0x35,0x36,0x37,0x38,0x39,0x3a,0x3b,0x3c,0x3d,0x3e,0x3f,0x40,0x41,0x42,0x2e,0x44,0x45,0x46,0x47,0x48,0x49,
  0x4a,0x4b,0x4c,0x4d,0x4e,0x4f,0x50,0x51,0x52,0x53,0x54,0x55,0x56,0x57,0x58,0x59,0x5a,0x5b,0x5c,0x5d,0x5e,0x5f,0x60,0x61,
  0x62,0x63,0x64,0x65,0x66,0x67,0x68,0x69,0x6a,0x6b,0x6c,0x6d,0x6e,0x6f,0x70,0x71,0x72,0x73,0x74,0x75,0x76,0x77,0x78,0x79,
  0x7a,0x7b,0x7c,0x7d,0x7e,0x7f,0x80,0x81,0x82,0x83,0x84,0x85,0x86,0x87,0x88,0x89,0x8a,0x8b,0x8c,0x8d,0x8e,0x8f,0x90,0x91,
  0x92,0x93,0x94,0x95,0x96,0x97,0x98,0x99,0x9a,0x9b,0x9c,0x9d,0x9e,0x9f,0xa0,0xa1,0xa2,0xa3,0xa4,0xa5,0xa6,0xa7,0xa8,0xa9,
  0xaa,0xab,0xac,0xad,0xae,0xaf,0x10,0x12,0x14,0x16,0x18,0x1a,0x1c,0x1e,0x20,0x22,0x24,0x26,0x28,0x2a,0x2c,0x2e,0xc0,0xc1,
  0xc2,0xc3,0xc4,0xc5,0xc6,0xc7,0xc8,0xc9,0xca,0xcb,0xcc,0xcd,0xce,0xcf,0xd0,0xd1,0xd2,0xd3,0xd4,0xd5,0xd6,0xd7,0xd8,0xd9,
  0xda,0xdb,0xdc,0xdd,0xde,0xdf,0xe0,0xe1,0xe2,0xe3,0xe4,0xe5,0xe6,0xe7,0xe8,0xe9,0xea,0xeb,0xec,0xed,0xee,0xef,0xf0,0xf1,
  0xf2,0xf3,0xf4,0xf5,0xf6,0xf7,0xf8,0xf9,0xfa,0xfb,0xfc,0xfd,0xfe,0xff,0x00,0x01,0x02,0x03,0x04,0x05,0x06,0x07,0x08,0x09,
  0x0a,0x0b,0x0c,0x0d,0x0e,0x0f,0x10,0x11,0x12,0x13,0x14,0x15,0x16,0x17,0x18,0x19,0x1a,0x1b,0x1c,0x1d,0x1e,0x1f,0x20,0x21,
  0x22,0x23,0x24,0x25,0x26,0x27,0x28,0x29,0x2a,0x2b,0x4e,0x2d,0x4e,0x4e,0x30,0x31,0x32,0x33,0x34,0x35,0x36,0x37,0x38,0x39,
  0x3a,0x3b,0x3c,0x3d,0x3e,0x3f,0x40,0x41,0x42,0x4e,0x44,0x45,0x46,0x47,0x48,0x49,0x4a,0x4b,0x4c,0x4d,0x4e,0x4f,0x50,0x51,
  0x52,0x53,0x54,0x55,0x56,0x57,0x58,0x59,0x5a,0x5b,0x5c,0x5d,0x5e,0x5f,0x60,0x61,0x62,0x63,0x64,0x65,0x66,0x67,0x68,0x69,
  0x6a,0x6b,0x6c,0x6d,0x6e,0x6f,0x70,0x71,0x72,0x73,0x74,0x75,0x76,0x77,0x78,0x79,0x7a,0x7b,0x7c,0x7d,0x7e,0x7f,0x80,0x81,
  0x82,0x83,0x84,0x85,0x86,0x87,0x88,0x89,0x8a,0x8b,0x8c,0x8d,0x8e,0x8f,0x90,0x91,0x92,0x93,0x94,0x95,0x96,0x97,0x98,0x99,
  0x9a,0x9b,0x9c,0x9d,0x9e,0x9f,0xa0,0xa1,0xa2,0xa3,0xa4,0xa5,0xa6,0xa7,0xa8,0xa9,0xaa,0xab,0xac,0xad,0xae,0xaf,0x30,0x32,
  0x34,0x36,0x38,0x3a,0x3c,0x3e,0x40,0x42,0x44,0x46,0x48,0x4a,0x4c,0x4e,0xc0,0xc1,0xc2,0xc3,0xc4,0xc5,0xc6,0xc7,0xc8,0xc9,
  0xca,0xcb,0xcc,0xcd,0xce,0xcf,0xd0,0xd1,0xd2,0xd3,0xd4,0xd5,0xd6,0xd7,0xd8,0xd9,0xda,0xdb,0xdc,0xdd,0xde,0xdf,0xe0,0xe1,
  0xe2,0xe3,0xe4,0xe5,0xe6,0xe7,0xe8,0xe9,0xea,0xeb,0xec,0xed,0xee,0xef,0xf0,0xf1,0xf2,0xf3,0xf4,0xf5,0xf6,0xf7,0xf8,0xf9,
  0xfa,0xfb,0xfc,0xfd,0xfe,0xff,0x00,0x01,0x02,0x03,0x04,0x05,0x06,0x07,0x08,0x09,0x0a,0x0b,0x0c,0x0d,0x0e,0x0f,0x10,0x11,
  0x12,0x13,0x14,0x15,0x16,0x17,0x18,0x19,0x1a,0x1b,0x1c,0x1d,0x1e,0x1f,0x20,0x21,0x22,0x23,0x24,0x25,0x26,0x27,0x28,0x29,
  0x2a,0x2b,0x6e,0x6e,0x2e,0x6e,0x30,0x31,0x32,0x33,0x34,0x35,0x36,0x37,0x38,0x39,0x3a,0x3b,0x3c,0x3d,0x3e,0x3f,0x40,0x41,
  0x42,0x6e,0x44,0x45,0x46,0x47,0x48,0x49,0x4a,0x4b,0x4c,0x4d,0x4e,0x4f,0x50,0x51,0x52,0x53,0x54,0x55,0x56,0x57,0x58,0x59,
  0x5a,0x5b,0x5c,0x5d,0x5e,0x5f,0x60,0x61,0x62,0x63,0x64,0x65,0x66,0x67,0x68,0x69,0x6a,0x6b,0x6c,0x6d,0x6e,0x6f,0x70,0x71,
  0x72,0x73,0x74,0x75,0x76,0x77,0x78,0x79,0x7a,0x7b,0x7c,0x7d,0x7e,0x7f,0x80,0x81,0x82,0x83,0x84,0x85,0x86,0x87,0x88,0x89,
  0x8a,0x8b,0x8c,0x8d,0x8e,0x8f,0x90,0x91,0x92,0x93,0x94,0x95,0x96,0x97,0x98,0x99,0x9a,0x9b,0x9c,0x9d,0x9e,0x9f,0xa0,0xa1,
  0xa2,0xa3,0xa4,0xa5,0xa6,0xa7,0xa8,0xa9,0xaa,0xab,0xac,0xad,0xae,0xaf,0x50,0x52,0x54,0x56,0x58,0x5a,0x5c,0x5e,0x60,0x62,
  0x64,0x66,0x68,0x6a,0x6c,0x6e,0xc0,0xc1,0xc2,0xc3,0xc4,0xc5,0xc6,0xc7,0xc8,0xc9,0xca,0xcb,0xcc,0xcd,0xce,0xcf,0xd0,0xd1,
  0xd2,0xd3,0xd4,0xd5,0xd6,0xd7,0xd8,0xd9,0xda,0xdb,0xdc,0xdd,0xde,0xdf,0xe0,0xe1,0xe2,0xe3,0xe4,0xe5,0xe6,0xe7,0xe8,0xe9,
  0xea,0xeb,0xec,0xed,0xee,0xef,0xf0,0xf1,0xf2,0xf3,0xf4,0xf5,0xf6,0xf7,0xf8,0xf9,0xfa,0xfb,0xfc,0xfd,0xfe,0xff,0x00,0x01,
  0x02,0x03,0x04,0x05,0x06,0x07,0x08,0x09,0x0a,0x0b,0x0c,0x0d,0x0e,0x0f,0x10,0x11,0x12,0x13,0x14,0x15,0x16,0x17,0x18,0x19,
  0x1a,0x1b,0x1c,0x1d,0x1e,0x1f,0x20,0x21,0x22,0x23,0x24,0x25,0x26,0x27,0x28,0x29,0x2a,0x2b,0x7f,0x7f,0x2e,0x7f,0x30,0x31,
  0x32,0x33,0x34,0x35,0x36,0x37,0x38,0x39,0x3a,0x3b,0x3c,0x3d,0x3e,0x3f,0x40,0x41,0x42,0x7f,0x44,0x45,0x46,0x47,0x48,0x49,
  0x4a,0x4b,0x4c,0x4d,0x4e,0x4f,0x50,0x51,0x52,0x53,0x54,0x55,0x56,0x57,0x58,0x59,0x5a,0x5b,0x5c,0x5d,0x5e,0x5f,0x60,0x61,
  0x62,0x63,0x64,0x65,0x66,0x67,0x68,0x69,0x6a,0x6b,0x6c,0x6d,0x6e,0x6f,0x70,0x71,0x72,0x73,0x74,0x75,0x76,0x77,0x78,0x79,
  0x7a,0x7b,0x7c,0x7d,0x7e,0x7f,0x80,0x81,0x82,0x83,0x84,0x85,0x86,0x87,0x88,0x89,0x8a,0x8b,0x8c,0x8d,0x8e,0x8f,0x90,0x91,
  0x92,0x93,0x94,0x95,0x96,0x97,0x98,0x99,0x9a,0x9b,0x9c,0x9d,0x9e,0x9f,0xa0,0xa1,0xa2,0xa3,0xa4,0xa5,0xa6,0xa7,0xa8,0xa9,
  0xaa,0xab,0xac,0xad,0xae,0xaf,0x70,0x71,0x72,0x73,0x74,0x75,0x76,0x77,0x78,0x79,0x7a,0x7b,0x7c,0x7d,0x7e,0x7f,0xc0,0xc1,
  0xc2,0xc3,0xc4,0xc5,0xc6,0xc7,0xc8,0xc9,0xca,0xcb,0xcc,0xcd,0xce,0xcf,0xd0,0xd1,0xd2,0xd3,0xd4,0xd5,0xd6,0xd7,0xd8,0xd9,
  0xda,0xdb,0xdc,0xdd,0xde,0xdf,0xe0,0xe1,0xe2,0xe3,0xe4,0xe5,0xe6,0xe7,0xe8,0xe9,0xea,0xeb,0xec,0xed,0xee,0xef,0xf0,0xf1,
  0xf2,0xf3,0xf4,0xf5,0xf6,0xf7,0xf8,0xf9,0xfa,0xfb,0xfc,0xfd,0xfe,0xff,0x00,0x01,0x02,0x03,0x04,0x05,0x06,0x07,0x08,0x09,
  0x0a,0x0b,0x0c,0x0d,0x0e,0x0f,0x10,0x11,0x12,0x13,0x14,0x15,0x16,0x17,0x18,0x19,0x1a,0x1b,0x1c,0x1d,0x1e,0x1f,0x20,0x21,
  0x22,0x23,0x24,0x25,0x26,0x27,0x28,0x29,0x2a,0x2b,0x8f,0x8f,0x2e,0x8f,0x30,0x31,0x32,0x33,0x34,0x35,0x36,0x37,0x38,0x39,
  0x3a,0x3b,0x3c,0x3d,0x3e,0x3f,0x40,0x41,0x42,0x8f,0x44,0x45,0x46,0x47,0x48,0x49,0x4a,0x4b,0x4c,0x4d,0x4e,0x4f,0x50,0x51,
  0x52,0x53,0x54,0x55,0x56,0x57,0x58,0x59,0x5a,0x5b,0x5c,0x5d,0x5e,0x5f,0x60,0x61,0x62,0x63,0x64,0x65,0x66,0x67,0x68,0x69,
  0x6a,0x6b,0x6c,0x6d,0x6e,0x6f,0x70,0x71,0x72,0x73,0x74,0x75,0x76,0x77,0x78,0x79,0x7a,0x7b,0x7c,0x7d,0x7e,0x7f,0x80,0x81,
  0x82,0x83,0x84,0x85,0x86,0x87,0x88,0x89,0x8a,0x8b,0x8c,0x8d,0x8e,0x8f,0x90,0x91,0x92,0x93,0x94,0x95,0x96,0x97,0x98,0x99,
  0x9a,0x9b,0x9c,0x9d,0x9e,0x9f,0xa0,0xa1,0xa2,0xa3,0xa4,0xa5,0xa6,0xa7,0xa8,0xa9,0xaa,0xab,0xac,0xad,0xae,0xaf,0x80,0x81,
  0x82,0x83,0x84,0x85,0x86,0x87,0x88,0x89,0x8a,0x8b,0x8c,0x8d,0x8e,0x8f,0xc0,0xc1,0xc2,0xc3,0xc4,0xc5,0xc6,0xc7,0xc8,0xc9,
  0xca,0xcb,0xcc,0xcd,0xce,0xcf,0xd0,0xd1,0xd2,0xd3,0xd4,0xd5,0xd6,0xd7,0xd8,0xd9,0xda,0xdb,0xdc,0xdd,0xde,0xdf,0xe0,0xe1,
  0xe2,0xe3,0xe4,0xe5,0xe6,0xe7,0xe8,0xe9,0xea,0xeb,0xec,0xed,0xee,0xef,0xf0,0xf1,0xf2,0xf3,0xf4,0xf5,0xf6,0xf7,0xf8,0xf9,
  0xfa,0xfb,0xfc,0xfd,0xfe,0xff,0x00,0x01,0x02,0x03,0x04,0x05,0x06,0x07,0x08,0x09,0x0a,0x0b,0x0c,0x0d,0x0e,0x0f,0x10,0x11,
  0x12,0x13,0x14,0x15,0x16,0x17,0x18,0x19,0x1a,0x1b,0x1c,0x1d,0x1e,0x1f,0x20,0x21,0x22,0x23,0x24,0x25,0x26,0x27,0x28,0x29,
  0x2a,0x2b,0xa7,0xa7,0x2e,0xa7,0x30,0x31,0x32,0x33,0x34,0x35,0x36,0x37,0x38,0x39,0x3a,0x3b,0x3c,0x3d,0x3e,0x3f,0x40,0x41,
  0x42,0xa7,0x44,0x45,0x46,0x47,0x48,0x49,0x4a,0x4b,0x4c,0x4d,0x4e,0x4f,0x50,0x51,0x52,0x53,0x54,0x55,0x56,0x57,0x58,0x59,
  0x5a,0x5b,0x5c,0x5d,0x5e,0x5f,0x60,0x61,0x62,0x63,0x64,0x65,0x66,0x67,0x68,0x69,0x6a,0x6b,0x6c,0x6d,0x6e,0x6f,0x70,0x71,
  0x72,0x73,0x74,0x75,0x76,0x77,0x78,0x79,0x7a,0x7b,0x7c,0x7d,0x7e,0x7f,0x80,0x81,0x82,0x83,0x84,0x85,0x86,0x87,0x88,0x89,
  0x8a,0x8b,0x8c,0x8d,0x8e,0x8f,0x90,0x91,0x92,0x93,0x94,0x95,0x96,0x97,0x98,0x99,0x9a,0x9b,0x9c,0x9d,0x9e,0x9f,0xa0,0xa1,
  0xa2,0xa3,0xa4,0xa5,0xa6,0xa7,0xa8,0xa9,0xaa,0xab,0xac,0xad,0xae,0xaf,0xa0,0xa0,0xa1,0xa1,0xa2,0xa2,0xa3,0xa3,0xa4,0xa4,
  0xa5,0xa5,0xa6,0xa6,0xa7,0xa7,0xc0,0xc1,0xc2,0xc3,0xc4,0xc5,0xc6,0xc7,0xc8,0xc9,0xca,0xcb,0xcc,0xcd,0xce,0xcf,0xd0,0xd1,
  0xd2,0xd3,0xd4,0xd5,0xd6,0xd7,0xd8,0xd9,0xda,0xdb,0xdc,0xdd,0xde,0xdf,0xe0,0xe1,0xe2,0xe3,0xe4,0xe5,0xe6,0xe7,0xe8,0xe9,
  0xea,0xeb,0xec,0xed,0xee,0xef,0xf0,0xf1,0xf2,0xf3,0xf4,0xf5,0xf6,0xf7,0xf8,0xf9,0xfa,0xfb,0xfc,0xfd,0xfe,0xff,0x00,0x01,
  0x02,0x03,0x04,0x05,0x06,0x07,0x08,0x09,0x0a,0x0b,0x0c,0x0d,0x0e,0x0f,0x10,0x11,0x12,0x13,0x14,0x15,0x16,0x17,0x18,0x19,
  0x1a,0x1b,0x1c,0x1d,0x1e,0x1f,0x20,0x21,0x22,0x23,0x24,0x25,0x26,0x27,0x28,0x29,0x2a,0x2b,0xbf,0xbf,0x2e,0xbf,0x30,0x31,
  0x32,0x33,0x34,0x35,0x36,0x37,0x38,0x39,0x3a,0x3b,0x3c,0x3d,0x3e,0x3f,0x40,0x41,0x42,0xbf,0x44,0x45,0x46,0x47,0x48,0x49,
  0x4a,0x4b,0x4c,0x4d,0x4e,0x4f,0x50,0x51,0x52,0x53,0x54,0x55,0x56,0x57,0x58,0x59,0x5a,0x5b,0x5c,0x5d,0x5e,0x5f,0x60,0x61,
  0x62,0x63,0x64,0x65,0x66,0x67,0x68,0x69,0x6a,0x6b,0x6c,0x6d,0x6e,0x6f,0x70,0x71,0x72,0x73,0x74,0x75,0x76,0x77,0x78,0x79,
  0x7a,0x7b,0x7c,0x7d,0x7e,0x7f,0x80,0x81,0x82,0x83,0x84,0x85,0x86,0x87,0x88,0x89,0x8a,0x8b,0x8c,0x8d,0x8e,0x8f,0x90,0x91,
  0x92,0x93,0x94,0x95,0x96,0x97,0x98,0x99,0x9a,0x9b,0x9c,0x9d,0x9e,0x9f,0xa0,0xa1,0xa2,0xa3,0xa4,0xa5,0xa6,0xa7,0xa8,0xa9,
  0xaa,0xab,0xac,0xad,0xae,0xaf,0xb0,0xb1,0xb2,0xb3,0xb4,0xb5,0xb6,0xb7,0xb8,0xb9,0xba,0xbb,0xbc,0xbd,0xbe,0xbf,0xc0,0xc1,
  0xc2,0xc3,0xc4,0xc5,0xc6,0xc7,0xc8,0xc9,0xca,0xcb,0xcc,0xcd,0xce,0xcf,0xd0,0xd1,0xd2,0xd3,0xd4,0xd5,0xd6,0xd7,0xd8,0xd9,
  0xda,0xdb,0xdc,0xdd,0xde,0xdf,0xe0,0xe1,0xe2,0xe3,0xe4,0xe5,0xe6,0xe7,0xe8,0xe9,0xea,0xeb,0xec,0xed,0xee,0xef,0xf0,0xf1,
  0xf2,0xf3,0xf4,0xf5,0xf6,0xf7,0xf8,0xf9,0xfa,0xfb,0xfc,0xfd,0xfe,0xff,0x00,0x01,0x02,0x03,0x04,0x05,0x06,0x07,0x08,0x09,
  0x0a,0x0b,0x0c,0x0d,0x0e,0x0f,0x10,0x11,0x12,0x13,0x14,0x15,0x16,0x17,0x18,0x19,0x1a,0x1b,0x1c,0x1d,0x1e,0x1f,0x20,0x21,
  0x22,0x23,0x24,0x25,0x26,0x27,0x28,0x29,0x2a,0x2b,0xcb,0xcb,0x2e,0xcb,0x30,0x31,0x32,0x33,0x34,0x35,0x36,0x37,0x38,0x39,
  0x3a,0x3b,0x3c,0x3d,0x3e,0x3f,0x40,0x41,0x42,0xcb,0x44,0x45,0x46,0x47,0x48,0x49,0x4a,0x4b,0x4c,0x4d,0x4e,0x4f,0x50,0x51,
  0x52,0x53,0x54,0x55,0x56,0x57,0x58,0x59,0x5a,0x5b,0x5c,0x5d,0x5e,0x5f,0x60,0x61,0x62,0x63,0x64,0x65,0x66,0x67,0x68,0x69,
  0x6a,0x6b,0x6c,0x6d,0x6e,0x6f,0x70,0x71,0x72,0x73,0x74,0x75,0x76,0x77,0x78,0x79,0x7a,0x7b,0x7c,0x7d,0x7e,0x7f,0x80,0x81,
  0x82,0x83,0x84,0x85,0x86,0x87,0x88,0x89,0x8a,0x8b,0x8c,0x8d,0x8e,0x8f,0x90,0x91,0x92,0x93,0x94,0x95,0x96,0x97,0x98,0x99,
  0x9a,0x9b,0x9c,0x9d,0x9e,0x9f,0xa0,0xa1,0xa2,0xa3,0xa4,0xa5,0xa6,0xa7,0xa8,0xa9,0xaa,0xab,0xac,0xad,0xae,0xaf,0xc4,0xc4,
  0xc5,0xc5,0xc6,0xc6,0xc7,0xc7,0xc8,0xc8,0xc9,0xc9,0xca,0xca,0xcb,0xcb,0xc0,0xc1,0xc2,0xc3,0xc4,0xc5,0xc6,0xc7,0xc8,0xc9,
  0xca,0xcb,0xcc,0xcd,0xce,0xcf,0xd0,0xd1,0xd2,0xd3,0xd4,0xd5,0xd6,0xd7,0xd8,0xd9,0xda,0xdb,0xdc,0xdd,0xde,0xdf,0xe0,0xe1,
  0xe2,0xe3,0xe4,0xe5,0xe6,0xe7,0xe8,0xe9,0xea,0xeb,0xec,0xed,0xee,0xef,0xf0,0xf1,0xf2,0xf3,0xf4,0xf5,0xf6,0xf7,0xf8,0xf9,
  0xfa,0xfb,0xfc,0xfd,0xfe,0xff,0x00,0x01,0x02,0x03,0x04,0x05,0x06,0x07,0x08,0x09,0x0a,0x0b,0x0c,0x0d,0x0e,0x0f,0x10,0x11,
  0x12,0x13,0x14,0x15,0x16,0x17,0x18,0x19,0x1a,0x1b,0x1c,0x1d,0x1e,0x1f,0x20,0x21,0x22,0x23,0x24,0x25,0x26,0x27,0x28,0x29,
  0x2a,0x2b,0xcf,0xcf,0x2e,0xcf,0x30,0x31,0x32,0x33,0x34,0x35,0x36,0x37,0x38,0x39,0x3a,0x3b,0x3c,0x3d,0x3e,0x3f,0x40,0x41,
  0x42,0xcf,0x44,0x45,0x46,0x47,0x48,0x49,0x4a,0x4b,0x4c,0x4d,0x4e,0x4f,0x50,0x51,0x52,0x53,0x54,0x55,0x56,0x57,0x58,0x59,
  0x5a,0x5b,0x5c,0x5d,0x5e,0x5f,0x60,0x61,0x62,0x63,0x64,0x65,0x66,0x67,0x68,0x69,0x6a,0x6b,0x6c,0x6d,0x6e,0x6f,0x70,0x71,
  0x72,0x73,0x74,0x75,0x76,0x77,0x78,0x79,0x7a,0x7b,0x7c,0x7d,0x7e,0x7f,0x80,0x81,0x82,0x83,0x84,0x85,0x86,0x87,0x88,0x89,
  0x8a,0x8b,0x8c,0x8d,0x8e,0x8f,0x90,0x91,0x92,0x93,0x94,0x95,0x96,0x97,0x98,0x99,0x9a,0x9b,0x9c,0x9d,0x9e,0x9f,0xa0,0xa1,
  0xa2,0xa3,0xa4,0xa5,0xa6,0xa7,0xa8,0xa9,0xaa,0xab,0xac,0xad,0xae,0xaf,0xc8,0xc8,0xc9,0xc9,0xca,0xca,0xcb,0xcb,0xcc,0xcc,
  0xcd,0xcd,0xce,0xce,0xcf,0xcf,0xc0,0xc1,0xc2,0xc3,0xc4,0xc5,0xc6,0xc7,0xc8,0xc9,0xca,0xcb,0xcc,0xcd,0xce,0xcf,0xd0,0xd1,
  0xd2,0xd3,0xd4,0xd5,0xd6,0xd7,0xd8,0xd9,0xda,0xdb,0xdc,0xdd,0xde,0xdf,0xe0,0xe1,0xe2,0xe3,0xe4,0xe5,0xe6,0xe7,0xe8,0xe9,
  0xea,0xeb,0xec,0xed,0xee,0xef,0xf0,0xf1,0xf2,0xf3,0xf4,0xf5,0xf6,0xf7,0xf8,0xf9,0xfa,0xfb,0xfc,0xfd,0xfe,0xff,0x00,0x01,
  0x02,0x03,0x04,0x05,0x06,0x07,0x08,0x09,0x0a,0x0b,0x0c,0x0d,0x0e,0x0f,0x10,0x11,0x12,0x13,0x14,0x15,0x16,0x17,0x18,0x19,
  0x1a,0x1b,0x1c,0x1d,0x1e,0x1f,0x20,0x21,0x22,0x23,0x24,0x25,0x26,0x27,0x28,0x29,0x2a,0x2b,0xdf,0xdf,0x2e,0xdf,0x30,0x31,
  0x32,0x33,0x34,0x35,0x36,0x37,0x38,0x39,0x3a,0x3b,0x3c,0x3d,0x3e,0x3f,0x40,0x41,0x42,0xdf,0x44,0x45,0x46,0x47,0x48,0x49,
  0x4a,0x4b,0x4c,0x4d,0x4e,0x4f,0x50,0x51,0x52,0x53,0x54,0x55,0x56,0x57,0x58,0x59,0x5a,0x5b,0x5c,0x5d,0x5e,0x5f,0x60,0x61,
  0x62,0x63,0x64,0x65,0x66,0x67,0x68,0x69,0x6a,0x6b,0x6c,0x6d,0x6e,0x6f,0x70,0x71,0x72,0x73,0x74,0x75,0x76,0x77,0x78,0x79,
  0x7a,0x7b,0x7c,0x7d,0x7e,0x7f,0x80,0x81,0x82,0x83,0x84,0x85,0x86,0x87,0x88,0x89,0x8a,0x8b,0x8c,0x8d,0x8e,0x8f,0x90,0x91,
  0x92,0x93,0x94,0x95,0x96,0x97,0x98,0x99,0x9a,0x9b,0x9c,0x9d,0x9e,0x9f,0xa0,0xa1,0xa2,0xa3,0xa4,0xa5,0xa6,0xa7,0xa8,0xa9,
  0xaa,0xab,0xac,0xad,0xae,0xaf,0xd0,0xd1,0xd2,0xd3,0xd4,0xd5,0xd6,0xd7,0xd8,0xd9,0xda,0xdb,0xdc,0xdd,0xde,0xdf,0xc0,0xc1,
  0xc2,0xc3,0xc4,0xc5,0xc6,0xc7,0xc8,0xc9,0xca,0xcb,0xcc,0xcd,0xce,0xcf,0xd0,0xd1,0xd2,0xd3,0xd4,0xd5,0xd6,0xd7,0xd8,0xd9,
  0xda,0xdb,0xdc,0xdd,0xde,0xdf,0xe0,0xe1,0xe2,0xe3,0xe4,0xe5,0xe6,0xe7,0xe8,0xe9,0xea,0xeb,0xec,0xed,0xee,0xef,0xf0,0xf1,
  0xf2,0xf3,0xf4,0xf5,0xf6,0xf7,0xf8,0xf9,0xfa,0xfb,0xfc,0xfd,0xfe,0xff,0x00,0x01,0x02,0x03,0x04,0x05,0x06,0x07,0x08,0x09,
  0x0a,0x0b,0x0c,0x0d,0x0e,0x0f,0x10,0x11,0x12,0x13,0x14,0x15,0x16,0x17,0x18,0x19,0x1a,0x1b,0x1c,0x1d,0x1e,0x1f,0x20,0x21,
  0x22,0x23,0x24,0x25,0x26,0x27,0x28,0x29,0x2a,0x2b,0xe7,0xe7,0x2e,0xe7,0x30,0x31,0x32,0x33,0x34,0x35,0x36,0x37,0x38,0x39,
  0x3a,0x3b,0x3c,0x3d,0x3e,0x3f,0x40,0x41,0x42,0xe7,0x44,0x45,0x46,0x47,0x48,0x49,0x4a,0x4b,0x4c,0x4d,0x4e,0x4f,0x50,0x51,
  0x52,0x53,0x54,0x55,0x56,0x57,0x58,0x59,0x5a,0x5b,0x5c,0x5d,0x5e,0x5f,0x60,0x61,0x62,0x63,0x64,0x65,0x66,0x67,0x68,0x69,
  0x6a,0x6b,0x6c,0x6d,0x6e,0x6f,0x70,0x71,0x72,0x73,0x74,0x75,0x76,0x77,0x78,0x79,0x7a,0x7b,0x7c,0x7d,0x7e,0x7f,0x80,0x81,
  0x82,0x83,0x84,0x85,0x86,0x87,0x88,0x89,0x8a,0x8b,0x8c,0x8d,0x8e,0x8f,0x90,0x91,0x92,0x93,0x94,0x95,0x96,0x97,0x98,0x99,
  0x9a,0x9b,0x9c,0x9d,0x9e,0x9f,0xa0,0xa1,0xa2,0xa3,0xa4,0xa5,0xa6,0xa7,0xa8,0xa9,0xaa,0xab,0xac,0xad,0xae,0xaf,0xe0,0xe0,
  0xe1,0xe1,0xe2,0xe2,0xe3,0xe3,0xe4,0xe4,0xe5,0xe5,0xe6,0xe6,0xe7,0xe7,0xc0,0xc1,0xc2,0xc3,0xc4,0xc5,0xc6,0xc7,0xc8,0xc9,
  0xca,0xcb,0xcc,0xcd,0xce,0xcf,0xd0,0xd1,0xd2,0xd3,0xd4,0xd5,0xd6,0xd7,0xd8,0xd9,0xda,0xdb,0xdc,0xdd,0xde,0xdf,0xe0,0xe1,
  0xe2,0xe3,0xe4,0xe5,0xe6,0xe7,0xe8,0xe9,0xea,0xeb,0xec,0xed,0xee,0xef,0xf0,0xf1,0xf2,0xf3,0xf4,0xf5,0xf6,0xf7,0xf8,0xf9,
  0xfa,0xfb,0xfc,0xfd,0xfe,0xff,0x00,0x7e,0x7f,0x67,0xc1,0x05,0x06,0x07,0x08,0x7b,0x7c,0x7e,0x0c,0x7a,0x7b,0x7c,0xc1,0xc1,
  0xc2,0xc2,0x58,0x5a,0x5c,0x5d,0x5f,0x60,0x62,0x62,0x64,0x65,0x66,0x67,0x03,0x69,0x6a,0x6b,0x0e,0x0f,0x0f,0xee,0xee,0xef,
  0xef,0xef,0x01,0x02,0x02,0x02,0xc1,0xc1,0xc1,0xc1,0xc1,0xc1,0xc1,0x56,0x70,0x70,0x70,0x70,0x71,0x72,0x73,0x73,0x73,0x74,
  0x75,0x75,0x76,0x76,0x77,0x78,0x79,0x79,0x7a,0x7a,0x7b,0x7c,0x7c,0x7d,0xc1,0xc1,0xc2,0xc2,0xc2,0xc2,0xc2,0xc2,0xc2,0xc2,
  0xc2,0xc2,0xc2,0xc3,0xc3,0xc3,0x5d,0x5e,0x5f,0x60,0x61,0x62,0x64,0x65,0x66,0x68,0x68,0x6a,0x6a,0x6c,0x6d,0x6e,0x70,0x70,
  0x71,0x71,0x71,0x72,0x73,0x73,0x75,0x77,0x78,0x79,0x7b,0x7c,0x7d,0x7f,0x70,0x70,0x70,0x71,0x72,0x73,0x73,0x74,0x75,0x76,
  0x76,0x77,0x77,0x79,0x79,0x7a,0x73,0x74,0x75,0x76,0x78,0x79,0x7a,0x7b,0x73,0x74,0x75,0x76,0x77,0x79,0x79,0x7a,0x70,0x70,
  0x70,0x72,0x75,0x78,0x7a,0x4e,0xc1,0xc1,0xc1,0xc2,0x5b,0x5f,0x88,0x22,0xba,0xbb,0xbb,0xbc,0xbc,0xbd,0xbd,0x2d,0x2d,0x2e,
  0x2f,0x2f,0x2f,0x2f,0x02,0x02,0xc1,0xc2,0xc2,0xc3,0xc4,0xc5,0xc6,0xc7,0xc8,0xc8,0xc8,0xc8,0xc9,0xca,0xcc,0xcd,0xc1,0xc1,
  0xc1,0xc1,0x70,0x70,0x72,0x74,0x75,0x76,0x76,0x78,0x78,0x78,0x4a,0x4b,0xc1,0xc1,0xc1,0x56,0x70,0x70,0x71,0x72,0x4b,0x4b,
  0x4c,0x4d,0x7a,0x7c,0x7d,0x7e,0xcd,0xce,0xcf,0xf1,0xf3,0xf4,0xf6,0x00,0x71,0x70,0xc3,0xc6,0xc6,0xc7,0xcc,0x60,0x00,0x7e,
  0x7f,0x67,0xc1,0x05,0x06,0x07,0x08,0x7b,0x7c,0x7e,0x0c,0x7a,0x7b,0x7c,0xc1,0xc2,0xc2,0x58,0x5a,0x5a,0x5d,0x5f,0x5f,0x60,
  0x62,0x62,0x64,0x65,0x67,0x67,0x69,0x69,0x6a,0x6b,0x0e,0x0f,0x0f,0xee,0xee,0xef,0xef,0xef,0x01,0x02,0x02,0x02,0xc1,0xc1,
  0xc1,0xc1,0xc1,0xc1,0x56,0x56,0x70,0x70,0x70,0x71,0x72,0x73,0x73,0x73,0x73,0x75,0x75,0x75,0x76,0x76,0x78,0x78,0x79,0x79,
  0x7a,0x7a,0x7b,0x7c,0x7c,0x7d,0xc1,0xc2,0xc2,0xc2,0xc2,0xc2,0xc2,0xc2,0xc2,0xc2,0xc2,0xc2,0xc3,0xc3,0xc3,0xc3,0x5e,0x5e,
  0x5f,0x61,0x61,0x62,0x65,0x65,0x67,0x68,0x68,0x6a,0x6a,0x6c,0x6d,0x6e,0x70,0x70,0x71,0x71,0x71,0x72,0x73,0x73,0x75,0x77,
  0x78,0x79,0x7b,0x7c,0x7d,0x7f,0x70,0x70,0x71,0x72,0x73,0x73,0x73,0x75,0x75,0x76,0x76,0x77,0x77,0x79,0x7a,0x7a,0x73,0x74,
  0x75,0x76,0x78,0x79,0x7a,0x7b,0x73,0x74,0x75,0x76,0x77,0x79,0x79,0x7a,0x70,0x70,0x70,0x72,0x75,0x78,0x7a,0x4e,0xc1,0xc1,
  0xc1,0xc2,0x5b,0x5f,0x88,0x22,0xba,0xbb,0xbc,0xbc,0xbc,0xbd,0xbd,0x2d,0x2d,0x2e,0x2f,0x2f,0x2f,0x2f,0x02,0x02,0xc1,0xc2,
  0xc2,0xc3,0xc4,0xc5,0xc6,0xc7,0xc8,0xc8,0xc8,0xc8,0xc9,0xca,0xcc,0xcd,0xc1,0xc1,0xc1,0xc1,0x70,0x70,0x72,0x74,0x76,0x76,
  0x78,0x78,0x78,0x78,0x4b,0x4b,0xc1,0xc1,0xc1,0x56,0x70,0x70,0x71,0x72,0x4b,0x4b,0x4c,0x4d,0x7a,0x7c,0x7d,0x7e,0xcd,0xce,
  0xcf,0xf1,0xf3,0xf4,0xf6,0x00,0x71,0x70,0xc3,0xc6,0xc6,0xc7,0xcc,0x60,0x00,0x7e,0x7f,0x68,0xc1,0x05,0x06,0x07,0x08,0x7b,
  0x7c,0x7e,0x0c,0x7a,0x7b,0x7c,0xc1,0xc2,0xc2,0x5a,0x5a,0x5c,0x5d,0x5f,0x60,0x62,0x62,0x64,0x65,0x66,0x67,0x03,0x69,0x6a,
  0x6b,0x0e,0x0f,0x0f,0xee,0xee,0xef,0xef,0xef,0x01,0x01,0x02,0x02,0x02,0xc1,0xc1,0xc1,0xc1,0xc1,0xc1,0x56,0x70,0x70,0x70,
  0x70,0x71,0x72,0x73,0x73,0x73,0x74,0x75,0x75,0x76,0x76,0x77,0x78,0x79,0x79,0x7a,0x7a,0x7b,0x7b,0x7c,0x7c,0x7d,0xc2,0xc2,
  0xc2,0xc2,0xc2,0xc2,0xc2,0xc2,0xc2,0xc2,0xc2,0xc2,0xc3,0xc3,0xc3,0x5d,0x5e,0x5f,0x60,0x61,0x62,0x64,0x65,0x66,0x67,0x68,
  0x68,0x6a,0x6a,0x6c,0x6d,0x6e,0x70,0x71,0x71,0x71,0x72,0x73,0x73,0x75,0x77,0x77,0x78,0x79,0x7b,0x7c,0x7d,0x7f,0x70,0x70,
  0x71,0x72,0x73,0x73,0x74,0x75,0x76,0x76,0x77,0x77,0x79,0x79,0x7a,0x7a,0x73,0x75,0x76,0x77,0x79,0x79,0x7b,0x7c,0x74,0x75,
  0x76,0x76,0x77,0x79,0x7a,0x7a,0x70,0x70,0x70,0x72,0x75,0x78,0x7a,0x4e,0xc1,0xc1,0xc1,0x58,0x5b,0x5f,0x88,0x22,0xbb,0xbb,
  0xbc,0xbc,0xbd,0xbd,0x2d,0x2d,0x2e,0x2f,0x2f,0x2f,0x2f,0x02,0x02,0x02,0xc2,0xc2,0xc2,0xc3,0xc4,0xc5,0xc6,0xc7,0xc8,0xc8,
  0xc8,0xc8,0xc9,0xca,0xcc,0xcd,0xc1,0xc1,0xc1,0x56,0x70,0x70,0x72,0x75,0x76,0x76,0x78,0x78,0x78,0x4a,0x4b,0x4b,0xc1,0xc1,
  0xc1,0x56,0x70,0x70,0x71,0x72,0x4b,0x4c,0x4c,0x4d,0x7b,0x7c,0x7d,0x7e,0xcd,0xce,0xcf,0xf1,0xf3,0xf4,0xf6,0x00,0x72,0x70,
  0xc3,0xc6,0xc6,0xc7,0xcc,0x60,0x00,0x7e,0x7f,0x68,0xc1,0x05,0x06,0x07,0x08,0x7b,0x7c,0x7e,0x0c,0x7b,0x7c,0x7d,0xc2,0xc2,
  0x58,0x5a,0x5c,0x5d,0x5f,0x60,0x62,0x62,0x64,0x64,0x65,0x66,0x03,0x03,0x6a,0x6a,0x6b,0x0e,0x0f,0x0f,0xee,0xee,0xef,0xef,
  0x01,0x01,0x01,0x02,0x02,0x02,0xc2,0xc1,0xc1,0xc1,0xc1,0xc2,0x70,0x70,0x70,0x70,0x71,0x72,0x73,0x73,0x73,0x74,0x75,0x75,
  0x76,0x76,0x76,0x77,0x79,0x79,0x79,0x7a,0x7a,0x7b,0x7b,0x7c,0x7d,0x7d,0xc2,0xc2,0xc2,0xc2,0xc2,0xc2,0xc2,0xc2,0xc2,0xc2,
  0xc2,0xc3,0xc3,0xc3,0x5d,0x5e,0x5f,0x5f,0x61,0x62,0x62,0x64,0x66,0x66,0x68,0x68,0x6a,0x6a,0x6c,0x6c,0x6e,0x6e,0x70,0x71,
  0x71,0x71,0x72,0x73,0x73,0x75,0x77,0x78,0x79,0x7b,0x7b,0x7c,0x7d,0x7f,0x70,0x71,0x72,0x73,0x73,0x74,0x75,0x76,0x76,0x77,
  0x77,0x77,0x79,0x79,0x7a,0x7a,0x74,0x75,0x76,0x77,0x79,0x7a,0x7b,0x7c,0x74,0x75,0x76,0x77,0x79,0x79,0x7a,0x7b,0x70,0x70,
  0x72,0x75,0x75,0x78,0x7a,0x4e,0xc1,0xc2,0xc2,0x58,0x5c,0x5f,0x88,0x22,0xbb,0xbc,0xbc,0xbd,0xbd,0xbd,0x2d,0x2d,0x2e,0x2f,
  0x2f,0x2f,0x2f,0x02,0x02,0x02,0xc2,0xc2,0xc3,0xc3,0xc4,0xc5,0xc6,0xc7,0xc8,0xc8,0xc8,0xc9,0xca,0xca,0xcc,0xce,0xc1,0xc2,
  0xc1,0x70,0x70,0x71,0x72,0x76,0x76,0x78,0x78,0x78,0x4a,0x4b,0x4b,0x4b,0xc1,0xc1,0xc1,0x56,0x70,0x70,0x71,0x72,0x4b,0x4c,
  0x4d,0x4e,0x7b,0x7c,0x7d,0x7e,0xce,0xcf,0xcf,0xf1,0xf3,0xf4,0xf6,0x00,0x72,0x70,0xc3,0xc6,0xc6,0xc7,0xcc,0x60,0x00,0x7e,
  0x7f,0x68,0xc2,0x05,0x06,0x07,0x08,0x7b,0x7c,0x7e,0x0c,0x7b,0x7c,0x7d,0xc2,0x58,0x5a,0x5a,0x5d,0x5d,0x5f,0x60,0x62,0x64,
  0x64,0x65,0x66,0x67,0x03,0x69,0x6a,0x6b,0x0e,0x0f,0x0f,0x0f,0xee,0xee,0xef,0xef,0x01,0x01,0x02,0x02,0x02,0x02,0xc2,0xc2,
  0xc1,0xc1,0xc2,0xc2,0xc2,0x70,0x70,0x71,0x72,0x73,0x73,0x73,0x74,0x74,0x75,0x76,0x76,0x76,0x77,0x78,0x79,0x79,0x79,0x7a,
  0x7a,0x7b,0x7c,0x7c,0x7d,0x7d,0xc2,0xc2,0xc2,0xc2,0xc2,0xc2,0xc2,0xc2,0xc2,0xc2,0xc3,0xc3,0xc3,0x5d,0x5d,0x5f,0x5f,0x60,
  0x61,0x62,0x64,0x65,0x66,0x67,0x68,0x6a,0x6a,0x6a,0x6c,0x6d,0x6e,0x05,0x71,0x71,0x71,0x72,0x72,0x73,0x73,0x75,0x77,0x78,
  0x79,0x7b,0x7b,0x7c,0x7d,0x7f,0x71,0x71,0x72,0x73,0x74,0x74,0x75,0x76,0x76,0x77,0x77,0x79,0x79,0x7a,0x7a,0x7a,0x74,0x75,
  0x76,0x78,0x79,0x7a,0x7b,0x7c,0x74,0x76,0x76,0x77,0x79,0x79,0x7a,0x7b,0x70,0x70,0x72,0x75,0x78,0x7a,0x4e,0x4e,0xc2,0xc2,
  0xc2,0x5a,0x5d,0x60,0x88,0x22,0xbb,0xbc,0xbc,0xbd,0xbd,0x2d,0x2d,0x2e,0x2e,0x2f,0x2f,0x2f,0x2f,0x02,0x02,0x02,0xc2,0xc2,
  0xc3,0xc4,0xc4,0xc5,0xc6,0xc7,0xc8,0xc8,0xc8,0xc9,0xca,0xcc,0xcd,0xce,0xc2,0xc2,0xc1,0x70,0x70,0x72,0x73,0x76,0x78,0x78,
  0x78,0x78,0x4a,0x4b,0x4b,0x4b,0xc2,0xc2,0xc1,0x70,0x70,0x70,0x71,0x72,0x4c,0x4c,0x4d,0x4e,0x7b,0x7c,0x7d,0x7e,0xce,0xcf,
  0xf1,0xf1,0xf3,0xf4,0xf6,0x00,0x73,0x70,0xc3,0xc6,0xc7,0xc7,0xcc,0x75,0x00,0x7f,0x7f,0x68,0xc2,0x05,0x06,0x07,0x08,0x7b,
  0x7c,0x7e,0x0c,0x7b,0x7c,0x7d,0xc2,0x5a,0x5a,0x5d,0x5d,0x5f,0x60,0x62,0x62,0x64,0x65,0x66,0x67,0x03,0x69,0x6a,0x6a,0x0e,
  0x0e,0x0f,0x0f,0xee,0xee,0xef,0xef,0xef,0x01,0x01,0x02,0x02,0x02,0x02,0xc2,0xc2,0xc2,0x70,0x70,0x70,0x58,0x70,0x71,0x72,
  0x72,0x73,0x73,0x74,0x75,0x75,0x75,0x76,0x76,0x77,0x77,0x79,0x79,0x79,0x7a,0x7a,0x7a,0x7b,0x7c,0x7c,0x7d,0x7e,0xc2,0xc2,
  0xc2,0xc2,0xc2,0xc2,0xc2,0xc2,0xc3,0xc3,0xc3,0xc3,0x5d,0x5e,0x5e,0x5f,0x60,0x61,0x62,0x64,0x64,0x65,0x67,0x67,0x68,0x6a,
  0x6a,0x6c,0x6c,0x6d,0x6e,0x05,0x71,0x71,0x71,0x72,0x73,0x73,0x75,0x75,0x77,0x78,0x79,0x7b,0x7c,0x7d,0x7d,0x7f,0x71,0x72,
  0x73,0x73,0x74,0x75,0x76,0x76,0x77,0x77,0x77,0x79,0x79,0x7a,0x7a,0x7b,0x75,0x76,0x77,0x78,0x79,0x7a,0x7b,0x7c,0x75,0x76,
  0x77,0x77,0x79,0x79,0x7a,0x7b,0x70,0x70,0x72,0x75,0x78,0x7a,0x4e,0x4e,0xc2,0xc2,0xc2,0x5a,0x5f,0x62,0x88,0xbc,0xbc,0xbc,
  0xbd,0xbd,0x2d,0x2d,0x2d,0x2e,0x2f,0x2f,0x2f,0x2f,0x2f,0x02,0x02,0x02,0xc2,0xc2,0xc3,0xc4,0xc5,0xc5,0xc6,0xc8,0xc8,0xc8,
  0xc8,0xc9,0xca,0xcc,0xcd,0xce,0xc2,0xc2,0x70,0x70,0x71,0x73,0x73,0x76,0x78,0x78,0x78,0x4a,0x4b,0x4b,0x4b,0x4c,0xc2,0xc2,
  0xc1,0x70,0x70,0x70,0x70,0x72,0x4c,0x4d,0x4e,0x4e,0x7b,0x7d,0x7d,0x7e,0xce,0xcf,0xf1,0xf3,0xf3,0xf4,0xf6,0x00,0x73,0x70,
  0xc3,0xc6,0xc7,0xcc,0xcc,0x75,0x00,0x7f,0x7f,0x6a,0xc2,0x06,0x06,0x07,0x08,0x7c,0x7e,0x7e,0x0c,0x7b,0x7c,0x7d,0x70,0x5a,
  0x5c,0x5d,0x5f,0x60,0x60,0x62,0x64,0x64,0x66,0x66,0x67,0x03,0x6a,0x6a,0x0e,0x0e,0x0f,0x0f,0xee,0xee,0xee,0xef,0xef,0x01,
  0x01,0x02,0x02,0x02,0x02,0x02,0xc2,0xc2,0x70,0x70,0x70,0x70,0x70,0x71,0x71,0x72,0x73,0x73,0x74,0x74,0x75,0x75,0x76,0x76,
  0x77,0x77,0x78,0x79,0x79,0x79,0x7a,0x7a,0x7b,0x7b,0x7c,0x7c,0x7d,0x7e,0xc2,0xc2,0xc2,0xc2,0xc2,0xc2,0xc2,0xc2,0xc3,0xc3,
  0xc3,0xc3,0x5d,0x5e,0x5f,0x60,0x61,0x61,0x62,0x64,0x65,0x66,0x67,0x68,0x68,0x6a,0x6a,0x6c,0x6c,0x6d,0x6e,0x05,0x71,0x71,
  0x72,0x72,0x73,0x73,0x75,0x77,0x78,0x78,0x79,0x7b,0x7c,0x7d,0x7f,0x7f,0x72,0x73,0x73,0x74,0x75,0x75,0x76,0x76,0x77,0x77,
  0x79,0x79,0x79,0x7a,0x7b,0x7b,0x75,0x76,0x77,0x79,0x7a,0x7a,0x7c,0x7c,0x75,0x76,0x77,0x79,0x79,0x7a,0x7b,0x7b,0x70,0x70,
  0x72,0x75,0x78,0x7a,0x4e,0x4e,0xc2,0xc2,0x70,0x5c,0x60,0x62,0x65,0xbc,0xbc,0xbd,0xbd,0xbd,0x2d,0x2d,0x2e,0x2e,0x2f,0x2f,
  0x2f,0x2f,0x02,0x02,0x02,0x02,0xc2,0xc2,0xc3,0xc4,0xc5,0xc6,0xc6,0xc8,0xc8,0xc8,0xc9,0xc9,0xca,0xcc,0xcd,0xce,0xc2,0xc2,
  0x70,0x70,0x72,0x73,0x73,0x78,0x78,0x78,0x4a,0x4a,0x4b,0x4b,0x4b,0x4c,0xc2,0xc2,0x70,0x70,0x70,0x70,0x70,0x72,0x4c,0x4d,
  0x4e,0x4e,0x7c,0x7d,0x7e,0x7e,0xce,0xcf,0xf1,0xf3,0xf4,0xf4,0xf6,0x00,0x73,0x70,0xc3,0xc6,0xc7,0xcc,0xcc,0x76,0x00,0x7f,
  0x7f,0x6a,0xc2,0x06,0x06,0x07,0x08,0x7c,0x7e,0x0c,0x0c,0x7c,0x7c,0x7d,0x70,0x70,0x5d,0x60,0x60,0x60,0x60,0x64,0x64,0x65,
  0x66,0x67,0x03,0x69,0x6a,0x6a,0x0e,0x0e,0x0f,0x0f,0xee,0xee,0xef,0xef,0x01,0x01,0x02,0x02,0x02,0x02,0x02,0x02,0xc2,0xc2,
  0x70,0x70,0x70,0x70,0x70,0x70,0x72,0x73,0x73,0x73,0x74,0x75,0x75,0x76,0x76,0x76,0x77,0x78,0x79,0x79,0x79,0x7a,0x7a,0x7a,
  0x7b,0x7c,0x7c,0x7c,0x7d,0x7e,0xc2,0xc2,0xc2,0xc2,0xc2,0xc2,0xc2,0xc3,0xc3,0xc3,0x5d,0x5d,0x5e,0x5f,0x5f,0x60,0x62,0x62,
  0x64,0x65,0x65,0x67,0x68,0x68,0x6a,0x6a,0x6a,0x6c,0x6c,0x6d,0x05,0x05,0x71,0x71,0x72,0x73,0x73,0x73,0x75,0x77,0x78,0x78,
  0x79,0x7b,0x7c,0x7d,0x7f,0x7f,0x73,0x73,0x74,0x75,0x75,0x76,0x76,0x77,0x77,0x79,0x79,0x79,0x7a,0x7a,0x7b,0x7b,0x76,0x77,
  0x77,0x79,0x7a,0x7b,0x7c,0x7c,0x76,0x76,0x77,0x79,0x79,0x7a,0x7b,0x7b,0x70,0x72,0x72,0x75,0x78,0x7a,0x4e,0x4e,0xc2,0xc2,
  0x70,0x5d,0x60,0x64,0x66,0xbc,0xbc,0xbd,0xbd,0x2d,0x2d,0x2d,0x2e,0x2f,0x2f,0x2f,0x2f,0x2f,0x02,0x02,0x02,0x02,0xc2,0xc2,
  0xc2,0xc4,0xc5,0xc6,0xc6,0xc8,0xc8,0xc8,0xc9,0xca,0xca,0xcc,0xcd,0xce,0xc2,0xc2,0x70,0x70,0x72,0x73,0x75,0x78,0x78,0x78,
  0x4a,0x4b,0x4b,0x4b,0x4c,0x4c,0xc2,0xc2,0x70,0x70,0x70,0x70,0x70,0x72,0x4d,0x4e,0x4e,0x4e,0x7c,0x7d,0x7e,0x7e,0xce,0xcf,
  0xf1,0xf3,0xf4,0xf4,0xf6,0x00,0x73,0x70,0x5a,0xc6,0xc7,0xcc,0xcc,0x76,0x00,0x7f,0x7f,0x6a,0xc2,0x06,0x07,0x08,0x08,0x7c,
  0x7e,0x0c,0x0c,0x7c,0x7d,0x7d,0x70,0x70,0x71,0x60,0x60,0x60,0x60,0x64,0x65,0x66,0x67,0x67,0x03,0x6a,0x6a,0x0e,0x0e,0x0f,
  0x0f,0xee,0xee,0xee,0xef,0x01,0x01,0x01,0x02,0x02,0x02,0x02,0x02,0x02,0xc2,0x70,0x70,0x70,0x70,0x70,0x70,0x70,0x73,0x73,
  0x73,0x74,0x75,0x75,0x76,0x76,0x76,0x77,0x78,0x79,0x79,0x79,0x7a,0x7a,0x7a,0x7b,0x7b,0x7c,0x7c,0x7d,0x7d,0x7e,0xc2,0xc2,
  0xc2,0xc2,0xc2,0xc3,0xc3,0xc3,0xc3,0x5d,0x5e,0x5e,0x5f,0x60,0x60,0x61,0x62,0x62,0x64,0x65,0x66,0x67,0x68,0x68,0x6a,0x6a,
  0x6c,0x6c,0x6d,0x6e,0x05,0x05,0x71,0x72,0x72,0x73,0x73,0x75,0x77,0x77,0x78,0x79,0x7b,0x7b,0x7c,0x7d,0x7f,0x7f,0x73,0x73,
  0x74,0x75,0x76,0x76,0x77,0x77,0x77,0x79,0x79,0x7a,0x7a,0x7b,0x7b,0x7c,0x76,0x77,0x79,0x79,0x7a,0x7b,0x7c,0x7c,0x76,0x77,
  0x77,0x79,0x79,0x7a,0x7b,0x7b,0x70,0x72,0x75,0x76,0x78,0x7a,0x4e,0x01,0xc2,0x70,0x70,0x5f,0x62,0x65,0x67,0xbd,0xbd,0xbd,
  0x2d,0x2d,0x2d,0x2e,0x2e,0x2f,0x2f,0x2f,0x2f,0x2f,0x02,0x02,0x02,0x02,0xc2,0xc2,0xc3,0xc4,0xc5,0xc6,0xc8,0xc8,0xc8,0xc8,
  0xc9,0xca,0xcc,0xcc,0xcd,0xcf,0xc2,0xc2,0x70,0x70,0x73,0x73,0x75,0x78,0x78,0x4a,0x4b,0x4b,0x4b,0x4c,0x4c,0x4d,0xc2,0xc2,
  0x70,0x70,0x70,0x70,0x72,0x72,0x4e,0x4e,0x4e,0xef,0x7c,0x7d,0x7e,0x7e,0xcf,0xcf,0xf1,0xf3,0xf4,0xf4,0xf6,0x00,0x74,0x72,
  0x5a,0xc6,0xc7,0xcc,0xcc,0x76,0x00,0x7f,0x7f,0x6a,0xc2,0x06,0x07,0x08,0x08,0x7c,0x7e,0x0c,0x0c,0x7c,0x7d,0x7d,0x70,0x71,
  0x60,0x60,0x60,0x60,0x64,0x64,0x76,0x67,0x77,0x78,0x6a,0x6a,0x0e,0x0e,0x0f,0x0f,0x0f,0xee,0xee,0xef,0x01,0x01,0x01,0x01,
  0x02,0x02,0x02,0x02,0x02,0x02,0xc2,0x70,0x70,0x70,0x70,0x70,0x71,0x71,0x73,0x73,0x74,0x75,0x75,0x76,0x76,0x76,0x77,0x78,
  0x78,0x79,0x79,0x79,0x7a,0x7a,0x7a,0x7b,0x7c,0x7c,0x7c,0x7d,0x7d,0x7e,0xc2,0xc2,0xc2,0xc2,0xc3,0xc3,0xc3,0xc3,0x5d,0x5d,
  0x5e,0x5f,0x60,0x60,0x61,0x62,0x64,0x64,0x65,0x66,0x67,0x68,0x68,0x68,0x6a,0x6a,0x6c,0x6d,0x6d,0x6e,0x05,0x05,0x71,0x72,
  0x73,0x73,0x73,0x75,0x77,0x78,0x78,0x79,0x7b,0x7b,0x7c,0x7d,0x7f,0x7f,0x73,0x74,0x75,0x76,0x76,0x76,0x77,0x77,0x79,0x79,
  0x79,0x7a,0x7a,0x7b,0x7b,0x7c,0x76,0x77,0x79,0x79,0x7a,0x7b,0x7c,0x7c,0x76,0x77,0x79,0x79,0x7a,0x7b,0x7b,0x7b,0x70,0x72,
  0x75,0x76,0x79,0x7a,0x4e,0x01,0xc2,0x70,0x70,0x60,0x62,0x65,0x67,0xbd,0xbd,0x2d,0x2d,0x2d,0x2e,0x2e,0x2f,0x2f,0x2f,0x2f,
  0x2f,0x02,0x02,0x02,0x02,0x02,0xc2,0xc2,0xc3,0x5d,0xc5,0xc6,0xc8,0xc8,0xc8,0xc9,0xc9,0xca,0xcc,0xcd,0xcd,0xcf,0xc2,0x70,
  0x70,0x71,0x73,0x74,0x75,0x78,0x78,0x4b,0x4b,0x4b,0x7a,0x4c,0x4c,0x4e,0xc2,0x70,0x70,0x70,0x70,0x72,0x72,0x72,0x4e,0x4e,
  0x4e,0xef,0x7c,0x7d,0x7e,0x7e,0xcf,0xf1,0xf1,0xf3,0xf4,0xf4,0xf6,0x00,0x75,0x72,0xc3,0xc6,0xc7,0xcc,0xcc,0x77,0x00,0x7f,
  0x07,0x6a,0xc2,0x06,0x07,0x08,0x08,0x7c,0x7e,0x0c,0x0c,0x7c,0x7d,0x7d,0x71,0x60,0x60,0x60,0x60,0x60,0x64,0x76,0x77,0x77,
  0x78,0x78,0x6a,0x6a,0x0e,0x0e,0x0f,0x0f,0xee,0xee,0xee,0xef,0x01,0x01,0x01,0x02,0x02,0x02,0x02,0x02,0x02,0x02,0xc2,0x70,
  0x70,0x70,0x71,0x71,0x72,0x73,0x73,0x74,0x75,0x75,0x76,0x76,0x76,0x77,0x77,0x78,0x79,0x79,0x79,0x7a,0x7a,0x7a,0x7b,0x7b,
  0x7c,0x7c,0x7d,0x7d,0x7e,0x7e,0xc2,0xc2,0xc3,0xc3,0xc3,0xc3,0xc3,0x5d,0x5e,0x5e,0x5f,0x5f,0x60,0x61,0x62,0x62,0x64,0x65,
  0x66,0x67,0x67,0x68,0x68,0x6a,0x6a,0x6c,0x6c,0x6d,0x6d,0x6e,0x05,0x05,0x72,0x73,0x73,0x73,0x75,0x77,0x77,0x78,0x79,0x79,
  0x7b,0x7c,0x7c,0x7d,0x7f,0x7f,0x74,0x75,0x76,0x76,0x76,0x77,0x77,0x77,0x79,0x79,0x79,0x7a,0x7a,0x7b,0x7c,0x7c,0x77,0x77,
  0x79,0x7a,0x7b,0x7b,0x7c,0x7d,0x77,0x79,0x79,0x79,0x7a,0x7b,0x7b,0x6e,0x72,0x72,0x75,0x76,0x79,0x4e,0x4e,0x01,0xc2,0xc2,
  0x71,0x60,0x64,0x65,0x03,0xbd,0xbd,0x2d,0x2d,0x2d,0x2e,0x2f,0x2f,0x2f,0x2f,0x2f,0x2f,0x02,0x02,0x02,0x02,0x02,0xc2,0xc3,
  0xc3,0x5e,0x60,0xc6,0xc8,0xc8,0xc8,0xc9,0xca,0xca,0xcc,0xcd,0xce,0xcf,0xc2,0xc2,0x70,0x71,0x74,0x75,0x75,0x78,0x78,0x4b,
  0x7a,0x7a,0x7a,0x4c,0x4e,0x4e,0xc2,0x70,0x70,0x70,0x72,0x72,0x72,0x72,0x4e,0x4e,0x4e,0xef,0x7c,0x7d,0x7e,0x7e,0xcf,0xf1,
  0xf1,0xf3,0xf4,0xf6,0xf6,0x00,0x75,0x72,0x60,0xc7,0xc7,0xcc,0xcc,0x77,0x00,0x7f,0x07,0x6c,0xc2,0x06,0x07,0x08,0x08,0x7c,
  0x7e,0x7f,0x0c,0x7c,0x7d,0x7d,0x60,0x60,0x60,0x60,0x60,0x75,0x76,0x77,0x77,0x78,0x79,0x79,0x79,0x79,0x0e,0x0f,0x0f,0x0f,
  0xee,0xee,0x01,0x01,0x01,0x01,0x01,0x02,0x02,0x02,0x02,0x02,0x02,0x02,0xc2,0x70,0x70,0x71,0x71,0x72,0x73,0x73,0x74,0x75,
  0x75,0x76,0x76,0x76,0x77,0x77,0x78,0x79,0x79,0x79,0x79,0x7a,0x7a,0x7a,0x7b,0x7c,0x7c,0x7c,0x7d,0x7d,0x7e,0x7e,0xc2,0xc3,
  0xc3,0xc3,0xc3,0x5d,0x5d,0x5e,0x5f,0x5f,0x60,0x60,0x61,0x62,0x62,0x64,0x65,0x65,0x66,0x67,0x68,0x68,0x6a,0x6a,0x6a,0x6c,
  0x6c,0x6d,0x6e,0x05,0x05,0x05,0x72,0x73,0x73,0x75,0x75,0x77,0x78,0x78,0x79,0x79,0x7b,0x7c,0x7c,0x7d,0x7f,0x07,0x75,0x75,
  0x76,0x76,0x77,0x77,0x77,0x79,0x79,0x7a,0x7a,0x7a,0x7b,0x7b,0x7c,0x7c,0x77,0x79,0x79,0x7a,0x7b,0x7c,0x7c,0x7d,0x77,0x79,
  0x79,0x79,0x7a,0x7b,0x7b,0x6e,0x72,0x74,0x76,0x78,0x79,0x4e,0x4e,0x01,0xc2,0xc3,0x72,0x60,0x64,0x66,0x69,0x2d,0x2d,0x2d,
  0x2d,0x2e,0x2e,0x2f,0x2f,0x2f,0x2f,0x2f,0x02,0x02,0x02,0x02,0x02,0x02,0xc2,0xc3,0x5d,0x5f,0x61,0xc8,0xc8,0xc8,0xc8,0xc9,
  0xca,0xcc,0xcc,0xcd,0xce,0xcf,0xc2,0xc2,0x71,0x73,0x74,0x75,0x78,0x78,0x78,0x4b,0x7a,0x7a,0x7a,0x4e,0x4e,0x4e,0xc2,0x70,
  0x70,0x71,0x72,0x72,0x72,0x75,0x4e,0x4e,0x4e,0xef,0x7c,0x7d,0x7e,0x7e,0xcf,0xf1,0xf3,0xf3,0xf4,0xf6,0xf6,0x00,0x75,0x72,
  0x60,0xc7,0xc7,0xcc,0xcc,0x77,0x00,0x7f,0x07,0x6c,0xc2,0x06,0x07,0x08,0x08,0x05,0x7e,0x0c,0x08,0x7c,0x7d,0x7d,0x60,0x60,
  0x60,0x75,0x75,0x76,0x76,0x77,0x78,0x78,0x79,0x79,0x79,0x79,0x0f,0x0f,0x0f,0xee,0xee,0xef,0x01,0x01,0x01,0x01,0x02,0x02,
  0x02,0x02,0x02,0x02,0x02,0x02,0xc3,0x71,0x71,0x72,0x72,0x73,0x73,0x73,0x74,0x75,0x76,0x76,0x76,0x77,0x78,0x78,0x79,0x79,
  0x79,0x79,0x7a,0x7a,0x7a,0x7b,0x7b,0x7c,0x7c,0x7c,0x7d,0x7d,0x7e,0x7e,0xc3,0xc3,0xc3,0xc3,0x5d,0x5e,0x5e,0x5f,0x60,0x60,
  0x61,0x61,0x62,0x64,0x64,0x65,0x66,0x66,0x67,0x68,0x68,0x6a,0x6a,0x6a,0x6c,0x6c,0x6d,0x6d,0x6e,0x05,0x05,0x06,0x73,0x73,
  0x73,0x75,0x77,0x77,0x78,0x78,0x79,0x7b,0x7b,0x7c,0x7d,0x7d,0x7f,0x08,0x76,0x76,0x76,0x77,0x77,0x77,0x79,0x79,0x79,0x7a,
  0x7a,0x7b,0x7b,0x7c,0x7c,0x7c,0x77,0x79,0x7a,0x7a,0x7b,0x7c,0x7c,0x7d,0x77,0x79,0x79,0x7a,0x7b,0x7b,0x7c,0x7c,0x73,0x74,
  0x76,0x79,0x79,0x7a,0x7b,0x01,0xc2,0xc3,0x73,0x60,0x65,0x67,0x69,0x2d,0x2d,0x2d,0x2e,0x2e,0x2f,0x2f,0x2f,0x2f,0x2f,0x2f,
  0x02,0x02,0x02,0x02,0x02,0x02,0xc3,0xc3,0x5e,0x60,0x62,0xc9,0xc9,0xc9,0xc9,0xca,0xca,0xcc,0xcc,0xcd,0xce,0xf1,0xc2,0xc3,
  0x72,0x73,0x75,0x76,0x78,0x78,0x7a,0x7a,0x7a,0x7a,0x7a,0x4e,0x4e,0x4e,0xc2,0x70,0x71,0x73,0x72,0x72,0x75,0x75,0x4e,0x4e,
  0xef,0x01,0x7c,0x7d,0x7e,0x7f,0xf1,0xf1,0xf3,0xf3,0xf4,0xf6,0xf6,0x00,0x76,0x75,0x60,0xc7,0xcc,0xcc,0x6c,0x77,0x00,0x7f,
  0x07,0x6c,0xc3,0x06,0x07,0x08,0x08,0x05,0x7e,0x0c,0x08,0x7d,0x7d,0x7e,0x60,0x74,0x75,0x75,0x76,0x76,0x77,0x77,0x77,0x79,
  0x79,0x79,0x79,0x7a,0x0f,0x0f,0xee,0xee,0xee,0x01,0x01,0x01,0x01,0x02,0x02,0x02,0x02,0x02,0x02,0x02,0x02,0x7f,0xc3,0x72,
  0x72,0x73,0x73,0x73,0x74,0x74,0x74,0x76,0x76,0x76,0x77,0x78,0x78,0x79,0x79,0x79,0x79,0x7a,0x7a,0x7a,0x7b,0x7b,0x7c,0x7c,
  0x7d,0x7c,0x7d,0x7e,0x7e,0x7e,0xc3,0xc3,0x5d,0x5d,0x5e,0x5f,0x5f,0x60,0x60,0x61,0x62,0x62,0x64,0x64,0x65,0x65,0x66,0x67,
  0x68,0x68,0x68,0x6a,0x6a,0x6a,0x6c,0x6d,0x6d,0x6e,0x6e,0x05,0x05,0x06,0x73,0x73,0x75,0x75,0x77,0x78,0x78,0x79,0x79,0x7b,
  0x7b,0x7c,0x7d,0x7d,0x7f,0x08,0x76,0x76,0x77,0x77,0x77,0x79,0x79,0x79,0x7a,0x7a,0x7a,0x7b,0x7b,0x7c,0x7c,0x7c,0x79,0x79,
  0x7a,0x7b,0x7c,0x7c,0x7d,0x7d,0x79,0x79,0x79,0x7a,0x7b,0x7b,0x7c,0x7c,0x74,0x74,0x76,0x79,0x7a,0x7b,0x7c,0x7e,0xc3,0xc3,
  0x73,0x75,0x66,0x03,0x6a,0x2d,0x2d,0x2e,0x2e,0x2f,0x2f,0x2f,0x2f,0x2f,0x2f,0x02,0x02,0x02,0x02,0x02,0x02,0x7f,0xc3,0x5d,
  0x5f,0x61,0x62,0xc9,0xc9,0xc9,0xc9,0xca,0xca,0xcc,0xcd,0xcd,0xcf,0xf1,0xc3,0xc3,0x73,0x73,0x75,0x76,0x78,0x78,0x7a,0x7a,
  0x7a,0x7a,0x4e,0x4e,0x4e,0x4e,0xc3,0xc3,0x72,0x73,0x74,0x75,0x75,0x75,0x4e,0x4e,0xef,0x01,0x7d,0x7d,0x7e,0x7f,0xf1,0xf1,
  0xf3,0xf4,0xf4,0xf6,0xf6,0x00,0x76,0x75,0x60,0xc7,0xcc,0xcc,0x6c,0x79,0x00,0x7f,0x08,0x6d,0xc3,0x06,0x07,0x08,0x08,0x7d,
  0x7e,0x7f,0x08,0x7d,0x7d,0x7e,0x74,0x75,0x75,0x76,0x76,0x76,0x77,0x77,0x79,0x79,0x79,0x79,0x7a,0x7a,0x7b,0x7b,0x7c,0xee,
  0x01,0x01,0x01,0x01,0x01,0x02,0x02,0x02,0x02,0x02,0x02,0x02,0x7f,0x7f,0x5d,0x73,0x73,0x73,0x73,0x74,0x74,0x75,0x75,0x76,
  0x76,0x77,0x78,0x79,0x79,0x79,0x79,0x7a,0x7a,0x7a,0x7a,0x7b,0x7b,0x7c,0x7c,0x7c,0x7d,0x7d,0x7d,0x7e,0x7e,0x7f,0x5d,0x5d,
  0x5e,0x5e,0x5f,0x60,0x60,0x61,0x61,0x62,0x62,0x64,0x64,0x65,0x65,0x66,0x67,0x68,0x68,0x6a,0x6a,0x6a,0x6a,0x6c,0x6c,0x6d,
  0x6d,0x6e,0x05,0x05,0x06,0x06,0x73,0x75,0x75,0x77,0x77,0x78,0x79,0x79,0x7b,0x7b,0x7c,0x7c,0x7d,0x7f,0x7f,0x08,0x76,0x77,
  0x77,0x77,0x79,0x79,0x79,0x7a,0x7a,0x7a,0x7b,0x7b,0x7c,0x7c,0x7c,0x7d,0x79,0x7a,0x7a,0x7b,0x7c,0x7c,0x7d,0x7d,0x79,0x79,
  0x7a,0x7a,0x7b,0x6d,0x7c,0x05,0x74,0x75,0x78,0x79,0x7a,0x7b,0x7c,0x7e,0xc3,0x5d,0x74,0x75,0x67,0x69,0x6b,0x0f,0x2e,0x2e,
  0x2f,0x2f,0x2f,0x2f,0x2f,0x2f,0x2f,0x02,0x02,0x02,0x02,0x02,0x02,0x7f,0x5d,0x5f,0x60,0x62,0x64,0xc9,0xc9,0xc9,0xc9,0xca,
  0xcc,0xcc,0xcd,0xce,0xcf,0xf1,0xc3,0x5d,0x73,0x74,0x75,0x76,0x77,0x7a,0x7a,0x7a,0x7a,0x4e,0x4e,0x4e,0x4e,0x4e,0xc3,0xc3,
  0x73,0x74,0x74,0x75,0x75,0x75,0x4e,0xef,0x01,0x01,0x7d,0x7e,0x7e,0x7f,0xf1,0xf3,0xf3,0xf4,0xf4,0xf6,0xf6,0x00,0x77,0x75,
  0x60,0xc7,0xcc,0xcc,0x6d,0x79,0x00,0x07,0x08,0x6d,0xc3,0x07,0x07,0x08,0x08,0x7e,0x7f,0x7f,0x08,0x7d,0x7d,0x7e,0x75,0x75,
  0x76,0x76,0x77,0x77,0x77,0x79,0x79,0x79,0x7a,0x7a,0x7a,0x7a,0x7b,0x7b,0x7c,0x7c,0x01,0x01,0x01,0x01,0x02,0x02,0x02,0x02,
  0x02,0x02,0x02,0x02,0x7f,0x7f,0x5e,0x5f,0x73,0x74,0x74,0x75,0x75,0x75,0x75,0x76,0x76,0x78,0x79,0x79,0x79,0x79,0x7a,0x7a,
  0x7a,0x7a,0x7a,0x7b,0x7c,0x7c,0x7c,0x7d,0x7d,0x7d,0x7d,0x7e,0x7e,0x7f,0x5e,0x5e,0x5f,0x5f,0x60,0x61,0x61,0x62,0x62,0x62,
  0x64,0x64,0x65,0x66,0x66,0x67,0x68,0x68,0x68,0x6a,0x6a,0x6a,0x6c,0x6c,0x6d,0x6d,0x6e,0x05,0x05,0x05,0x06,0x06,0x75,0x75,
  0x77,0x77,0x78,0x78,0x79,0x79,0x7b,0x7b,0x7c,0x7c,0x7d,0x7f,0x7f,0x08,0x77,0x77,0x77,0x79,0x79,0x79,0x7a,0x7a,0x7a,0x7b,
  0x7b,0x7c,0x7c,0x7c,0x7c,0x7d,0x79,0x7a,0x7b,0x7b,0x7c,0x7c,0x7d,0x7e,0x79,0x7a,0x7a,0x7b,0x7b,0x6e,0x7c,0x05,0x74,0x76,
  0x79,0x79,0x7a,0x7b,0x7d,0x7e,0xc3,0x5f,0x75,0x76,0x77,0x6a,0x6b,0x0f,0x2e,0x2f,0x2f,0x2f,0x2f,0x2f,0x2f,0x2f,0x02,0x02,
  0x02,0x02,0x02,0x02,0x02,0x7f,0x5e,0x5f,0x61,0x62,0x65,0xca,0xca,0xca,0xca,0xca,0xcc,0xcc,0xcd,0xce,0xcf,0xf1,0xc3,0x5e,
  0x74,0x75,0x76,0x77,0x78,0x7a,0x7a,0x7a,0x4e,0x4e,0x4e,0x4e,0x4e,0x4e,0xc3,0x5e,0x73,0x74,0x74,0x75,0x75,0x78,0xef,0x01,
  0x01,0x01,0x7d,0x7e,0x7e,0x7f,0xf1,0xf3,0xf3,0xf4,0xf4,0xf6,0xf6,0x00,0x78,0x76,0x60,0xc7,0xcc,0xcc,0x6d,0x79,0x00,0x07,
  0x08,0x6d,0x5e,0x07,0x07,0x08,0x08,0x7e,0x7f,0x7f,0x08,0x7d,0x7e,0x7e,0x76,0x76,0x76,0x77,0x77,0x77,0x79,0x79,0x79,0x79,
  0x7a,0x7a,0x7a,0x7b,0x7b,0x7c,0x7c,0x7c,0x7d,0x01,0x01,0x02,0x02,0x02,0x02,0x02,0x02,0x02,0x7f,0x7f,0x7f,0x7f,0x5f,0x73,
  0x75,0x75,0x75,0x76,0x76,0x76,0x76,0x76,0x78,0x79,0x79,0x79,0x79,0x79,0x7a,0x7a,0x7a,0x7a,0x7b,0x7c,0x7c,0x7c,0x7c,0x7d,
  0x7d,0x7d,0x7d,0x7e,0x7e,0x7f,0x5f,0x5f,0x60,0x60,0x61,0x62,0x62,0x62,0x64,0x64,0x65,0x65,0x66,0x67,0x67,0x68,0x68,0x68,
  0x6a,0x6a,0x6a,0x6c,0x6c,0x6c,0x6d,0x6e,0x6e,0x05,0x05,0x05,0x06,0x06,0x75,0x77,0x77,0x78,0x78,0x79,0x79,0x7b,0x7b,0x7b,
  0x7c,0x7d,0x7d,0x7f,0x7f,0x08,0x77,0x77,0x79,0x79,0x79,0x7a,0x7a,0x7a,0x7b,0x7b,0x7b,0x7c,0x7c,0x7c,0x7d,0x7d,0x7a,0x7a,
  0x7b,0x7c,0x7c,0x7d,0x7d,0x7e,0x79,0x7a,0x7a,0x7b,0x6d,0x6e,0x7c,0x05,0x75,0x76,0x79,0x7a,0x7a,0x7b,0x7d,0x7e,0x5e,0x5f,
  0x75,0x76,0x78,0x6a,0x0e,0x0f,0x2f,0x2f,0x2f,0x2f,0x2f,0x2f,0x2f,0x02,0x02,0x02,0x02,0x02,0x02,0x02,0x7f,0x7f,0x5f,0x60,
  0x62,0x64,0x66,0xca,0xca,0xca,0xca,0xcc,0xcc,0xcd,0xcd,0xce,0xcf,0xf1,0x5e,0x5f,0x75,0x76,0x76,0x78,0x79,0x7a,0x7a,0x4e,
  0x4e,0x4e,0x4e,0x4e,0x4e,0xef,0x5e,0x73,0x73,0x74,0x75,0x76,0x78,0x78,0x01,0x01,0x01,0x02,0x7d,0x7e,0x7e,0x7f,0xf1,0xf3,
  0xf3,0xf4,0xf4,0xf6,0xf6,0x00,0x79,0x76,0x61,0xcc,0xcc,0xcc,0x6e,0x7a,0x00,0x07,0x08,0x6e,0x5f,0x07,0x07,0x08,0x00,0x06,
  0x7f,0x07,0x08,0x7d,0x7e,0x7e,0x76,0x77,0x77,0x77,0x77,0x79,0x79,0x79,0x7a,0x7a,0x7a,0x7a,0x7b,0x7b,0x7c,0x7c,0x7c,0x7d,
  0x7d,0x7d,0x7e,0x7e,0x7e,0x02,0x02,0x02,0x02,0x7f,0x7f,0x7f,0x7f,0x7f,0x60,0x61,0x75,0x76,0x76,0x76,0x76,0x76,0x77,0x77,
  0x78,0x79,0x79,0x79,0x7a,0x7a,0x7a,0x7a,0x7b,0x7b,0x7c,0x7c,0x7c,0x7c,0x7d,0x7d,0x7d,0x7d,0x7e,0x7e,0x7f,0x7f,0x60,0x61,
  0x61,0x61,0x62,0x62,0x64,0x64,0x65,0x65,0x66,0x66,0x67,0x68,0x68,0x68,0x6a,0x6a,0x6a,0x6a,0x6c,0x6c,0x6c,0x6d,0x6d,0x6e,
  0x05,0x05,0x05,0x06,0x06,0x06,0x77,0x77,0x78,0x78,0x78,0x79,0x79,0x7b,0x7b,0x7c,0x7c,0x7d,0x7d,0x7f,0x7f,0x08,0x79,0x79,
  0x79,0x79,0x7a,0x7a,0x7a,0x7b,0x7b,0x7c,0x7c,0x7c,0x7c,0x7d,0x7d,0x7d,0x7a,0x7b,0x7b,0x7c,0x7c,0x7d,0x7e,0x7e,0x7a,0x7a,
  0x7b,0x7b,0x6e,0x7c,0x05,0x05,0x76,0x78,0x79,0x7a,0x7b,0x7c,0x7d,0x7e,0x5f,0x61,0x76,0x77,0x79,0x0e,0x0f,0xee,0x2f,0x2f,
  0x2f,0x2f,0x2f,0x2f,0x02,0x02,0x02,0x02,0x02,0x02,0x02,0x02,0x7f,0x7f,0x60,0x62,0x64,0x65,0x67,0xca,0xca,0xca,0xca,0xcc,
  0xcc,0xcd,0xce,0xcf,0xf1,0xf3,0x5f,0x60,0x76,0x76,0x76,0x79,0x79,0x7a,0x4e,0x4e,0x4e,0x4e,0x4e,0x4e,0x01,0x01,0x5f,0x73,
  0x74,0x75,0x76,0x76,0x78,0x78,0x01,0x01,0x01,0x02,0x7d,0x7e,0x7f,0x7f,0xf3,0xf3,0xf4,0xf4,0xf6,0xf6,0x00,0x00,0x79,0x78,
  0x62,0xcc,0xcc,0xcc,0x6e,0x7a,0x00,0x07,0x08,0x6e,0x60,0x07,0x08,0x08,0x00,0x06,0x7f,0x07,0x08,0x7e,0x7e,0x7e,0x77,0x77,
  0x77,0x79,0x79,0x79,0x79,0x7a,0x7a,0x7a,0x7b,0x7b,0x7b,0x7c,0x7c,0x7c,0x7d,0x7d,0x7d,0x7e,0x7e,0x7e,0x7e,0x7e,0x7e,0x7e,
  0x7f,0x7f,0x7f,0x7f,0x7f,0x7f,0x61,0x62,0x76,0x76,0x76,0x77,0x77,0x77,0x77,0x78,0x79,0x79,0x7a,0x7a,0x7a,0x7a,0x7a,0x7b,
  0x7b,0x7c,0x7c,0x7c,0x7d,0x7d,0x7d,0x7d,0x7d,0x7e,0x7e,0x7e,0x7f,0x7f,0x61,0x62,0x62,0x62,0x64,0x64,0x65,0x65,0x66,0x66,
  0x67,0x67,0x68,0x68,0x68,0x6a,0x6a,0x6a,0x6a,0x6c,0x6c,0x6c,0x6d,0x6d,0x6e,0x05,0x05,0x05,0x05,0x06,0x06,0x06,0x77,0x77,
  0x78,0x78,0x79,0x79,0x7b,0x7b,0x7c,0x7c,0x7c,0x7d,0x7f,0x7f,0x07,0x08,0x79,0x79,0x79,0x7a,0x7a,0x7a,0x7b,0x7b,0x7c,0x7c,
  0x7c,0x7c,0x6e,0x7d,0x7d,0x05,0x7a,0x7b,0x7c,0x7c,0x7d,0x7d,0x7e,0x7e,0x7a,0x7b,0x7b,0x6d,0x6e,0x05,0x05,0x7e,0x76,0x78,
  0x7a,0x7a,0x7b,0x7c,0x7e,0x7e,0x60,0x62,0x77,0x77,0x79,0x0e,0x0f,0xee,0x2f,0x2f,0x2f,0x2f,0x2f,0x02,0x02,0x02,0x02,0x02,
  0x02,0x02,0x02,0x7f,0x7f,0x7f,0x61,0x62,0x65,0x66,0x68,0xcc,0xcc,0xcc,0xcc,0xcc,0xcd,0xcd,0xce,0xcf,0xf1,0xf3,0x60,0x61,
  0x76,0x77,0x78,0x79,0x79,0x4e,0x4e,0x4e,0x4e,0x4e,0x4e,0x01,0x01,0x01,0x60,0x74,0x74,0x76,0x76,0x79,0x79,0x7a,0x01,0x01,
  0x7e,0x02,0x7e,0x7e,0x7f,0x7f,0xf3,0xf3,0xf4,0xf4,0xf6,0xf6,0x00,0x00,0x79,0x79,0x64,0xcc,0xcc,0x6c,0x6e,0x7b,0x00,0x08,
  0x08,0x05,0x61,0x07,0x08,0x08,0x00,0x06,0x7f,0x08,0x08,0x7e,0x7e,0x7f,0x77,0x77,0x79,0x79,0x79,0x79,0x7a,0x7a,0x7b,0x7b,
  0x7b,0x7b,0x7c,0x7c,0x7d,0x7d,0x7d,0x7d,0x7e,0x7e,0x7e,0x7e,0x7e,0x7e,0x7e,0x7f,0x7f,0x7f,0x7f,0x7f,0x7f,0x7f,0x62,0x64,
  0x77,0x77,0x77,0x77,0x77,0x77,0x79,0x79,0x79,0x79,0x7a,0x7a,0x7a,0x7a,0x7b,0x7c,0x7c,0x7c,0x7c,0x7d,0x7d,0x7d,0x7d,0x7d,
  0x7e,0x7e,0x7e,0x7f,0x7f,0x7f,0x62,0x64,0x64,0x64,0x65,0x66,0x66,0x66,0x67,0x67,0x68,0x68,0x68,0x6a,0x6a,0x6a,0x6a,0x6a,
  0x6c,0x6c,0x6c,0x6d,0x6d,0x6e,0x6e,0x05,0x05,0x05,0x06,0x06,0x06,0x07,0x78,0x78,0x78,0x79,0x79,0x7b,0x7b,0x7b,0x7c,0x7c,
  0x7d,0x7d,0x7f,0x7f,0x08,0x08,0x79,0x7a,0x7a,0x7a,0x7b,0x7b,0x7b,0x7c,0x7c,0x6d,0x7c,0x7d,0x7d,0x7d,0x05,0x7e,0x7b,0x7c,
  0x7c,0x7c,0x7d,0x7d,0x7e,0x7e,0x6c,0x7b,0x6d,0x6e,0x05,0x05,0x7e,0x06,0x78,0x78,0x7a,0x7b,0x7c,0x7d,0x7e,0x7e,0x61,0x64,
  0x77,0x79,0x79,0x0f,0xee,0xef,0x2f,0x2f,0x2f,0x2f,0x02,0x02,0x02,0x02,0x02,0x02,0x02,0x02,0x02,0x7f,0x7f,0x7f,0x62,0x65,
  0x66,0x67,0x68,0xcc,0xcc,0xcc,0xcc,0xcd,0xcd,0xce,0xcf,0xcf,0xf1,0xf3,0x61,0x62,0x77,0x77,0x78,0x79,0x7a,0x4e,0x4e,0x4e,
  0x4e,0x4e,0x01,0x01,0x01,0x01,0x61,0x75,0x75,0x76,0x78,0x78,0x79,0x7a,0x7e,0x7e,0x7e,0x02,0x7e,0x7e,0x7f,0x7f,0xf3,0xf3,
  0xf4,0xf4,0xf6,0xf6,0x00,0x00,0x7a,0x78,0x65,0xcc,0xcc,0x6d,0x05,0x7b,0x00,0x08,0x08,0x05,0x62,0x07,0x08,0x08,0x00,0x06,
  0x07,0x08,0x08,0x7e,0x7e,0x7f,0x79,0x79,0x79,0x79,0x7a,0x7a,0x7a,0x7b,0x7b,0x7b,0x7c,0x7c,0x7c,0x7d,0x7d,0x7d,0x7e,0x7e,
  0x7e,0x7e,0x7e,0x7e,0x7e,0x7e,0x7f,0x7f,0x7f,0x7f,0x7f,0x7f,0x7f,0x7f,0x64,0x65,0x77,0x77,0x77,0x79,0x79,0x79,0x79,0x79,
  0x7a,0x7a,0x7a,0x7a,0x7b,0x7b,0x7c,0x7c,0x7c,0x7c,0x7d,0x7d,0x7d,0x7d,0x7d,0x7e,0x7e,0x7e,0x7e,0x7f,0x7f,0x7f,0x64,0x65,
  0x65,0x66,0x66,0x67,0x67,0x68,0x68,0x68,0x68,0x68,0x6a,0x6a,0x6a,0x6a,0x6c,0x6c,0x6c,0x6d,0x6d,0x6d,0x6e,0x6e,0x05,0x05,
  0x05,0x06,0x06,0x06,0x06,0x07,0x78,0x78,0x79,0x79,0x7b,0x7b,0x7b,0x7c,0x7c,0x7c,0x7d,0x7d,0x7f,0x7f,0x08,0x08,0x7a,0x7a,
  0x6a,0x6a,0x7b,0x6c,0x6c,0x7c,0x6d,0x6d,0x6e,0x7d,0x7d,0x05,0x7e,0x7e,0x7b,0x7c,0x7c,0x7d,0x7d,0x7e,0x7e,0x7f,0x7b,0x6d,
  0x6e,0x6e,0x05,0x05,0x7e,0x06,0x78,0x79,0x7a,0x7b,0x7c,0x7d,0x7e,0x7e,0x62,0x65,0x79,0x79,0x7a,0x7a,0xee,0xef,0x2f,0x2f,
  0x02,0x02,0x02,0x02,0x02,0x02,0x02,0x02,0x02,0x02,0x7f,0x7f,0x7f,0x7f,0x64,0x66,0x67,0x68,0x6a,0xcc,0xcc,0xcc,0xcc,0xcd,
  0xce,0xce,0xcf,0xf1,0xf3,0xf3,0x62,0x65,0x77,0x79,0x79,0x7a,0x7a,0x4e,0x4e,0x4e,0x7b,0x7c,0x7d,0x01,0x7e,0x7e,0x62,0x76,
  0x76,0x78,0x78,0x78,0x7a,0x7a,0x7e,0x7e,0x7e,0x7e,0x7e,0x7f,0x7f,0x7f,0xf3,0xf4,0xf4,0xf4,0xf6,0xf6,0x00,0x00,0x7a,0x7a,
  0x66,0xcc,0xcc,0x6d,0x05,0x7c,0x00,0x08,0x08,0x05,0x65,0x07,0x08,0x08,0x00,0x7f,0x07,0x08,0x08,0x7e,0x7f,0x7f,0x79,0x79,
  0x7a,0x7a,0x7a,0x7a,0x7b,0x7b,0x7c,0x7c,0x7c,0x7c,0x7d,0x7d,0x7d,0x7e,0x7e,0x7e,0x7e,0x7e,0x7e,0x7e,0x7e,0x7e,0x7f,0x7f,
  0x7f,0x7f,0x7f,0x7f,0x7f,0x7f,0x66,0x66,0x67,0x79,0x79,0x79,0x79,0x79,0x7a,0x7a,0x7a,0x7a,0x7b,0x7b,0x7c,0x7c,0x7c,0x7c,
  0x7d,0x7d,0x7d,0x7d,0x7d,0x7d,0x7e,0x7e,0x7e,0x7e,0x7f,0x7f,0x7f,0x07,0x66,0x66,0x67,0x67,0x67,0x68,0x68,0x68,0x68,0x6a,
  0x6a,0x6a,0x6a,0x6a,0x6a,0x6c,0x6c,0x6c,0x6d,0x6d,0x6d,0x6e,0x05,0x05,0x05,0x05,0x05,0x06,0x06,0x06,0x07,0x07,0x79,0x79,
  0x79,0x7b,0x7b,0x7b,0x7c,0x7c,0x7c,0x7d,0x7d,0x7f,0x7f,0x7f,0x08,0x08,0x6a,0x6a,0x6a,0x6c,0x6c,0x6c,0x6d,0x6d,0x6d,0x6e,
  0x6e,0x7d,0x05,0x7e,0x7e,0x7e,0x7c,0x7c,0x7c,0x7d,0x7e,0x7e,0x7e,0x7f,0x6d,0x6e,0x6e,0x05,0x05,0x05,0x06,0x06,0x79,0x7a,
  0x7b,0x7c,0x7d,0x7e,0x7e,0x7e,0x65,0x66,0x79,0x7a,0x7a,0x7b,0xee,0xef,0x2f,0x02,0x02,0x02,0x02,0x02,0x02,0x02,0x02,0x02,
  0x02,0x7f,0x7f,0x7f,0x7f,0x7f,0x66,0x67,0x68,0x6a,0x6a,0xcd,0xcd,0xcd,0xcd,0xcd,0xce,0xcf,0xcf,0xf1,0xf3,0xf3,0x65,0x66,
  0x79,0x79,0x7a,0x7a,0x7b,0x7b,0x7b,0x7c,0x7c,0x7d,0x7d,0x7e,0x7e,0x7e,0x65,0x76,0x77,0x77,0x79,0x7a,0x7a,0x7a,0x7e,0x7e,
  0x7e,0x7e,0x7e,0x7f,0x7f,0x07,0xf3,0xf4,0xf4,0xf6,0xf6,0xf6,0x00,0x00,0x7a,0x7a,0x68,0xcc,0xcc,0x6e,0x05,0x7c,0x00,0x08,
  0x08,0x05,0x66,0x08,0x08,0x00,0x00,0x07,0x07,0x08,0x08,0x7f,0x7f,0x7f,0x7a,0x7a,0x7a,0x7b,0x7b,0x7b,0x7c,0x7c,0x7c,0x7c,
  0x7d,0x7d,0x7d,0x7d,0x7e,0x7e,0x7e,0x7e,0x7e,0x7e,0x7e,0x7e,0x7f,0x7f,0x7f,0x7f,0x7f,0x7f,0x7f,0x7f,0x7f,0x7f,0x67,0x68,
  0x68,0x79,0x79,0x7a,0x7a,0x7a,0x7a,0x7a,0x7b,0x7b,0x7c,0x7c,0x7c,0x7c,0x7c,0x7d,0x7d,0x7d,0x7d,0x7d,0x7e,0x7e,0x7e,0x7e,
  0x7e,0x7e,0x7f,0x7f,0x7f,0x07,0x67,0x68,0x68,0x68,0x68,0x68,0x6a,0x6a,0x6a,0x6a,0x6a,0x6a,0x6c,0x6c,0x6c,0x6c,0x6d,0x6d,
  0x6d,0x6e,0x6e,0x05,0x05,0x05,0x05,0x06,0x06,0x06,0x06,0x06,0x07,0x07,0x79,0x79,0x7b,0x7b,0x7b,0x7c,0x7c,0x7c,0x7d,0x7d,
  0x7d,0x7f,0x7f,0x7f,0x08,0x08,0x6a,0x6c,0x6c,0x6c,0x6d,0x6d,0x6d,0x6e,0x6e,0x6e,0x05,0x05,0x05,0x7e,0x7e,0x7e,0x7c,0x7c,
  0x7d,0x7d,0x7e,0x7e,0x7f,0x7f,0x6e,0x6e,0x05,0x05,0x05,0x06,0x06,0x06,0x79,0x7a,0x7b,0x7c,0x7d,0x7e,0x7e,0x7f,0x66,0x68,
  0x7a,0x7a,0x7b,0x7c,0x01,0x01,0x02,0x02,0x02,0x02,0x02,0x02,0x02,0x02,0x02,0x02,0x7f,0x7f,0x7f,0x7f,0x7f,0x7f,0x67,0x68,
  0x6a,0x6a,0x6c,0xcd,0xcd,0xcd,0xcd,0xce,0xcf,0xcf,0xf1,0xf1,0xf3,0xf4,0x66,0x67,0x79,0x7a,0x7a,0x7b,0x7b,0x7c,0x7c,0x7d,
  0x7d,0x7d,0x7e,0x7e,0x7e,0x7e,0x66,0x67,0x77,0x79,0x7a,0x7a,0x7a,0x7a,0x7e,0x7e,0x7e,0x7e,0x7f,0x7f,0x7f,0x08,0xf4,0xf4,
  0xf4,0xf6,0xf6,0xf6,0x00,0x00,0x7b,0x7a,0x68,0xcc,0x6c,0x6e,0x06,0x7d,0x00,0x08,0x08,0x06,0x68,0x08,0x08,0x00,0x00,0x07,
  0x08,0x08,0x00,0x7f,0x7f,0x7f,0x7a,0x7b,0x7b,0x7b,0x7b,0x7c,0x7c,0x7c,0x7d,0x7d,0x7d,0x7d,0x7e,0x7e,0x7e,0x7e,0x7e,0x7e,
  0x7e,0x7e,0x7e,0x7f,0x7f,0x7f,0x7f,0x7f,0x7f,0x7f,0x7f,0x7f,0x08,0x08,0x68,0x68,0x68,0x7a,0x7a,0x7a,0x7a,0x7b,0x7b,0x7b,
  0x7c,0x7c,0x7c,0x7c,0x7d,0x7d,0x7d,0x7d,0x7d,0x7d,0x7e,0x7e,0x7e,0x7e,0x7e,0x7e,0x7e,0x7f,0x7f,0x7f,0x07,0x08,0x68,0x68,
  0x68,0x6a,0x6a,0x6a,0x6a,0x6a,0x6a,0x6c,0x6c,0x6c,0x6c,0x6d,0x6d,0x6d,0x6d,0x6e,0x6e,0x05,0x05,0x05,0x05,0x05,0x06,0x06,
  0x06,0x06,0x06,0x07,0x07,0x07,0x7b,0x7b,0x7b,0x7b,0x7c,0x7c,0x7c,0x7d,0x7d,0x7d,0x7f,0x7f,0x7f,0x08,0x08,0x08,0x6c,0x6c,
  0x6d,0x6d,0x6d,0x6e,0x6e,0x6e,0x05,0x05,0x05,0x7e,0x7e,0x7e,0x06,0x7f,0x7c,0x7d,0x7d,0x7e,0x7e,0x7e,0x7f,0x7f,0x6e,0x05,
  0x05,0x05,0x06,0x06,0x06,0x7f,0x7a,0x7b,0x7c,0x7c,0x7d,0x7e,0x7e,0x7f,0x68,0x68,0x7a,0x7b,0x7c,0x7c,0x01,0x01,0x02,0x02,
  0x02,0x02,0x02,0x02,0x02,0x02,0x02,0x7f,0x7f,0x7f,0x7f,0x7f,0x7f,0x08,0x68,0x6a,0x6a,0x6c,0x6c,0xce,0xce,0xce,0xce,0xcf,
  0xcf,0xf1,0xf1,0xf3,0xf3,0xf4,0x68,0x68,0x7a,0x7a,0x7b,0x7c,0x7c,0x7d,0x7d,0x7d,0x7e,0x7e,0x7e,0x7e,0x7e,0x7e,0x68,0x68,
  0x79,0x79,0x7a,0x7a,0x7b,0x7b,0x7e,0x7e,0x7e,0x7f,0x7f,0x7f,0x07,0x08,0xf4,0xf4,0xf4,0xf6,0xf6,0xf6,0x00,0x00,0x7c,0x7b,
  0x6a,0xcc,0x6d,0x05,0x06,0x6e,0x00,0x08,0x08,0x06,0x68,0x08,0x08,0x00,0x00,0x07,0x08,0x08,0x00,0x7f,0x7f,0x07,0x7b,0x7b,
  0x7c,0x7c,0x7c,0x7c,0x7d,0x7d,0x7d,0x7d,0x7e,0x7e,0x7e,0x7e,0x7e,0x7e,0x7e,0x7e,0x7e,0x7f,0x7f,0x7f,0x7f,0x7f,0x7f,0x7f,
  0x7f,0x7f,0x7f,0x08,0x08,0x08,0x6a,0x6a,0x6a,0x6a,0x7b,0x7b,0x7b,0x7b,0x7c,0x7c,0x7c,0x7c,0x7d,0x7d,0x7d,0x7d,0x7d,0x7d,
  0x7d,0x7e,0x7e,0x7e,0x7e,0x7e,0x7e,0x7f,0x7f,0x7f,0x7f,0x07,0x07,0x08,0x6a,0x6a,0x6a,0x6a,0x6a,0x6a,0x6c,0x6c,0x6c,0x6c,
  0x6c,0x6d,0x6d,0x6d,0x6d,0x6e,0x6e,0x6e,0x05,0x05,0x05,0x05,0x05,0x06,0x06,0x06,0x06,0x06,0x07,0x07,0x07,0x07,0x7b,0x7b,
  0x7c,0x7c,0x7c,0x7c,0x7d,0x7d,0x7d,0x7d,0x7f,0x7f,0x7f,0x08,0x08,0x08,0x6d,0x6d,0x6d,0x6e,0x6e,0x6e,0x05,0x05,0x05,0x05,
  0x7e,0x7e,0x7e,0x06,0x7f,0x7f,0x7d,0x7d,0x7e,0x7e,0x7e,0x7f,0x7f,0x7f,0x05,0x05,0x05,0x06,0x06,0x06,0x7f,0x07,0x7b,0x7c,
  0x7c,0x7d,0x7e,0x7e,0x7e,0x7f,0x68,0x6a,0x7b,0x7c,0x7c,0x7d,0x7e,0x02,0x02,0x02,0x02,0x02,0x02,0x02,0x02,0x02,0x7f,0x7f,
  0x7f,0x7f,0x7f,0x7f,0x08,0x08,0x6a,0x6a,0x6c,0x6c,0x6d,0xcf,0xcf,0xcf,0xcf,0xcf,0xf1,0xf1,0xf3,0xf3,0xf4,0xf4,0x68,0x6a,
  0x6a,0x7b,0x7c,0x7c,0x7d,0x7d,0x7e,0x7e,0x7e,0x7e,0x7e,0x7e,0x7e,0x7e,0x68,0x6a,0x79,0x7a,0x7b,0x7b,0x7c,0x7c,0x7e,0x7e,
  0x7f,0x7f,0x7f,0x7f,0x07,0x08,0xf4,0xf4,0xf6,0xf6,0xf6,0xf6,0x00,0x00,0x7c,0x7b,0x6a,0x6d,0x6e,0x05,0x06,0x6e,0x00,0x08,
  0x00,0x06,0x6a,0x08,0x08,0x00,0x00,0x07,0x08,0x08,0x00,0x7f,0x07,0x07,0x6c,0x7c,0x6d,0x6d,0x7d,0x7d,0x7d,0x7e,0x7e,0x7e,
  0x7e,0x7e,0x7e,0x7e,0x7e,0x7e,0x7e,0x7f,0x7f,0x7f,0x7f,0x7f,0x7f,0x7f,0x7f,0x7f,0x7f,0x7f,0x08,0x08,0x08,0x08,0x6a,0x6c,
  0x6c,0x6c,0x6c,0x7c,0x7c,0x7c,0x7c,0x7d,0x7d,0x7d,0x7d,0x7d,0x7d,0x7e,0x7e,0x7e,0x7e,0x7e,0x7e,0x7e,0x7e,0x7e,0x7f,0x7f,
  0x7f,0x7f,0x07,0x07,0x08,0x08,0x6a,0x6a,0x6c,0x6c,0x6c,0x6c,0x6c,0x6d,0x6d,0x6d,0x6d,0x6d,0x6e,0x6e,0x6e,0x05,0x05,0x05,
  0x05,0x05,0x05,0x06,0x06,0x06,0x06,0x06,0x06,0x07,0x07,0x07,0x07,0x08,0x7c,0x7c,0x7c,0x7c,0x7d,0x7d,0x7d,0x7d,0x7f,0x7f,
  0x7f,0x7f,0x07,0x08,0x08,0x00,0x6e,0x6e,0x6e,0x6e,0x05,0x05,0x05,0x05,0x7e,0x7e,0x7e,0x06,0x06,0x7f,0x7f,0x7f,0x05,0x7e,
  0x7e,0x7e,0x7f,0x7f,0x7f,0x07,0x05,0x06,0x06,0x06,0x06,0x07,0x07,0x07,0x7b,0x7c,0x7c,0x7d,0x7e,0x7e,0x7f,0x7f,0x6a,0x6c,
  0x6c,0x7c,0x7d,0x7d,0x7e,0x02,0x02,0x02,0x02,0x02,0x02,0x02,0x7f,0x7f,0x7f,0x7f,0x7f,0x7f,0x7f,0x08,0x08,0x08,0x6a,0x6c,
  0x6c,0x6d,0x6e,0xcf,0xcf,0xcf,0xcf,0xf1,0xf1,0xf3,0xf3,0xf3,0xf4,0xf4,0x6a,0x6a,0x6c,0x7c,0x7c,0x7d,0x7d,0x7e,0x7e,0x7e,
  0x7e,0x7e,0x7e,0x7e,0x7e,0x7e,0x6a,0x6a,0x7a,0x7b,0x7c,0x7c,0x7c,0x7c,0x7e,0x7f,0x7f,0x7f,0x7f,0x07,0x08,0x08,0xf4,0xf6,
  0xf6,0xf6,0xf6,0x00,0x00,0x00,0x7d,0x7c,0x6c,0x6d,0x05,0x05,0x06,0x05,0x00,0x08,0x00,0x07,0x6c,0x08,0x08,0x00,0x00,0x08,
  0x08,0x08,0x00,0x07,0x07,0x08,0x6d,0x6e,0x6e,0x6e,0x6e,0x7d,0x7e,0x7e,0x7e,0x7e,0x7e,0x7e,0x7e,0x7e,0x7f,0x7f,0x7f,0x7f,
  0x7f,0x7f,0x7f,0x7f,0x7f,0x7f,0x7f,0x08,0x08,0x08,0x08,0x08,0x08,0x08,0x6c,0x6c,0x6d,0x6d,0x6d,0x6d,0x7d,0x7d,0x7d,0x7d,
  0x7d,0x7d,0x7d,0x7e,0x7e,0x7e,0x7e,0x7e,0x7e,0x7e,0x7e,0x7f,0x7f,0x7f,0x7f,0x7f,0x7f,0x07,0x07,0x08,0x08,0x08,0x6c,0x6c,
  0x6d,0x6d,0x6d,0x6d,0x6d,0x6e,0x6e,0x6e,0x6e,0x05,0x05,0x05,0x05,0x05,0x05,0x05,0x06,0x06,0x06,0x06,0x06,0x06,0x06,0x07,
  0x07,0x07,0x07,0x07,0x08,0x08,0x7c,0x7c,0x7d,0x7d,0x7d,0x7d,0x7d,0x7f,0x7f,0x7f,0x7f,0x7f,0x08,0x08,0x08,0x00,0x6e,0x05,
  0x05,0x05,0x05,0x05,0x7e,0x7e,0x06,0x06,0x06,0x7f,0x7f,0x7f,0x07,0x07,0x7e,0x7e,0x7e,0x7f,0x7f,0x7f,0x07,0x07,0x06,0x06,
  0x06,0x06,0x07,0x07,0x07,0x07,0x7c,0x7d,0x7d,0x7e,0x7e,0x7f,0x7f,0x7f,0x6c,0x6c,0x6d,0x7d,0x7e,0x7e,0x7e,0x02,0x02,0x02,
  0x02,0x7f,0x7f,0x7f,0x7f,0x7f,0x7f,0x7f,0x7f,0x7f,0x08,0x08,0x08,0x08,0x6c,0x6d,0x6d,0x6e,0x05,0xf1,0xf1,0xf1,0xf1,0xf1,
  0xf3,0xf3,0xf3,0xf4,0xf4,0xf6,0x6c,0x6c,0x6d,0x7c,0x7d,0x7d,0x7e,0x7e,0x7e,0x7e,0x7e,0x7e,0x7e,0x7e,0x7f,0x7f,0x6c,0x6c,
  0x7b,0x7b,0x7c,0x7c,0x7c,0x7c,0x7f,0x7f,0x7f,0x7f,0x07,0x07,0x08,0x08,0xf6,0xf6,0xf6,0xf6,0xf6,0x00,0x00,0x00,0x7e,0x7c,
  0x6d,0x6e,0x05,0x06,0x07,0x7e,0x00,0x08,0x00,0x07,0x6d,0x08,0x00,0x00,0x00,0x08,0x08,0x00,0x00,0x07,0x08,0x08,0x6e,0x05,
  0x05,0x05,0x05,0x7e,0x7e,0x7e,0x7e,0x7e,0x7e,0x7f,0x7f,0x7f,0x7f,0x7f,0x7f,0x7f,0x7f,0x7f,0x7f,0x7f,0x7f,0x08,0x08,0x08,
  0x08,0x08,0x08,0x08,0x08,0x00,0x6d,0x6e,0x6e,0x6e,0x6e,0x6e,0x7d,0x7d,0x7d,0x7d,0x7e,0x7e,0x7e,0x7e,0x7e,0x7e,0x7e,0x7e,
  0x7f,0x7f,0x7f,0x7f,0x7f,0x7f,0x7f,0x7f,0x07,0x07,0x08,0x08,0x08,0x08,0x6d,0x6e,0x6e,0x6e,0x6e,0x6e,0x05,0x05,0x05,0x05,
  0x05,0x05,0x05,0x05,0x05,0x06,0x06,0x06,0x06,0x06,0x06,0x06,0x07,0x07,0x07,0x07,0x07,0x07,0x07,0x08,0x08,0x08,0x7d,0x7d,
  0x7d,0x7d,0x7d,0x7f,0x7f,0x7f,0x7f,0x7f,0x07,0x08,0x08,0x08,0x00,0x00,0x05,0x05,0x05,0x06,0x06,0x06,0x06,0x06,0x06,0x7f,
  0x7f,0x7f,0x07,0x07,0x07,0x07,0x06,0x06,0x7f,0x7f,0x07,0x07,0x08,0x08,0x06,0x06,0x06,0x07,0x07,0x07,0x07,0x08,0x7c,0x7d,
  0x7e,0x7e,0x7f,0x7f,0x7f,0x7f,0x6d,0x6e,0x6e,0x05,0x7e,0x7e,0x7e,0x7f,0x7f,0x7f,0x7f,0x7f,0x7f,0x7f,0x7f,0x7f,0x7f,0x7f,
  0x08,0x08,0x08,0x08,0x08,0x00,0x6d,0x6e,0x6e,0x05,0x05,0xf3,0xf3,0xf3,0xf3,0xf3,0xf3,0xf4,0xf4,0xf4,0xf4,0xf6,0x6d,0x6d,
  0x6e,0x7d,0x7d,0x7e,0x7e,0x7e,0x7e,0x7e,0x7e,0x7f,0x7f,0x7f,0x7f,0x7f,0x6d,0x6d,0x6e,0x7c,0x7c,0x7c,0x7c,0x7c,0x7f,0x7f,
  0x7f,0x7f,0x07,0x08,0x08,0x08,0xf6,0xf6,0xf6,0xf6,0x00,0x00,0x00,0x00,0x7e,0x7d,0x6e,0x05,0x06,0x06,0x07,0x06,0x00,0x00,
  0x00,0x07,0x6e,0x00,0x00,0x00,0x00,0x08,0x08,0x00,0x00,0x08,0x08,0x08,0x05,0x05,0x7e,0x7e,0x7e,0x7e,0x7f,0x7f,0x7f,0x7f,
  0x7f,0x7f,0x7f,0x7f,0x7f,0x7f,0x7f,0x7f,0x07,0x08,0x08,0x08,0x08,0x08,0x08,0x08,0x08,0x08,0x08,0x00,0x00,0x00,0x05,0x05,
  0x05,0x05,0x05,0x05,0x7e,0x7e,0x7e,0x7e,0x7e,0x7e,0x7e,0x7f,0x7f,0x7f,0x7f,0x7f,0x7f,0x7f,0x7f,0x7f,0x7f,0x07,0x07,0x07,
  0x08,0x08,0x08,0x08,0x08,0x08,0x05,0x05,0x05,0x05,0x05,0x05,0x05,0x05,0x05,0x06,0x06,0x06,0x06,0x06,0x06,0x06,0x06,0x06,
  0x06,0x07,0x07,0x07,0x07,0x07,0x07,0x07,0x08,0x08,0x08,0x08,0x08,0x08,0x7d,0x7d,0x7f,0x7f,0x7f,0x7f,0x7f,0x7f,0x07,0x08,
  0x08,0x08,0x08,0x08,0x00,0x00,0x06,0x06,0x06,0x06,0x06,0x06,0x7f,0x07,0x07,0x07,0x07,0x07,0x07,0x07,0x08,0x08,0x7f,0x7f,
  0x07,0x07,0x07,0x08,0x08,0x08,0x07,0x07,0x07,0x07,0x07,0x08,0x08,0x08,0x7e,0x7e,0x7e,0x7f,0x7f,0x7f,0x7f,0x08,0x6e,0x05,
  0x05,0x7e,0x7e,0x7f,0x7f,0x7f,0x7f,0x7f,0x7f,0x7f,0x7f,0x7f,0x7f,0x7f,0x08,0x08,0x08,0x08,0x08,0x08,0x00,0x00,0x05,0x05,
  0x05,0x06,0x06,0xf3,0xf3,0xf3,0xf3,0xf4,0xf4,0xf4,0xf4,0xf6,0xf6,0xf6,0x6e,0x05,0x05,0x7e,0x7e,0x7e,0x7e,0x7f,0x7f,0x7f,
  0x7f,0x7f,0x7f,0x7f,0x7f,0x7f,0x6e,0x05,0x05,0x7e,0x7e,0x7e,0x7e,0x7e,0x7f,0x7f,0x7f,0x08,0x08,0x08,0x08,0x00,0xf6,0xf6,
  0xf6,0xf6,0x00,0x00,0x00,0x00,0x7e,0x7e,0x05,0x06,0x06,0x07,0x07,0x7f,0x00,0x00,0x00,0x08,0x05,0x00,0x00,0x00,0x00,0x08,
  0x00,0x00,0x00,0x08,0x08,0x08,0x06,0x06,0x06,0x7f,0x7f,0x7f,0x7f,0x7f,0x7f,0x7f,0x07,0x07,0x07,0x07,0x07,0x07,0x08,0x08,
  0x08,0x08,0x08,0x08,0x08,0x08,0x08,0x08,0x08,0x08,0x00,0x00,0x00,0x00,0x06,0x06,0x06,0x06,0x06,0x06,0x06,0x06,0x7f,0x7f,
  0x7f,0x7f,0x7f,0x7f,0x7f,0x7f,0x7f,0x7f,0x07,0x07,0x07,0x07,0x08,0x08,0x08,0x08,0x08,0x08,0x08,0x08,0x08,0x00,0x06,0x06,
  0x06,0x06,0x06,0x06,0x06,0x06,0x06,0x06,0x06,0x06,0x06,0x07,0x07,0x07,0x07,0x07,0x07,0x07,0x07,0x07,0x07,0x08,0x08,0x08,
  0x08,0x08,0x08,0x08,0x08,0x00,0x7f,0x7f,0x7f,0x7f,0x7f,0x07,0x07,0x08,0x08,0x08,0x08,0x08,0x08,0x00,0x00,0x00,0x06,0x06,
  0x07,0x07,0x07,0x07,0x07,0x07,0x07,0x07,0x07,0x08,0x08,0x08,0x08,0x08,0x07,0x07,0x07,0x08,0x08,0x08,0x08,0x08,0x07,0x07,
  0x07,0x08,0x08,0x08,0x08,0x08,0x7e,0x7f,0x7f,0x7f,0x7f,0x08,0x08,0x08,0x05,0x06,0x06,0x06,0x7f,0x7f,0x7f,0x7f,0x7f,0x7f,
  0x7f,0x08,0x08,0x08,0x08,0x08,0x08,0x08,0x08,0x08,0x00,0x00,0x00,0x00,0x06,0x06,0x06,0x06,0x06,0xf4,0xf4,0xf4,0xf4,0xf4,
  0xf4,0xf4,0xf6,0xf6,0xf6,0xf6,0x05,0x06,0x06,0x06,0x7f,0x7f,0x7f,0x7f,0x7f,0x7f,0x7f,0x7f,0x7f,0x7f,0x7f,0x08,0x05,0x06,
  0x06,0x7e,0x7e,0x7e,0x7e,0x0c,0x08,0x08,0x08,0x08,0x08,0x08,0x00,0x00,0xf6,0xf6,0xf6,0x00,0x00,0x00,0x00,0x00,0x7f,0x7f,
  0x06,0x06,0x07,0x07,0x08,0x07,0x00,0x00,0x00,0x08,0x06,0x00,0x00,0x00,0x00,0x00,0x00,0x00,0x00,0x08,0x00,0x00,0x07,0x07,
  0x07,0x07,0x07,0x07,0x07,0x07,0x07,0x08,0x08,0x08,0x08,0x08,0x08,0x08,0x08,0x08,0x08,0x08,0x08,0x08,0x00,0x00,0x00,0x00,
  0x00,0x00,0x00,0x00,0x00,0x00,0x06,0x07,0x07,0x07,0x07,0x07,0x07,0x07,0x07,0x07,0x07,0x07,0x07,0x07,0x08,0x08,0x08,0x08,
  0x08,0x08,0x08,0x08,0x08,0x08,0x08,0x08,0x08,0x08,0x00,0x00,0x00,0x00,0x06,0x07,0x07,0x07,0x07,0x07,0x07,0x07,0x07,0x07,
  0x07,0x07,0x07,0x07,0x07,0x07,0x08,0x08,0x08,0x08,0x08,0x08,0x08,0x08,0x08,0x08,0x08,0x08,0x00,0x00,0x00,0x00,0x07,0x07,
  0x08,0x08,0x08,0x08,0x08,0x08,0x08,0x08,0x08,0x00,0x00,0x00,0x00,0x00,0x07,0x07,0x07,0x08,0x08,0x08,0x08,0x08,0x08,0x08,
  0x08,0x08,0x08,0x08,0x08,0x08,0x08,0x08,0x08,0x08,0x08,0x08,0x08,0x00,0x08,0x08,0x08,0x08,0x08,0x08,0x08,0x00,0x7f,0x07,
  0x07,0x08,0x08,0x08,0x08,0x00,0x06,0x07,0x07,0x07,0x07,0x07,0x08,0x08,0x08,0x08,0x08,0x08,0x08,0x08,0x08,0x00,0x00,0x00,
  0x00,0x00,0x00,0x00,0x00,0x00,0x07,0x07,0x07,0x07,0x07,0xf6,0xf6,0xf6,0xf6,0xf6,0xf6,0xf6,0xf6,0xf6,0xf6,0x00,0x06,0x06,
  0x07,0x07,0x07,0x07,0x07,0x08,0x08,0x08,0x08,0x08,0x08,0x08,0x08,0x08,0x06,0x06,0x07,0x7f,0x7f,0x7f,0x0c,0x0c,0x08,0x08,
  0x08,0x00,0x08,0x00,0x00,0x00,0x00,0x00,0x00,0x00,0x00,0x00,0x00,0x00,0x07,0x7f,0x07,0x07,0x08,0x08,0x08,0x08,0x00,0x00,
  0x00,0x00,0x08,0x00,0x00,0x00,0x00,0x00,0x00,0x00,0x00,0x00,0x00,0x00,0x08,0x08,0x08,0x08,0x08,0x08,0x08,0x08,0x08,0x08,
  0x08,0x08,0x00,0x00,0x00,0x00,0x00,0x00,0x00,0x00,0x00,0x00,0x00,0x00,0x00,0x00,0x00,0x00,0x00,0x00,0x00,0x00,0x08,0x08,
  0x08,0x08,0x08,0x08,0x08,0x08,0x08,0x08,0x08,0x08,0x08,0x08,0x08,0x08,0x08,0x08,0x00,0x00,0x00,0x00,0x00,0x00,0x00,0x00,
  0x00,0x00,0x00,0x00,0x00,0x00,0x08,0x08,0x08,0x08,0x08,0x08,0x08,0x08,0x08,0x08,0x08,0x08,0x08,0x08,0x08,0x08,0x08,0x08,
  0x08,0x00,0x00,0x00,0x00,0x00,0x00,0x00,0x00,0x00,0x00,0x00,0x00,0x00,0x08,0x08,0x08,0x08,0x08,0x00,0x00,0x00,0x00,0x00,
  0x00,0x00,0x00,0x00,0x00,0x00,0x08,0x08,0x08,0x08,0x08,0x08,0x08,0x08,0x00,0x00,0x00,0x00,0x00,0x00,0x00,0x00,0x08,0x08,
  0x00,0x00,0x00,0x00,0x00,0x00,0x08,0x00,0x00,0x00,0x00,0x00,0x00,0x00,0x08,0x08,0x08,0x08,0x00,0x00,0x00,0x00,0x08,0x08,
  0x08,0x08,0x08,0x08,0x08,0x00,0x00,0x00,0x00,0x00,0x00,0x00,0x00,0x00,0x00,0x00,0x00,0x00,0x00,0x00,0x00,0x00,0x08,0x08,
  0x08,0x08,0x08,0xf6,0xf6,0xf6,0xf6,0xf6,0xf6,0xf6,0x00,0x00,0x00,0x00,0x08,0x08,0x08,0x08,0x08,0x08,0x08,0x08,0x08,0x00,
  0x00,0x00,0x00,0x00,0x00,0x00,0x08,0x08,0x08,0x08,0x08,0x08,0x08,0x08,0x00,0x00,0x00,0x00,0x00,0x00,0x00,0x00,0x00,0x00,
  0x00,0x00,0x00,0x00,0x00,0x00,0x08,0x08,0x08,0x08,0x08,0x00,0x00,0x08,0xc1,0xc1,0xc1,0xc2,0x00,0xc1,0xc1,0xc1,0xc1,0xc2,
  0xc2,0xc1,0xc1,0xc2,0xc2,0xc2,0x6c,0x6a,0x68,0x67,0x66,0x64,0x62,0x61,0x5f,0x5e,0x5d,0xc3,0xc3,0xc3,0xc2,0xc2,0xc2,0xc2,
  0xc2,0xc2,0xc2,0xc2,0xc2,0xc2,0xc2,0xc2,0xc2,0xc2,0xc2,0xc1,0xc1,0xc1,0x07,0x06,0x06,0x05,0x6e,0x6d,0x6c,0x6c,0x6a,0x68,
  0x68,0x66,0x65,0x62,0x61,0x61,0x5f,0x5e,0x5d,0x5d,0xc3,0xc3,0xc2,0xc2,0xc2,0xc2,0xc2,0xc2,0xc2,0xc2,0xc2,0xc2,0x07,0x06,
  0x05,0x05,0x6d,0x6c,0x6c,0x6a,0x68,0x68,0x66,0x65,0x64,0x62,0x61,0x60,0x5f,0x5e,0x5d,0xc3,0xc3,0xc3,0xc2,0xc2,0xc2,0xc2,
  0xc2,0xc2,0xc2,0xc2,0xc2,0xc2,0x6a,0x68,0x66,0x64,0x61,0x5f,0x5d,0xc3,0xc3,0xc2,0xc2,0xc2,0xc2,0xc2,0xc1,0xc1,0x66,0x65,
  0x62,0x61,0x60,0x5f,0x5e,0x5d,0xc3,0xc3,0xc3,0xc2,0xc2,0xc2,0xc2,0xc2,0x5f,0x5d,0xc3,0xc3,0xc2,0xc2,0xc2,0xc2,0x5d,0xc3,
  0xc3,0xc2,0xc2,0xc2,0xc2,0xc2,0x07,0x6c,0x68,0x62,0x5e,0xc3,0xc2,0xc2,0x00,0x06,0x6d,0x68,0x64,0x60,0x5d,0xc2,0xc2,0xc2,
  0xc2,0xc2,0xc2,0xc2,0xc2,0xc2,0xc2,0xc2,0xc2,0xc2,0xc2,0xc1,0xc1,0xc1,0x07,0x6d,0x68,0x64,0x5f,0xc3,0xc2,0xc2,0xc2,0xc2,
  0xc2,0xc1,0xc1,0xc1,0xc1,0xc1,0x00,0x07,0x05,0x6d,0x6a,0x68,0x65,0x62,0x60,0x5f,0x5e,0x5d,0xc3,0xc3,0xc2,0xc2,0x00,0x00,
  0x08,0x07,0x07,0x06,0x05,0x05,0xc2,0xc2,0xc2,0xc2,0xc2,0xc2,0xc2,0xc2,0xc1,0xc1,0xc1,0xc1,0xc1,0xc1,0xc1,0xc1,0x67,0x6e,
  0x68,0xc3,0xc2,0xc2,0xc2,0x5e,0x00,0x00,0x00,0x00,0x00,0x00,0x00,0x00,0x00,0x00,0x00,0x00,0x00,0x00,0x00,0x00,0x00,0x00,
  0x00,0x00,0x00,0x00,0x00,0x00,0x00,0x00,0x00,0x00,0x00,0x00,0x00,0x00,0x00,0x00,0x00,0x00,0x00,0x00,0x00,0x00,0x00,0x00,
  0x00,0x00,0x00,0x00,0x00,0x00,0x00,0x00,0x00,0x00,0x00,0x00,0x00,0x00,0x00,0x00,0x00,0x00,0x00,0x00,0x00,0x00,0x00,0x00,
  0x00,0x00,0x00,0x00,0x00,0x00,0x00,0x00,0x00,0x00,0x00,0x00,0x00,0x00,0x00,0x00,0x00,0x00,0x00,0x00,0x00,0x00,0x00,0x00,
  0x00,0x00,0x00,0x00,0x00,0x00,0x00,0x00,0x00,0x00,0x00,0x00,0x00,0x00,0x00,0x00,0x00,0x00,0x00,0x00,0x00,0x00,0x00,0x00,
  0x00,0x00,0x00,0x00,0x00,0x00,0x00,0x00,0x00,0x00,0x00,0x00,0x00,0x00,0x00,0x00,0x00,0x00,0x00,0x00,0x00,0x00,0x00,0x00,
  0x00,0x00,0x00,0x00,0x00,0x00,0x00,0x00,0x00,0x00,0x00,0x00,0x00,0x00,0x00,0x00,0x00,0x00,0x00,0x00,0x00,0x00,0x00,0x00,
  0x00,0x00,0x00,0x00,0x00,0x00,0x00,0x00,0x00,0x00,0x00,0x00,0x00,0x00,0x00,0x00,0x00,0x00,0x00,0x00,0x00,0x00,0x00,0x00,
  0x00,0x00,0x00,0x00,0x00,0x00,0x00,0x00,0x00,0x00,0x00,0x00,0x00,0x00,0x00,0x00,0x00,0x00,0x00,0x00,0x00,0x00,0x00,0x00,
  0x00,0x00,0x00,0x00,0x00,0x00,0x00,0x00,0x00,0x00,0x00,0x00,0x00,0x00,0x00,0x00,0x00,0x00,0x00,0x00,0x00,0x00,0x00,0x00,
  0x00,0x00,0x00,0x00,0x00,0x00,0x00,0x00,0x00,0x00,0x00,0x00,0x00,0x00,0x00,0x00,0x00,0x00,0x00,0x00,0x00,0x00,0x5b,0x53,
  0x54,0x52,0x49,0x4e,0x47,0x53,0x5d,0x0d,0x0a,0x48,0x55,0x53,0x54,0x52,0x5f,0x33,0x31,0x20,0x3d,0x20,0x6c,0x65,0x76,0x65,
  0x6c,0x20,0x33,0x31,0x3a,0x20,0x69,0x64,0x6b,0x66,0x61,0x0d,0x0a,0x48,0x55,0x53,0x54,0x52,0x5f,0x33,0x32,0x20,0x3d,0x20,
  0x6c,0x65,0x76,0x65,0x6c,0x20,0x33,0x32,0x3a,0x20,0x6b,0x65,0x65,0x6e,0x0d,0x0a,0x5b,0x53,0x54,0x52,0x49,0x4e,0x47,0x53,
  0x5d,0x0d,0x0a,0x48,0x55,0x53,0x54,0x52,0x5f,0x31,0x20,0x3d,0x20,0x6c,0x65,0x76,0x65,0x6c,0x20,0x31,0x3a,0x20,0x74,0x68,
  0x65,0x20,0x65,0x61,0x72,0x74,0x68,0x20,0x62,0x61,0x73,0x65,0x0d,0x0a,0x48,0x55,0x53,0x54,0x52,0x5f,0x32,0x20,0x3d,0x20,
  0x6c,0x65,0x76,0x65,0x6c,0x20,0x32,0x3a,0x20,0x74,0x68,0x65,0x20,0x70,0x61,0x69,0x6e,0x20,0x6c,0x61,0x62,0x73,0x0d,0x0a,
  0x48,0x55,0x53,0x54,0x52,0x5f,0x33,0x20,0x3d,0x20,0x6c,0x65,0x76,0x65,0x6c,0x20,0x33,0x3a,0x20,0x63,0x61,0x6e,0x79,0x6f,
  0x6e,0x20,0x6f,0x66,0x20,0x74,0x68,0x65,0x20,0x64,0x65,0x61,0x64,0x0d,0x0a,0x48,0x55,0x53,0x54,0x52,0x5f,0x34,0x20,0x3d,
  0x20,0x6c,0x65,0x76,0x65,0x6c,0x20,0x34,0x3a,0x20,0x68,0x65,0x6c,0x6c,0x20,0x6d,0x6f,0x75,0x6e,0x74,0x61,0x69,0x6e,0x0d,
  0x0a,0x48,0x55,0x53,0x54,0x52,0x5f,0x35,0x20,0x3d,0x20,0x6c,0x65,0x76,0x65,0x6c,0x20,0x35,0x3a,0x20,0x76,0x69,0x76,0x69,
  0x73,0x65,0x63,0x74,0x69,0x6f,0x6e,0x0d,0x0a,0x48,0x55,0x53,0x54,0x52,0x5f,0x36,0x20,0x3d,0x20,0x6c,0x65,0x76,0x65,0x6c,
  0x20,0x36,0x3a,0x20,0x69,0x6e,0x66,0x65,0x72,0x6e,0x6f,0x20,0x6f,0x66,0x20,0x62,0x6c,0x6f,0x6f,0x64,0x0d,0x0a,0x48,0x55,
  0x53,0x54,0x52,0x5f,0x37,0x20,0x3d,0x20,0x6c,0x65,0x76,0x65,0x6c,0x20,0x37,0x3a,0x20,0x62,0x61,0x72,0x6f,0x6e,0x27,0x73,
  0x20,0x62,0x61,0x6e,0x71,0x75,0x65,0x74,0x0d,0x0a,0x48,0x55,0x53,0x54,0x52,0x5f,0x38,0x20,0x3d,0x20,0x6c,0x65,0x76,0x65,
  0x6c,0x20,0x38,0x3a,0x20,0x74,0x6f,0x6d,0x62,0x20,0x6f,0x66,0x20,0x6d,0x61,0x6c,0x65,0x76,0x6f,0x6c,0x65,0x6e,0x63,0x65,
  0x0d,0x0a,0x48,0x55,0x53,0x54,0x52,0x5f,0x39,0x20,0x3d,0x20,0x6c,0x65,0x76,0x65,0x6c,0x20,0x39,0x3a,0x20,0x6d,0x61,0x72,
  0x63,0x68,0x20,0x6f,0x66,0x20,0x74,0x68,0x65,0x20,0x64,0x65,0x6d,0x6f,0x6e,0x73,0x0d,0x0a,0x43,0x36,0x54,0x45,0x58,0x54,
  0x20,0x3d,0x20,0x74,0x72,0x6f,0x75,0x62,0x6c,0x65,0x20,0x77,0x61,0x73,0x20,0x62,0x72,0x65,0x77,0x69,0x6e,0x67,0x20,0x61,
  0x67,0x61,0x69,0x6e,0x20,0x69,0x6e,0x20,0x79,0x6f,0x75,0x72,0x20,0x66,0x61,0x76,0x6f,0x72,0x69,0x74,0x65,0x5c,0x6e,0x76,
  0x61,0x63,0x61,0x74,0x69,0x6f,0x6e,0x20,0x73,0x70,0x6f,0x74,0x2e,0x2e,0x2e,0x20,0x68,0x65,0x6c,0x6c,0x2e,0x20,0x73,0x6f,
  0x6d,0x65,0x20,0x63,0x79,0x62,0x65,0x72,0x64,0x65,0x6d,0x6f,0x6e,0x5c,0x6e,0x70,0x75,0x6e,0x6b,0x20,0x74,0x68,0x6f,0x75,
  0x67,0x68,0x74,0x20,0x68,0x65,0x20,0x63,0x6f,0x75,0x6c,0x64,0x20,0x74,0x75,0x72,0x6e,0x20,0x68,0x65,0x6c,0x6c,0x20,0x69,
  0x6e,0x74,0x6f,0x20,0x61,0x5c,0x6e,0x70,0x65,0x72,0x73,0x6f,0x6e,0x61,0x6c,0x20,0x61,0x6d,0x75,0x73,0x65,0x6d,0x65,0x6e,
  0x74,0x20,0x70,0x61,0x72,0x6b,0x2c,0x20,0x61,0x6e,0x64,0x20,0x6d,0x61,0x6b,0x65,0x20,0x65,0x61,0x72,0x74,0x68,0x5c,0x6e,
  0x74,0x68,0x65,0x20,0x74,0x69,0x63,0x6b,0x65,0x74,0x20,0x62,0x6f,0x6f,0x74,0x68,0x2e,0x5c,0x6e,0x5c,0x6e,0x77,0x65,0x6c,
  0x6c,0x20,0x74,0x68,0x61,0x74,0x20,0x68,0x61,0x6c,0x66,0x2d,0x72,0x6f,0x62,0x6f,0x74,0x20,0x66,0x72,0x65,0x61,0x6b,0x20,
  0x73,0x68,0x6f,0x77,0x20,0x64,0x69,0x64,0x6e,0x27,0x74,0x5c,0x6e,0x6b,0x6e,0x6f,0x77,0x20,0x77,0x68,0x6f,0x20,0x77,0x61,
  0x73,0x20,0x63,0x6f,0x6d,0x69,0x6e,0x67,0x20,0x74,0x6f,0x20,0x74,0x68,0x65,0x20,0x66,0x61,0x69,0x72,0x2e,0x20,0x74,0x68,
  0x65,0x72,0x65,0x27,0x73,0x5c,0x6e,0x6e,0x6f,0x74,0x68,0x69,0x6e,0x67,0x20,0x6c,0x69,0x6b,0x65,0x20,0x61,0x20,0x73,0x68,
  0x6f,0x6f,0x74,0x69,0x6e,0x67,0x20,0x67,0x61,0x6c,0x6c,0x65,0x72,0x79,0x20,0x66,0x75,0x6c,0x6c,0x20,0x6f,0x66,0x5c,0x6e,
  0x68,0x65,0x6c,0x6c,0x73,0x70,0x61,0x77,0x6e,0x20,0x74,0x6f,0x20,0x67,0x65,0x74,0x20,0x74,0x68,0x65,0x20,0x62,0x6c,0x6f,
  0x6f,0x64,0x20,0x70,0x75,0x6d,0x70,0x69,0x6e,0x67,0x2e,0x2e,0x2e,0x5c,0x6e,0x5c,0x6e,0x6e,0x6f,0x77,0x20,0x74,0x68,0x65,
  0x20,0x77,0x61,0x6c,0x6c,0x73,0x20,0x6f,0x66,0x20,0x74,0x68,0x65,0x20,0x64,0x65,0x6d,0x6f,0x6e,0x27,0x73,0x20,0x6c,0x61,
  0x62,0x79,0x72,0x69,0x6e,0x74,0x68,0x5c,0x6e,0x65,0x63,0x68,0x6f,0x20,0x77,0x69,0x74,0x68,0x20,0x74,0x68,0x65,0x20,0x73,
  0x6f,0x75,0x6e,0x64,0x20,0x6f,0x66,0x20,0x68,0x69,0x73,0x20,0x6d,0x65,0x74,0x61,0x6c,0x6c,0x69,0x63,0x20,0x6c,0x69,0x6d,
  0x62,0x73,0x5c,0x6e,0x68,0x69,0x74,0x74,0x69,0x6e,0x67,0x20,0x74,0x68,0x65,0x20,0x66,0x6c,0x6f,0x6f,0x72,0x2e,0x20,0x68,
  0x69,0x73,0x20,0x64,0x65,0x61,0x74,0x68,0x20,0x6d,0x6f,0x61,0x6e,0x20,0x67,0x75,0x72,0x67,0x6c,0x65,0x73,0x5c,0x6e,0x6f,
  0x75,0x74,0x20,0x74,0x68,0x72,0x6f,0x75,0x67,0x68,0x20,0x74,0x68,0x65,0x20,0x6d,0x65,0x73,0x73,0x20,0x79,0x6f,0x75,0x20,
  0x6c,0x65,0x66,0x74,0x20,0x6f,0x66,0x20,0x68,0x69,0x73,0x20,0x66,0x61,0x63,0x65,0x2e,0x5c,0x6e,0x5c,0x6e,0x74,0x68,0x69,
  0x73,0x20,0x72,0x69,0x64,0x65,0x20,0x69,0x73,0x20,0x63,0x6c,0x6f,0x73,0x65,0x64,0x2e,0x0d,0x0a,0x0d,0x0a,0x5b,0x50,0x41,
  0x52,0x53,0x5d,0x0d,0x0a,0x70,0x61,0x72,0x20,0x31,0x20,0x37,0x35,0x0d,0x0a,0x70,0x61,0x72,0x20,0x32,0x20,0x31,0x30,0x35,
  0x0d,0x0a,0x70,0x61,0x72,0x20,0x33,0x20,0x31,0x32,0x30,0x0d,0x0a,0x70,0x61,0x72,0x20,0x34,0x20,0x31,0x30,0x35,0x0d,0x0a,
  0x70,0x61,0x72,0x20,0x35,0x20,0x32,0x31,0x30,0x0d,0x0a,0x70,0x61,0x72,0x20,0x36,0x20,0x31,0x30,0x35,0x0d,0x0a,0x70,0x61,
  0x72,0x20,0x37,0x20,0x31,0x36,0x35,0x0d,0x0a,0x70,0x61,0x72,0x20,0x38,0x20,0x31,0x30,0x35,0x0d,0x0a,0x70,0x61,0x72,0x20,
  0x39,0x20,0x31,0x33,0x35,0x0d,0x0a,0x0d,0x0a,0x5b,0x4d,0x55,0x53,0x49,0x43,0x5d,0x0d,0x0a,0x72,0x75,0x6e,0x6e,0x69,0x6e,
  0x20,0x3d,0x20,0x6d,0x65,0x73,0x73,0x61,0x67,0x0d,0x0a,0x73,0x74,0x61,0x6c,0x6b,0x73,0x20,0x3d,0x20,0x64,0x64,0x74,0x62,
  0x6c,0x75,0x0d,0x0a,0x63,0x6f,0x75,0x6e,0x74,0x64,0x20,0x3d,0x20,0x64,0x6f,0x6f,0x6d,0x0d,0x0a,0x62,0x65,0x74,0x77,0x65,
  0x65,0x20,0x3d,0x20,0x73,0x68,0x61,0x77,0x6e,0x0d,0x0a,0x64,0x6f,0x6f,0x6d,0x20,0x3d,0x20,0x69,0x6e,0x5f,0x63,0x69,0x74,
  0x0d,0x0a,0x23,0x74,0x68,0x65,0x5f,0x64,0x61,0x20,0x3d,0x20,0x74,0x68,0x65,0x5f,0x64,0x61,0x0d,0x0a,0x73,0x68,0x61,0x77,
  0x6e,0x20,0x3d,0x20,0x69,0x6e,0x5f,0x63,0x69,0x74,0x0d,0x0a,0x64,0x64,0x74,0x62,0x6c,0x75,0x20,0x3d,0x20,0x73,0x68,0x61,
  0x77,0x6e,0x32,0x0d,0x0a,0x69,0x6e,0x5f,0x63,0x69,0x74,0x20,0x3d,0x20,0x64,0x64,0x74,0x62,0x6c,0x32,0x0d,0x0a,0x75,0x6e,
  0x69,0x66,0x6f,0x72,0x6d,0x20,0x73,0x61,0x6d,0x70,0x6c,0x65,0x72,0x32,0x44,0x20,0x74,0x65,0x78,0x3b,0x0d,0x0a,0x75,0x6e,
  0x69,0x66,0x6f,0x72,0x6d,0x20,0x66,0x6c,0x6f,0x61,0x74,0x20,0x6c,0x69,0x67,0x68,0x74,0x6c,0x65,0x76,0x65,0x6c,0x3b,0x0d,
  0x0a,0x0d,0x0a,0x23,0x64,0x65,0x66,0x69,0x6e,0x65,0x20,0x44,0x4f,0x4f,0x4d,0x4c,0x49,0x47,0x48,0x54,0x46,0x41,0x43,0x54,
  0x4f,0x52,0x20,0x32,0x33,0x32,0x2e,0x30,0x0d,0x0a,0x0d,0x0a,0x76,0x6f,0x69,0x64,0x20,0x6d,0x61,0x69,0x6e,0x28,0x29,0x0d,
  0x0a,0x7b,0x0d,0x0a,0x20,0x20,0x76,0x65,0x63,0x34,0x20,0x63,0x6f,0x6c,0x6f,0x72,0x20,0x3d,0x20,0x67,0x6c,0x5f,0x43,0x6f,
  0x6c,0x6f,0x72,0x3b,0x0d,0x0a,0x0d,0x0a,0x20,0x20,0x2f,0x2f,0x20,0x44,0x6f,0x6f,0x6d,0x20,0x6c,0x69,0x67,0x68,0x74,0x69,
  0x6e,0x67,0x20,0x65,0x71,0x75,0x61,0x74,0x69,0x6f,0x6e,0x20,0x72,0x69,0x70,0x70,0x65,0x64,0x20,0x66,0x72,0x6f,0x6d,0x20,
  0x45,0x44,0x47,0x45,0x2e,0x0d,0x0a,0x20,0x20,0x66,0x6c,0x6f,0x61,0x74,0x20,0x4c,0x20,0x3d,0x20,0x36,0x33,0x2e,0x30,0x20,
  0x2a,0x20,0x6c,0x69,0x67,0x68,0x74,0x6c,0x65,0x76,0x65,0x6c,0x3b,0x0d,0x0a,0x20,0x20,0x66,0x6c,0x6f,0x61,0x74,0x20,0x6d,
  0x69,0x6e,0x5f,0x4c,0x20,0x3d,0x20,0x63,0x6c,0x61,0x6d,0x70,0x28,0x33,0x36,0x2e,0x30,0x20,0x2d,0x20,0x4c,0x2c,0x20,0x30,
  0x2e,0x30,0x2c,0x20,0x33,0x31,0x2e,0x30,0x29,0x3b,0x0d,0x0a,0x20,0x20,0x66,0x6c,0x6f,0x61,0x74,0x20,0x64,0x69,0x73,0x74,
  0x20,0x3d,0x20,0x6d,0x61,0x78,0x28,0x30,0x2e,0x30,0x2c,0x20,0x67,0x6c,0x5f,0x46,0x72,0x61,0x67,0x43,0x6f,0x6f,0x72,0x64,
  0x2e,0x7a,0x29,0x3b,0x0d,0x0a,0x20,0x20,0x66,0x6c,0x6f,0x61,0x74,0x20,0x69,0x6e,0x64,0x65,0x78,0x20,0x3d,0x20,0x35,0x39,
  0x2e,0x30,0x20,0x2b,0x20,0x44,0x4f,0x4f,0x4d,0x4c,0x49,0x47,0x48,0x54,0x46,0x41,0x43,0x54,0x4f,0x52,0x20,0x2d,0x20,0x4c,
  0x20,0x2d,0x20,0x44,0x4f,0x4f,0x4d,0x4c,0x49,0x47,0x48,0x54,0x46,0x41,0x43,0x54,0x4f,0x52,0x20,0x2f,0x20,0x64,0x69,0x73,
  0x74,0x3b,0x0d,0x0a,0x20,0x20,0x63,0x6f,0x6c,0x6f,0x72,0x2e,0x72,0x67,0x62,0x20,0x2a,0x3d,0x20,0x28,0x31,0x2e,0x30,0x20,
  0x2d,0x20,0x63,0x6c,0x61,0x6d,0x70,0x28,0x69,0x6e,0x64,0x65,0x78,0x2c,0x20,0x6d,0x69,0x6e,0x5f,0x4c,0x2c,0x20,0x33,0x31,
  0x2e,0x30,0x29,0x20,0x2f,0x20,0x33,0x31,0x2e,0x30,0x29,0x3b,0x0d,0x0a,0x0d,0x0a,0x20,0x20,0x67,0x6c,0x5f,0x46,0x72,0x61,
  0x67,0x43,0x6f,0x6c,0x6f,0x72,0x20,0x3d,0x20,0x63,0x6f,0x6c,0x6f,0x72,0x20,0x2a,0x20,0x74,0x65,0x78,0x74,0x75,0x72,0x65,
  0x32,0x44,0x28,0x74,0x65,0x78,0x2c,0x20,0x67,0x6c,0x5f,0x54,0x65,0x78,0x43,0x6f,0x6f,0x72,0x64,0x5b,0x30,0x5d,0x2e,0x73,
  0x74,0x29,0x3b,0x0d,0x0a,0x7d,0x0d,0x0a,0x76,0x6f,0x69,0x64,0x20,0x6d,0x61,0x69,0x6e,0x28,0x29,0x0d,0x0a,0x7b,0x0d,0x0a,
  0x20,0x20,0x67,0x6c,0x5f,0x46,0x72,0x6f,0x6e,0x74,0x43,0x6f,0x6c,0x6f,0x72,0x20,0x3d,0x20,0x67,0x6c,0x5f,0x43,0x6f,0x6c,
  0x6f,0x72,0x3b,0x0d,0x0a,0x20,0x20,0x67,0x6c,0x5f,0x54,0x65,0x78,0x43,0x6f,0x6f,0x72,0x64,0x5b,0x30,0x5d,0x20,0x3d,0x20,
  0x67,0x6c,0x5f,0x54,0x65,0x78,0x74,0x75,0x72,0x65,0x4d,0x61,0x74,0x72,0x69,0x78,0x5b,0x30,0x5d,0x20,0x2a,0x20,0x67,0x6c,
  0x5f,0x4d,0x75,0x6c,0x74,0x69,0x54,0x65,0x78,0x43,0x6f,0x6f,0x72,0x64,0x30,0x3b,0x0d,0x0a,0x20,0x20,0x67,0x6c,0x5f,0x50,
  0x6f,0x73,0x69,0x74,0x69,0x6f,0x6e,0x20,0x3d,0x20,0x66,0x74,0x72,0x61,0x6e,0x73,0x66,0x6f,0x72,0x6d,0x28,0x29,0x3b,0x0d,
  0x0a,0x7d,0x0d,0x0a,0x68,0x75,0x64,0x20,0x30,0x0d,0x0a,0x0d,0x0a,0x68,0x75,0x64,0x20,0x31,0x0d,0x0a,0x74,0x72,0x61,0x63,
  0x65,0x72,0x73,0x20,0x32,0x20,0x31,0x35,0x31,0x0d,0x0a,0x68,0x75,0x64,0x61,0x64,0x64,0x20,0x32,0x20,0x31,0x35,0x39,0x0d,
  0x0a,0x77,0x65,0x61,0x70,0x6f,0x6e,0x20,0x32,0x20,0x31,0x36,0x37,0x0d,0x0a,0x61,0x6d,0x6d,0x6f,0x20,0x32,0x20,0x31,0x37,
  0x35,0x0d,0x0a,0x68,0x65,0x61,0x6c,0x74,0x68,0x20,0x32,0x20,0x31,0x38,0x33,0x0d,0x0a,0x61,0x72,0x6d,0x6f,0x72,0x20,0x32,
  0x20,0x31,0x39,0x31,0x0d,0x0a,0x0d,0x0a,0x68,0x75,0x64,0x20,0x32,0x0d,0x0a,0x74,0x72,0x61,0x63,0x65,0x72,0x73,0x20,0x32,
  0x20,0x31,0x33,0x35,0x0d,0x0a,0x68,0x75,0x64,0x61,0x64,0x64,0x20,0x32,0x20,0x31,0x34,0x33,0x0d,0x0a,0x6d,0x6f,0x6e,0x73,
  0x65,0x63,0x20,0x32,0x20,0x31,0x35,0x31,0x0d,0x0a,0x6b,0x65,0x79,0x73,0x20,0x32,0x20,0x31,0x35,0x39,0x0d,0x0a,0x77,0x65,
  0x61,0x70,0x6f,0x6e,0x20,0x32,0x20,0x31,0x36,0x37,0x0d,0x0a,0x61,0x6d,0x6d,0x6f,0x20,0x32,0x20,0x31,0x37,0x35,0x0d,0x0a,
  0x68,0x65,0x61,0x6c,0x74,0x68,0x20,0x32,0x20,0x31,0x38,0x33,0x0d,0x0a,0x61,0x72,0x6d,0x6f,0x72,0x20,0x32,0x20,0x31,0x39,
  0x31,0x0d,0x0a,0x0d,0x0a,0x68,0x75,0x64,0x20,0x33,0x0d,0x0a,0x74,0x72,0x61,0x63,0x65,0x72,0x73,0x20,0x32,0x20,0x31,0x38,
  0x34,0x0d,0x0a,0x68,0x75,0x64,0x61,0x64,0x64,0x20,0x32,0x20,0x31,0x39,0x32,0x0d,0x0a,0x77,0x65,0x61,0x70,0x6f,0x6e,0x20,
  0x32,0x30,0x38,0x20,0x31,0x38,0x33,0x0d,0x0a,0x61,0x6d,0x6d,0x6f,0x20,0x32,0x30,0x38,0x20,0x31,0x39,0x31,0x0d,0x0a,0x68,
  0x65,0x61,0x6c,0x74,0x68,0x20,0x32,0x32,0x34,0x20,0x32,0x0d,0x0a,0x61,0x72,0x6d,0x6f,0x72,0x20,0x32,0x32,0x34,0x20,0x31,
  0x30,0x0d,0x0a,0x0d,0x0a,0x68,0x75,0x64,0x20,0x34,0x0d,0x0a,0x74,0x72,0x61,0x63,0x65,0x72,0x73,0x20,0x32,0x20,0x31,0x36,
  0x37,0x0d,0x0a,0x68,0x75,0x64,0x61,0x64,0x64,0x20,0x32,0x20,0x31,0x37,0x35,0x0d,0x0a,0x6d,0x6f,0x6e,0x73,0x65,0x63,0x20,
  0x32,0x20,0x31,0x38,0x33,0x0d,0x0a,0x6b,0x65,0x79,0x73,0x20,0x32,0x20,0x31,0x39,0x31,0x0d,0x0a,0x77,0x65,0x61,0x70,0x6f,
  0x6e,0x20,0x32,0x30,0x38,0x20,0x31,0x38,0x33,0x0d,0x0a,0x61,0x6d,0x6d,0x6f,0x20,0x32,0x30,0x38,0x20,0x31,0x39,0x31,0x0d,
  0x0a,0x68,0x65,0x61,0x6c,0x74,0x68,0x20,0x32,0x32,0x34,0x20,0x32,0x0d,0x0a,0x61,0x72,0x6d,0x6f,0x72,0x20,0x32,0x32,0x34,
  0x20,0x31,0x30,0x0d,0x0a,0x0d,0x0a,0x68,0x75,0x64,0x20,0x35,0x0d,0x0a,0x74,0x72,0x61,0x63,0x65,0x72,0x73,0x20,0x32,0x20,
  0x31,0x36,0x37,0x0d,0x0a,0x6d,0x65,0x64,0x69,0x63,0x74,0x5f,0x69,0x63,0x6f,0x6e,0x5f,0x62,0x69,0x67,0x20,0x34,0x20,0x2d,
  0x31,0x39,0x38,0x0d,0x0a,0x68,0x65,0x61,0x6c,0x74,0x68,0x5f,0x62,0x69,0x67,0x20,0x33,0x38,0x20,0x2d,0x31,0x39,0x38,0x0d,
  0x0a,0x61,0x72,0x6d,0x6f,0x72,0x5f,0x69,0x63,0x6f,0x6e,0x5f,0x62,0x69,0x67,0x20,0x2d,0x33,0x31,0x36,0x20,0x2d,0x31,0x39,
  0x38,0x0d,0x0a,0x61,0x72,0x6d,0x6f,0x72,0x5f,0x62,0x69,0x67,0x20,0x2d,0x32,0x38,0x33,0x20,0x2d,0x31,0x39,0x38,0x0d,0x0a,
  0x67,0x6b,0x65,0x79,0x73,0x20,0x2d,0x33,0x31,0x36,0x20,0x34,0x0d,0x0a,0x0d,0x0a,0x68,0x75,0x64,0x20,0x36,0x0d,0x0a,0x74,
  0x72,0x61,0x63,0x65,0x72,0x73,0x20,0x32,0x20,0x31,0x36,0x37,0x0d,0x0a,0x6d,0x65,0x64,0x69,0x63,0x74,0x5f,0x69,0x63,0x6f,
  0x6e,0x5f,0x62,0x69,0x67,0x20,0x34,0x20,0x2d,0x31,0x39,0x38,0x0d,0x0a,0x68,0x65,0x61,0x6c,0x74,0x68,0x5f,0x62,0x69,0x67,
  0x20,0x33,0x38,0x20,0x2d,0x31,0x39,0x38,0x0d,0x0a,0x61,0x6d,0x6d,0x6f,0x5f,0x69,0x63,0x6f,0x6e,0x20,0x2d,0x31,0x30,0x30,
  0x20,0x2d,0x31,0x39,0x38,0x0d,0x0a,0x61,0x6d,0x6d,0x6f,0x5f,0x62,0x69,0x67,0x20,0x31,0x30,0x35,0x20,0x2d,0x31,0x39,0x38,
  0x0d,0x0a,0x61,0x72,0x6d,0x6f,0x72,0x5f,0x69,0x63,0x6f,0x6e,0x5f,0x62,0x69,0x67,0x20,0x2d,0x33,0x31,0x36,0x20,0x2d,0x31,
  0x39,0x38,0x0d,0x0a,0x61,0x72,0x6d,0x6f,0x72,0x5f,0x62,0x69,0x67,0x20,0x2d,0x32,0x38,0x33,0x20,0x2d,0x31,0x39,0x38,0x0d,
  0x0a,0x67,0x6b,0x65,0x79,0x73,0x20,0x2d,0x33,0x31,0x36,0x20,0x34,0x0d,0x0a,0x0d,0x0a,0x68,0x75,0x64,0x20,0x37,0x0d,0x0a,
  0x74,0x72,0x61,0x63,0x65,0x72,0x73,0x20,0x32,0x20,0x31,0x36,0x37,0x0d,0x0a,0x6d,0x65,0x64,0x69,0x63,0x74,0x5f,0x69,0x63,
  0x6f,0x6e,0x5f,0x62,0x69,0x67,0x20,0x34,0x20,0x2d,0x31,0x39,0x38,0x0d,0x0a,0x68,0x65,0x61,0x6c,0x74,0x68,0x5f,0x62,0x69,
  0x67,0x20,0x33,0x38,0x20,0x2d,0x31,0x39,0x38,0x0d,0x0a,0x61,0x6d,0x6d,0x6f,0x5f,0x69,0x63,0x6f,0x6e,0x20,0x2d,0x31,0x30,
  0x30,0x20,0x2d,0x31,0x39,0x38,0x0d,0x0a,0x61,0x6d,0x6d,0x6f,0x5f,0x62,0x69,0x67,0x20,0x31,0x30,0x35,0x20,0x2d,0x31,0x39,
  0x38,0x0d,0x0a,0x61,0x72,0x6d,0x6f,0x72,0x5f,0x69,0x63,0x6f,0x6e,0x5f,0x62,0x69,0x67,0x20,0x2d,0x33,0x31,0x36,0x20,0x2d,
  0x31,0x39,0x38,0x0d,0x0a,0x61,0x72,0x6d,0x6f,0x72,0x5f,0x62,0x69,0x67,0x20,0x2d,0x32,0x38,0x33,0x20,0x2d,0x31,0x39,0x38,
  0x0d,0x0a,0x77,0x65,0x61,0x70,0x6f,0x6e,0x20,0x2d,0x33,0x31,0x36,0x20,0x32,0x0d,0x0a,0x67,0x6b,0x65,0x79,0x73,0x20,0x2d,
  0x33,0x31,0x36,0x20,0x31,0x31,0x0d,0x0a,0x0d,0x0a,0x68,0x75,0x64,0x20,0x38,0x0d,0x0a,0x74,0x72,0x61,0x63,0x65,0x72,0x73,
  0x20,0x32,0x20,0x31,0x34,0x37,0x0d,0x0a,0x6d,0x65,0x64,0x69,0x63,0x74,0x5f,0x69,0x63,0x6f,0x6e,0x5f,0x62,0x69,0x67,0x20,
  0x34,0x20,0x2d,0x31,0x37,0x38,0x0d,0x0a,0x68,0x65,0x61,0x6c,0x74,0x68,0x5f,0x62,0x69,0x67,0x20,0x33,0x38,0x20,0x2d,0x31,
  0x37,0x38,0x0d,0x0a,0x61,0x72,0x6d,0x6f,0x72,0x5f,0x69,0x63,0x6f,0x6e,0x5f,0x62,0x69,0x67,0x20,0x34,0x20,0x2d,0x31,0x39,
  0x38,0x0d,0x0a,0x61,0x72,0x6d,0x6f,0x72,0x5f,0x62,0x69,0x67,0x20,0x33,0x38,0x20,0x2d,0x31,0x39,0x38,0x0d,0x0a,0x61,0x6d,
  0x6d,0x6f,0x5f,0x69,0x63,0x6f,0x6e,0x20,0x2d,0x33,0x31,0x36,0x20,0x2d,0x31,0x39,0x38,0x0d,0x0a,0x61,0x6d,0x6d,0x6f,0x5f,
  0x62,0x69,0x67,0x20,0x2d,0x32,0x39,0x36,0x20,0x2d,0x31,0x39,0x38,0x0d,0x0a,0x67,0x6b,0x65,0x79,0x73,0x20,0x2d,0x33,0x31,
  0x36,0x20,0x34,0x0d,0x0a,0x0d,0x0a,0x68,0x75,0x64,0x20,0x39,0x0d,0x0a,0x74,0x72,0x61,0x63,0x65,0x72,0x73,0x20,0x32,0x20,
  0x31,0x35,0x31,0x0d,0x0a,0x68,0x75,0x64,0x61,0x64,0x64,0x20,0x32,0x20,0x31,0x35,0x39,0x0d,0x0a,0x6d,0x6f,0x6e,0x73,0x65,
  0x63,0x20,0x32,0x20,0x31,0x36,0x37,0x0d,0x0a,0x6b,0x65,0x79,0x73,0x20,0x32,0x20,0x31,0x37,0x35,0x0d,0x0a,0x77,0x65,0x61,
  0x70,0x6f,0x6e,0x20,0x32,0x20,0x31,0x38,0x33,0x0d,0x0a,0x61,0x6d,0x6d,0x6f,0x20,0x32,0x20,0x31,0x39,0x31,0x0d,0x0a,0x6d,
  0x65,0x64,0x69,0x63,0x74,0x5f,0x69,0x63,0x6f,0x6e,0x5f,0x62,0x69,0x67,0x20,0x32,0x34,0x32,0x20,0x2d,0x31,0x37,0x38,0x0d,
  0x0a,0x68,0x65,0x61,0x6c,0x74,0x68,0x5f,0x62,0x69,0x67,0x20,0x2d,0x33,0x31,0x36,0x20,0x2d,0x31,0x37,0x38,0x0d,0x0a,0x61,
  0x72,0x6d,0x6f,0x72,0x5f,0x69,0x63,0x6f,0x6e,0x5f,0x62,0x69,0x67,0x20,0x32,0x34,0x30,0x20,0x2d,0x31,0x39,0x38,0x0d,0x0a,
  0x61,0x72,0x6d,0x6f,0x72,0x5f,0x62,0x69,0x67,0x20,0x2d,0x33,0x31,0x36,0x20,0x2d,0x31,0x39,0x38,0x0d,0x0a,0x0d,0x0a,0x68,
  0x75,0x64,0x20,0x31,0x30,0x0d,0x0a,0x74,0x72,0x61,0x63,0x65,0x72,0x73,0x20,0x32,0x20,0x31,0x35,0x31,0x0d,0x0a,0x68,0x75,
  0x64,0x61,0x64,0x64,0x20,0x32,0x20,0x31,0x35,0x39,0x0d,0x0a,0x6d,0x6f,0x6e,0x73,0x65,0x63,0x20,0x32,0x20,0x31,0x36,0x37,
  0x0d,0x0a,0x6b,0x65,0x79,0x73,0x20,0x32,0x20,0x31,0x37,0x35,0x0d,0x0a,0x77,0x65,0x61,0x70,0x6f,0x6e,0x20,0x32,0x20,0x31,
  0x38,0x33,0x0d,0x0a,0x61,0x6d,0x6d,0x6f,0x20,0x32,0x20,0x31,0x39,0x31,0x0d,0x0a,0x61,0x72,0x6d,0x6f,0x72,0x5f,0x69,0x63,
  0x6f,0x6e,0x5f,0x73,0x6d,0x61,0x6c,0x6c,0x20,0x32,0x34,0x30,0x20,0x2d,0x31,0x37,0x37,0x0d,0x0a,0x61,0x72,0x6d,0x6f,0x72,
  0x5f,0x62,0x69,0x67,0x20,0x2d,0x33,0x30,0x32,0x20,0x2d,0x31,0x37,0x38,0x0d,0x0a,0x61,0x72,0x6d,0x6f,0x72,0x5f,0x70,0x65,
  0x72,0x63,0x65,0x6e,0x74,0x20,0x2d,0x33,0x31,0x38,0x20,0x2d,0x31,0x37,0x38,0x0d,0x0a,0x6d,0x65,0x64,0x69,0x63,0x74,0x5f,
  0x69,0x63,0x6f,0x6e,0x5f,0x73,0x6d,0x61,0x6c,0x6c,0x20,0x32,0x34,0x31,0x20,0x2d,0x31,0x39,0x37,0x0d,0x0a,0x68,0x65,0x61,
  0x6c,0x74,0x68,0x5f,0x62,0x69,0x67,0x20,0x2d,0x33,0x30,0x32,0x20,0x2d,0x31,0x39,0x38,0x0d,0x0a,0x6d,0x65,0x64,0x69,0x63,
  0x74,0x5f,0x70,0x65,0x72,0x63,0x65,0x6e,0x74,0x20,0x2d,0x33,0x31,0x38,0x20,0x2d,0x31,0x39,0x38,0x0d,0x0a,0x0d,0x0a,0x68,
  0x75,0x64,0x20,0x31,0x31,0x0d,0x0a,0x74,0x72,0x61,0x63,0x65,0x72,0x73,0x20,0x32,0x20,0x31,0x35,0x31,0x0d,0x0a,0x68,0x75,
  0x64,0x61,0x64,0x64,0x20,0x32,0x20,0x31,0x35,0x39,0x0d,0x0a,0x6d,0x6f,0x6e,0x73,0x65,0x63,0x20,0x32,0x20,0x31,0x36,0x37,
  0x0d,0x0a,0x6b,0x65,0x79,0x73,0x20,0x32,0x20,0x31,0x37,0x35,0x0d,0x0a,0x77,0x65,0x61,0x70,0x6f,0x6e,0x20,0x32,0x20,0x31,
  0x38,0x33,0x0d,0x0a,0x61,0x6d,0x6d,0x6f,0x20,0x32,0x20,0x31,0x39,0x31,0x0d,0x0a,0x6d,0x65,0x64,0x69,0x63,0x74,0x5f,0x69,
  0x63,0x6f,0x6e,0x5f,0x73,0x6d,0x61,0x6c,0x6c,0x20,0x2d,0x33,0x31,0x35,0x20,0x2d,0x31,0x37,0x39,0x0d,0x0a,0x68,0x65,0x61,
  0x6c,0x74,0x68,0x5f,0x62,0x69,0x67,0x20,0x2d,0x32,0x39,0x38,0x20,0x2d,0x31,0x38,0x30,0x0d,0x0a,0x61,0x72,0x6d,0x6f,0x72,
  0x5f,0x69,0x63,0x6f,0x6e,0x5f,0x73,0x6d,0x61,0x6c,0x6c,0x20,0x2d,0x33,0x31,0x36,0x20,0x2d,0x31,0x39,0x37,0x0d,0x0a,0x61,
  0x72,0x6d,0x6f,0x72,0x5f,0x62,0x69,0x67,0x20,0x2d,0x32,0x39,0x38,0x20,0x2d,0x31,0x39,0x38,0x0d,0x0a,0x0d,0x0a,0x68,0x75,
  0x64,0x20,0x31,0x32,0x0d,0x0a,0x74,0x72,0x61,0x63,0x65,0x72,0x73,0x20,0x32,0x20,0x31,0x34,0x38,0x0d,0x0a,0x68,0x75,0x64,
  0x61,0x64,0x64,0x20,0x32,0x20,0x31,0x35,0x36,0x0d,0x0a,0x6d,0x6f,0x6e,0x73,0x65,0x63,0x20,0x32,0x20,0x31,0x36,0x34,0x0d,
  0x0a,0x6b,0x65,0x79,0x73,0x20,0x32,0x20,0x31,0x37,0x32,0x0d,0x0a,0x77,0x65,0x61,0x70,0x6f,0x6e,0x20,0x32,0x30,0x38,0x20,
  0x31,0x36,0x34,0x0d,0x0a,0x61,0x6d,0x6d,0x6f,0x20,0x32,0x30,0x38,0x20,0x31,0x37,0x32,0x0d,0x0a,0x6d,0x65,0x64,0x69,0x63,
  0x74,0x5f,0x69,0x63,0x6f,0x6e,0x5f,0x73,0x6d,0x61,0x6c,0x6c,0x20,0x32,0x20,0x2d,0x31,0x39,0x37,0x0d,0x0a,0x68,0x65,0x61,
  0x6c,0x74,0x68,0x5f,0x62,0x69,0x67,0x20,0x32,0x32,0x20,0x2d,0x31,0x39,0x38,0x0d,0x0a,0x61,0x72,0x6d,0x6f,0x72,0x5f,0x69,
  0x63,0x6f,0x6e,0x5f,0x73,0x6d,0x61,0x6c,0x6c,0x20,0x2d,0x33,0x31,0x36,0x20,0x2d,0x31,0x39,0x37,0x0d,0x0a,0x61,0x72,0x6d,
  0x6f,0x72,0x5f,0x62,0x69,0x67,0x20,0x2d,0x32,0x39,0x38,0x20,0x2d,0x31,0x39,0x38,0x0d,0x0a,0x0d,0x0a,0x0d,0x0a,0x3b,0x68,
  0x75,0x64,0x20,0x31,0x33,0x0d,0x0a,0x3b,0x74,0x72,0x61,0x63,0x65,0x72,0x73,0x20,0x32,0x20,0x31,0x35,0x31,0x0d,0x0a,0x3b,
  0x68,0x75,0x64,0x61,0x64,0x64,0x20,0x32,0x20,0x31,0x35,0x39,0x0d,0x0a,0x3b,0x6d,0x6f,0x6e,0x73,0x65,0x63,0x20,0x32,0x20,
  0x31,0x36,0x37,0x0d,0x0a,0x3b,0x6b,0x65,0x79,0x73,0x20,0x32,0x20,0x31,0x37,0x35,0x0d,0x0a,0x3b,0x77,0x65,0x61,0x70,0x6f,
  0x6e,0x20,0x32,0x20,0x31,0x38,0x33,0x0d,0x0a,0x3b,0x61,0x6d,0x6d,0x6f,0x20,0x32,0x20,0x31,0x39,0x31,0x0d,0x0a,0x3b,0x61,
  0x72,0x6d,0x6f,0x72,0x5f,0x69,0x63,0x6f,0x6e,0x5f,0x63,0x75,0x73,0x74,0x6f,0x6d,0x20,0x32,0x33,0x30,0x20,0x2d,0x31,0x37,
  0x38,0x0d,0x0a,0x3b,0x61,0x72,0x6d,0x6f,0x72,0x5f,0x62,0x69,0x67,0x20,0x2d,0x33,0x30,0x32,0x20,0x2d,0x31,0x37,0x38,0x0d,
  0x0a,0x3b,0x61,0x72,0x6d,0x6f,0x72,0x5f,0x70,0x65,0x72,0x63,0x65,0x6e,0x74,0x20,0x2d,0x33,0x31,0x38,0x20,0x2d,0x31,0x37,
  0x38,0x0d,0x0a,0x3b,0x6d,0x65,0x64,0x69,0x63,0x74,0x5f,0x69,0x63,0x6f,0x6e,0x5f,0x63,0x75,0x73,0x74,0x6f,0x6d,0x20,0x32,
  0x33,0x32,0x20,0x2d,0x31,0x39,0x37,0x0d,0x0a,0x3b,0x68,0x65,0x61,0x6c,0x74,0x68,0x5f,0x62,0x69,0x67,0x20,0x2d,0x33,0x30,
  0x32,0x20,0x2d,0x31,0x39,0x38,0x0d,0x0a,0x3b,0x6d,0x65,0x64,0x69,0x63,0x74,0x5f,0x70,0x65,0x72,0x63,0x65,0x6e,0x74,0x20,
  0x2d,0x33,0x31,0x38,0x20,0x2d,0x31,0x39,0x38,0x0d,0x0a,0x89,0x50,0x4e,0x47,0x0d,0x0a,0x1a,0x0a,0x00,0x00,0x00,0x0d,0x49,
  0x48,0x44,0x52,0x00,0x00,0x01,0x00,0x00,0x00,0x01,0x00,0x08,0x03,0x00,0x00,0x00,0x6b,0xac,0x58,0x54,0x00,0x00,0x01,0x80,
  0x50,0x4c,0x54,0x45,0x00,0x00,0x00,0x00,0x00,0x00,0x00,0x00,0x00,0x00,0x00,0x00,0x00,0x00,0x00,0x00,0x00,0x00,0x00,0x00,
  0x00,0x00,0x00,0x00,0x00,0x00,0x00,0x00,0x00,0x00,0x00,0x00,0x00,0x00,0x00,0x00,0x00,0x00,0x00,0x00,0x00,0x00,0x00,0x00,
  0x00,0x00,0x00,0x00,0x00,0x00,0x00,0x00,0x00,0x00,0x00,0x00,0x00,0x00,0x00,0x00,0x00,0x00,0x00,0x00,0x00,0x00,0x00,0x00,
  0x00,0x00,0x00,0x00,0x00,0x00,0x00,0x00,0x00,0x00,0x00,0x00,0x00,0x00,0x00,0x00,0x00,0x00,0x00,0x00,0x00,0x00,0x00,0x00,
  0x00,0x00,0x00,0x00,0x00,0x00,0x00,0x00,0x00,0x00,0x00,0x00,0x00,0x00,0x00,0x00,0x00,0x00,0x00,0x00,0x00,0x00,0x00,0x00,
  0x00,0x00,0x00,0x00,0x00,0x00,0x00,0x00,0x00,0x00,0x00,0x00,0x00,0x00,0x00,0x00,0x00,0x00,0x00,0x00,0x00,0x00,0x00,0x00,
  0x00,0x00,0x00,0x00,0x00,0x00,0x00,0x00,0x00,0x00,0x00,0x00,0x00,0x00,0x00,0x00,0x00,0x00,0x00,0x00,0x00,0x00,0x00,0x00,
  0x00,0x00,0x00,0x00,0x00,0x00,0x00,0x00,0x00,0x00,0x00,0x00,0x00,0x00,0x00,0x00,0x00,0x00,0x00,0x00,0x00,0x00,0x00,0x00,
  0x00,0x00,0x00,0x00,0x24,0x24,0x24,0x90,0x90,0x90,0xe8,0xe8,0xe8,0xf8,0xf8,0xf8,0x74,0x74,0x74,0x68,0x68,0x68,0xb8,0xb8,
  0xb8,0x4c,0x4c,0x4c,0x70,0x70,0x70,0x28,0x28,0x28,0x5c,0x5c,0x5c,0xbc,0xbc,0xbc,0xb4,0xb4,0xb4,0xb0,0xb0,0xb0,0x6c,0x6c,
  0x6c,0xd4,0xd4,0xd4,0x94,0x94,0x94,0xe4,0xe4,0xe4,0x00,0x00,0x00,0xff,0xff,0xff,0xc0,0xc0,0xc0,0x98,0x98,0x98,0xe0,0xe0,
  0xe0,0x10,0x10,0x10,0xec,0xec,0xec,0x88,0x88,0x88,0xf0,0xf0,0xf0,0xd8,0xd8,0xd8,0x20,0x20,0x20,0xa4,0xa4,0xa4,0x0c,0x0c,
  0x0c,0x60,0x60,0x60,0x58,0x58,0x58,0xcc,0xcc,0xcc,0x8c,0x8c,0x8c,0x34,0x34,0x34,0x48,0x48,0x48,0x40,0x40,0x40,0x30,0x30,
  0x30,0xa8,0xa8,0xa8,0x80,0x80,0x80,0x50,0x50,0x50,0x78,0x78,0x78,0x2c,0x2c,0x2c,0x18,0x18,0x18,0x44,0x44,0x44,0x54,0x54,
  0x54,0x7c,0x7c,0x7c,0xa0,0xa0,0xa0,0xdc,0xdc,0xdc,0xfc,0xfc,0xfc,0x3c,0x3c,0x3c,0x84,0x84,0x84,0x9c,0x9c,0x9c,0xf4,0xf4,
  0xf4,0x08,0x08,0x08,0x04,0x04,0x04,0xc4,0xc4,0xc4,0xac,0xac,0xac,0x38,0x38,0x38,0x1c,0x1c,0x1c,0xd0,0xd0,0xd0,0x14,0x14,
  0x14,0xc8,0xc8,0xc8,0x5f,0x7d,0xa5,0xba,0x00,0x00,0x00,0x40,0x74,0x52,0x4e,0x53,0x00,0xfb,0xf3,0x9f,0x7f,0x5f,0x17,0xaf,
  0xcf,0x27,0xf7,0x3f,0x3b,0xbf,0x0b,0x03,0x1f,0xe7,0x07,0xc3,0xa7,0x2f,0xd7,0x47,0x13,0xb7,0x8f,0xd3,0x1b,0x57,0x97,0x67,
  0x0f,0xe3,0x77,0x33,0xdf,0x4f,0x23,0xeb,0xab,0x7b,0x43,0x37,0x53,0x63,0xdb,0xcb,0x2b,0x87,0xb3,0x9b,0xef,0x5b,0xbb,0x4b,
  0x6f,0x8b,0xa3,0xc7,0x83,0x93,0x6b,0x73,0x74,0xb4,0x99,0x74,0x00,0x00,0x0a,0xe2,0x49,0x44,0x41,0x54,0x78,0x5e,0xec,0xd7,
  0xd7,0x52,0xc2,0x50,0x10,0x80,0x61,0x63,0x2a,0x09,0x11,0x44,0x9a,0x10,0x82,0x52,0x44,0x04,0xc4,0xc2,0x88,0xa2,0x4f,0xb1,
  0x09,0xbd,0x57,0x7b,0xef,0xfd,0xd5,0xbd,0xf4,0x4a,0x12,0x02,0x24,0x27,0x8c,0xdf,0x1b,0xfc,0x33,0x7b,0x76,0xce,0xce,0xe9,
  0xef,0x9f,0xdd,0xc5,0x65,0xc9,0x14,0x41,0xe0,0xf8,0x1e,0xef,0x8f,0xa4,0xf9,0x1d,0x5c,0x24,0x08,0x92,0xdc,0xe0,0xb6,0x84,
  0x19,0x2f,0xa7,0xac,0xc1,0x03,0xda,0x8f,0xc1,0xdf,0x58,0x66,0x7d,0x9b,0x4c,0x78,0x67,0x2f,0xdd,0x12,0x20,0x9c,0xe9,0x0c,
  0xa8,0x15,0x3b,0xcc,0x85,0x92,0xf6,0x99,0x99,0xf8,0xa0,0x73,0x11,0xb4,0x88,0xe0,0x24,0x65,0xf6,0x78,0x81,0xc4,0x23,0x30,
  0x0e,0xb7,0x18,0x30,0xed,0x83,0xf0,0x06,0x44,0x37,0x4c,0x02,0xe3,0x8b,0x2e,0x98,0xae,0xde,0x91,0xa4,0x31,0x98,0x1c,0x36,
  0xe7,0xb1,0x99,0x29,0x9f,0xdb,0x9d,0x87,0x49,0x8b,0xf9,0xc2,0x66,0xd9,0xf8,0x47,0xab,0x30,0x1d,0xee,0xb8,0x80,0x7c,0x3d,
  0xb5,0xcf,0xc0,0x34,0x2d,0xa5,0x56,0x50,0xce,0x77,0xd1,0x18,0x4c,0x1b,0x8b,0xaf,0xa1,0x9a,0x1f,0xa6,0x41,0x17,0x18,0x6e,
  0x41,0x72,0xf1,0xf1,0xa0,0x1f,0xda,0x85,0x5a,0xbe,0x87,0x07,0x7d,0xd1,0x09,0x94,0xf2,0xa3,0x0c,0x68,0x52,0xab,0x0d,0xfa,
  0xe7,0xb5,0x0f,0xd0,0x84,0xe7,0x50,0xc9,0xcf,0x8e,0x94,0xff,0xf5,0xde,0x2c,0xbf,0xc9,0xf2,0x6d,0xa1,0x22,0xfd,0x2a,0x15,
  0xaa,0xb2,0x7c,0xfc,0xd0,0xea,0x16,0x61,0x04,0xbc,0x15,0x89,0x5b,0x67,0x19,0xd4,0x69,0x74,0x5b,0xd7,0xf5,0x76,0x45,0x1a,
  0xae,0xf4,0xfd,0x78,0x76,0x35,0x78,0x06,0x75,0x72,0x86,0x1f,0x0a,0x8e,0x38,0x0b,0x2a,0x5c,0x34,0x6f,0x0a,0xd2,0x28,0xaa,
  0xf9,0x96,0xaa,0x61,0xc8,0x04,0x6d,0xc6,0xee,0xbe,0x4d,0x50,0x54,0x3c,0xcd,0x57,0x25,0x2d,0x3e,0x3b,0xbd,0x06,0x28,0x4a,
  0x1b,0xb8,0x0d,0x05,0x27,0x28,0x68,0xf4,0xca,0x6d,0x69,0x0c,0x77,0xaf,0x27,0x7d,0xa5,0xe7,0x80,0x89,0x06,0x7d,0x0e,0x6d,
  0x21,0x85,0x8b,0xe7,0xe5,0xb2,0xfe,0x24,0x8d,0xaf,0x94,0xbf,0x87,0xe1,0x62,0x29,0x23,0xfa,0xad,0x7e,0x18,0x6a,0xd0,0xf9,
  0xa1,0xce,0x6e,0x7b,0x93,0x86,0xa2,0x38,0x80,0x9f,0x56,0x6c,0x60,0x69,0x6a,0xa0,0x93,0x6c,0x2e,0xaa,0x9b,0x4a,0x08,0x51,
  0x43,0x4c,0x46,0xf4,0x9d,0x53,0x54,0xd4,0xa9,0xf2,0x3f,0x1a,0xcd,0x54,0x70,0xfa,0x62,0x9b,0xea,0x94,0x92,0x60,0x31,0x1b,
  0xfb,0xea,0x7e,0x80,0x73,0xdb,0x84,0xd2,0x7b,0x7b,0xf9,0x7d,0x83,0xf3,0xd8,0x7b,0xd2,0x3e,0xe7,0x65,0x74,0xf8,0x00,0xa9,
  0xc2,0xb6,0xf1,0xf2,0x97,0x1c,0xa4,0x38,0xe9,0x9e,0x72,0xbe,0xa6,0x8f,0x67,0x48,0xb1,0x72,0x95,0x8c,0xf2,0x3a,0x48,0x16,
  0x7f,0x79,0x11,0x71,0xfe,0x1e,0xbd,0x7c,0x8a,0x14,0xab,0x01,0x99,0xd3,0xaa,0x22,0x51,0x3c,0x1c,0xb1,0x2e,0xa7,0x47,0x48,
  0x76,0xc7,0xdc,0x7d,0x50,0x72,0x32,0x84,0xaf,0x3f,0x05,0x2b,0x86,0x76,0xe1,0xda,0x3a,0x92,0xfc,0xed,0x3d,0x64,0xdd,0x46,
  0xc3,0x18,0x49,0xce,0x05,0xa4,0x9f,0xbf,0x99,0x21,0x7c,0x53,0x29,0xd8,0x68,0x93,0x6e,0x5b,0x4e,0x7a,0xf8,0x05,0xa7,0xc0,
  0x3d,0x4f,0x5a,0xd5,0x9a,0x48,0xf0,0xeb,0x23,0x9b,0x74,0xf6,0x0d,0x09,0x2e,0xe9,0x3c,0x0e,0x82,0x10,0x6a,0x27,0x07,0x6c,
  0x58,0xf4,0xee,0x3d,0xd4,0x9a,0xfa,0x32,0xe0,0x95,0xa1,0x14,0xf7,0x26,0x6c,0xde,0x87,0xe7,0x50,0xeb,0x04,0xa4,0x47,0xa3,
  0x0e,0xa5,0xf1,0x6b,0x2e,0xc6,0xf4,0x07,0x94,0x42,0x8f,0x74,0xa8,0x54,0xa1,0x32,0xfb,0xc3,0x85,0x89,0xbe,0x0e,0xa0,0x52,
  0xd7,0x91,0x01,0xdf,0x85,0xca,0xd1,0x1e,0x17,0xa9,0x3f,0x86,0x4a,0xb5,0x42,0x79,0xbb,0xa9,0x8c,0x3f,0xde,0xe1,0x82,0x45,
  0xdf,0xa1,0x52,0xf5,0x29,0x5f,0xdb,0x0e,0x14,0x3e,0xed,0x73,0xf1,0x9e,0xcc,0xa0,0xe0,0xb6,0x28,0x4f,0xf7,0x34,0xb4,0xbf,
  0xe6,0x31,0x70,0x6e,0xe5,0x59,0xff,0xf4,0xf6,0xb7,0x73,0x0c,0x1c,0x3f,0xbf,0xf9,0x77,0x52,0xdb,0xdf,0xd6,0x31,0x70,0xaf,
  0xeb,0xdc,0xff,0xe3,0x3d,0xb6,0x49,0xff,0x99,0xbe,0x6f,0x41,0xc5,0x85,0x74,0x1c,0xb1,0x5d,0x26,0x63,0x48,0x37,0x3c,0x5a,
  0x5c,0xa3,0x0a,0xe9,0x55,0xc4,0xb6,0x99,0x1c,0x43,0xaa,0x5f,0xa3,0x45,0x79,0x75,0x48,0xbf,0xd9,0x42,0xd1,0x10,0x52,0x18,
  0xd0,0x62,0x82,0xb2,0xb5,0xeb,0x5f,0xea,0x42,0xba,0xbb,0xd8,0x6d,0x58,0x0b,0x21,0xc4,0xff,0xd8,0x56,0x3b,0x90,0x56,0x69,
  0x11,0x4d,0x08,0x83,0xb7,0x6c,0xaf,0x83,0x18,0xc2,0x7d,0xca,0x6e,0x0b,0xc2,0xcf,0x33,0xb6,0xd9,0xee,0x00,0xc2,0x65,0xca,
  0xca,0x77,0x64,0xfd,0xf7,0xd9,0x6e,0xbb,0xb2,0x07,0xdc,0x06,0x65,0xb3,0xb6,0x29,0xe7,0x7f,0xca,0xb6,0xfb,0x0c,0xa1,0x5c,
  0xa3,0x4c,0xd6,0x35,0xed,0x3f,0xf3,0x9b,0xf0,0x0a,0x65,0x51,0x82,0xf0,0x86,0x97,0x41,0x17,0xc2,0x36,0xcd,0xaf,0x25,0x17,
  0xc0,0x21,0x2f,0x87,0xa1,0x5c,0x03,0x6d,0x9a,0x97,0x27,0x5f,0xc0,0x3d,0x5e,0x12,0x91,0xfc,0x81,0xb8,0x11,0xd0,0x7c,0x2e,
  0x74,0x14,0xf7,0xcf,0x7f,0xf6,0xce,0xbc,0xa7,0xa9,0x28,0x88,0xe2,0x45,0x5a,0x50,0x14,0x45,0xdc,0x05,0x15,0x05,0x17,0x5c,
  0x30,0xe2,0x1e,0x97,0x10,0x10,0x70,0x89,0x26,0xdc,0x91,0x45,0x40,0x21,0x40,0x11,0xad,0xa2,0x54,0x6d,0x91,0x80,0x7c,0x75,
  0x63,0x48,0x90,0x99,0xfb,0x1e,0x7d,0xd0,0xbf,0xee,0x79,0xe7,0xf7,0x11,0x6e,0x26,0x73,0x67,0x39,0x33,0x23,0x01,0x10,0x97,
  0x19,0xd5,0x56,0xed,0x00,0xf2,0x45,0x09,0x87,0x52,0xc1,0x59,0x72,0x55,0x46,0x00,0x3d,0x25,0x09,0x89,0xa1,0x3f,0x55,0x45,
  0x03,0x87,0x5a,0x9c,0xa1,0xbc,0x26,0x61,0x31,0xe0,0x2c,0xa7,0xaa,0x0a,0x81,0x87,0x25,0x34,0xfc,0x3a,0x61,0xf2,0x2a,0x69,
  0xab,0x57,0x03,0x9a,0x96,0xe0,0x28,0x7a,0x8e,0xf0,0x7c,0xe2,0x9f,0xe0,0x68,0x9c,0x03,0x08,0xdc,0x0d,0xdc,0x4a,0xaa,0x7f,
  0x8d,0x73,0x00,0xa1,0xbb,0x81,0x9a,0x64,0x45,0xd2,0xe6,0xae,0x18,0x07,0x10,0xbe,0x1b,0x38,0x92,0x49,0x42,0x27,0x80,0x03,
  0xf0,0xdd,0x40,0xf2,0x9c,0xa0,0xc9,0xea,0xdf,0x57,0x4b,0x12,0x2a,0x43,0xb6,0x3c,0x72,0xb8,0x6d,0x17,0x49,0xf0,0x8a,0x84,
  0xcb,0x8c,0x33,0x3c,0xa9,0x3c,0xff,0xe2,0x0c,0x73,0x12,0x30,0xc5,0x82,0xf5,0x83,0x15,0xe5,0xa4,0xb6,0x0c,0x5e,0x5e,0x92,
  0x90,0xf9,0xed,0x0c,0xf5,0x95,0xfa,0xa0,0x7e,0x0f,0x24,0x6c,0x3c,0x25,0xd5,0xb1,0x9d,0x19,0x40,0x4f,0x9f,0x84,0xcd,0xd8,
  0xa8,0x35,0x81,0x9d,0xc5,0x40,0x03,0x12,0x3a,0xc3,0xce,0xb0,0x6d,0x34,0xd4,0x68,0x35,0x20,0x12,0x3c,0xc5,0xd9,0x1d,0x94,
  0x46,0xf6,0xdb,0x2e,0xc0,0x88,0x84,0xcf,0xfa,0xb2,0xf9,0x08,0x2e,0x25,0x37,0x80,0x05,0x41,0x60,0x2a,0xb1,0x09,0xb4,0x3b,
  0xcd,0xe8,0xb8,0x20,0xb0,0x64,0x4d,0x20,0x56,0x36,0x51,0xef,0x1b,0x00,0xa4,0x09,0x9c,0x8e,0xdb,0xff,0x80,0x69,0x00,0xbe,
  0x09,0x34,0xd4,0x55,0x61,0x00,0xc0,0x26,0x50,0x57,0x63,0xbe,0x80,0x71,0x41,0x61,0xc2,0x69,0x2e,0x37,0x27,0x51,0x83,0x3e,
  0x17,0x1c,0x6c,0xab,0xe8,0x62,0x82,0x28,0xb8,0xdc,0x2b,0x38,0xac,0x25,0x88,0x87,0xf7,0xf9,0x06,0x80,0x6b,0x02,0x0d,0x11,
  0x85,0x91,0xc7,0xbe,0x01,0x00,0x9b,0x40,0xc4,0x8c,0xa5,0x91,0x83,0xbc,0x11,0x2c,0x06,0x4d,0x79,0xb4,0x62,0x1a,0xb0,0x26,
  0x58,0xbc,0x76,0x9a,0xa6,0x8c,0xe1,0xb6,0x53,0x14,0x04,0x8c,0x3e,0xd3,0x26,0xe9,0xb4,0xcd,0x00,0xd3,0x0d,0x7b,0x27,0x68,
  0xf4,0x3b,0x45,0x57,0x46,0x73,0xdd,0x69,0x86,0x04,0x0d,0x5b,0x1d,0x6c,0xdf,0x36,0x0c,0xfe,0x2a,0x78,0xf4,0x6c,0x17,0x0e,
  0x9f,0x34,0x61,0xf0,0x77,0xc1,0x63,0xc1,0x84,0xc3,0x4a,0x45,0x7d,0xc6,0x29,0xca,0x25,0xc1,0x63,0xc9,0x69,0xd4,0xfe,0xa1,
  0xb3,0x4e,0xf1,0x52,0x10,0x31,0x9d,0xc2,0x0b,0x99,0x2d,0x1c,0xb7,0xb5,0x60,0x44,0x86,0xe3,0x25,0x33,0xad,0x46,0x11,0x5e,
  0x14,0x44,0xc6,0xca,0x5a,0x35,0xb5,0x25,0x27,0xce,0x39,0xc5,0x94,0x60,0x92,0x77,0x8a,0x2d,0xfb,0x08,0x6b,0x23,0xfe,0x00,
  0xfc,0x7f,0x20,0x9b,0xd9,0xa4,0x23,0x32,0x0a,0x42,0x8f,0x85,0x1a,0xff,0x6b,0x22,0x9c,0xe2,0x85,0x80,0x52,0xd4,0x7a,0x89,
  0x86,0x4d,0x27,0x70,0xce,0x29,0xfa,0x05,0x95,0x39,0xa7,0x38,0x11,0x23,0x8b,0x5b,0x11,0x54,0x66,0x62,0x64,0x73,0x46,0x19,
  0x3f,0x2e,0x0a,0xdc,0xba,0xd0,0xa3,0xe8,0x6a,0xe0,0xbc,0xe0,0xa2,0xc5,0x02,0x35,0x07,0x23,0x13,0x81,0xcf,0x82,0xcb,0x74,
  0x64,0x3a,0x90,0x8d,0x89,0x83,0xf1,0xa3,0xe1,0x5c,0x94,0x0f,0x5c,0x2e,0x09,0x2e,0x13,0x91,0x5e,0xf0,0xa6,0x89,0x02,0x90,
  0xd1,0xe9,0xc0,0x95,0x8d,0x07,0xb8,0x63,0x54,0x31,0xc8,0xcc,0xeb,0x89,0xca,0x8d,0xa6,0xa8,0x53,0x3c,0x13,0x64,0x16,0x75,
  0x2c,0xb8,0x31,0x1f,0xb4,0x2b,0x69,0x38,0x86,0x80,0xbc,0x35,0x22,0x10,0x7e,0x25,0xc8,0xfc,0x8a,0x08,0x86,0x1f,0x3a,0x45,
  0xaf,0x20,0xb3,0xee,0x14,0x4f,0xfd,0x8a,0xf8,0x07,0x81,0x66,0x2c,0xa2,0x36,0xde,0x12,0x1b,0x08,0xe3,0x07,0xc3,0xdd,0xff,
  0x1e,0x40,0xb7,0x04,0x16,0x05,0x9b,0x59,0xaf,0x41,0xd6,0x54,0x21,0x13,0xc0,0xce,0x06,0x7c,0x71,0xdc,0x7b,0xc1,0xe6,0xa7,
  0x53,0xb4,0x79,0xc2,0x80,0x75,0xc1,0xe6,0xa3,0x95,0x09,0x58,0x85,0xfc,0x88,0x60,0xf3,0xd6,0xd3,0xce,0xe7,0xd2,0xf6,0x00,
  0xb6,0x37,0x70,0xc3,0x29,0xfa,0x44,0x81,0x9e,0x10,0x5f,0xf5,0xca,0x21,0x02,0xce,0x88,0x57,0x12,0xc9,0x9a,0x40,0x10,0x9c,
  0x5e,0xf3,0x00,0x56,0x1d,0x35,0x29,0xe8,0x78,0x5a,0xa9,0xda,0x54,0x3f,0x40,0xd6,0x8e,0xca,0xfe,0x10,0x74,0x56,0xf5,0x8e,
  0x29,0x3b,0x27,0x94,0x17,0x74,0x26,0xf5,0xfc,0x90,0x15,0x89,0x0f,0x0a,0x3a,0x05,0x2b,0x1b,0xef,0x30,0xda,0x08,0x74,0xf2,
  0xb6,0x45,0xde,0x92,0x6a,0x0b,0xe8,0xa6,0x0f,0xc8,0xdc,0x4b,0xf7,0x2f,0xc0,0x38,0x80,0x0f,0x90,0xf2,0x5c,0x20,0xf5,0xd9,
  0x20,0xeb,0x01,0xac,0x08,0xdd,0x4f,0x77,0x4d,0x90,0x55,0x61,0xf6,0x05,0xd2,0xdd,0x19,0x62,0x6f,0x90,0xdd,0x61,0xea,0x03,
  0xa8,0x10,0x49,0xb5,0x46,0x88,0x2a,0x31,0xea,0x04,0xa9,0x14,0xa5,0x56,0x98,0x6a,0xf1,0x14,0xcf,0x0b,0x70,0x62,0x84,0x33,
  0x43,0x9c,0x1a,0xe3,0xdc,0x20,0x27,0x47,0x39,0x3b,0xcc,0xe9,0x71,0xee,0x0f,0x48,0xe9,0x06,0x09,0xee,0x10,0xe1,0x16,0x19,
  0xee,0x11,0xe2,0x26,0x29,0xee,0x12,0xe3,0x36,0x39,0xee,0x13,0xe4,0x46,0x49,0xee,0x14,0xe5,0x56,0x59,0xee,0x15,0xe6,0x66,
  0x69,0xee,0x16,0xe7,0x76,0x79,0xde,0x17,0x48,0xd5,0x85,0x09,0xde,0x18,0xe1,0x95,0x19,0xde,0x19,0xe2,0xa5,0x29,0xde,0x1a,
  0xe3,0xb5,0x39,0xde,0x1b,0xe4,0xc5,0x49,0xde,0x1c,0xe5,0xd5,0x59,0xde,0x1d,0xe6,0xe5,0x69,0xde,0x1e,0xc7,0xbd,0x3e,0xff,
  0x97,0xba,0x7b,0x6b,0x71,0x1a,0x0a,0xe2,0x00,0x3e,0x89,0x6b,0xd8,0x60,0x49,0x4c,0xbb,0x94,0xed,0x5e,0xc4,0x56,0x5d,0xaa,
  0x2e,0xde,0xd8,0xea,0xfa,0x66,0x41,0xcb,0xde,0x40,0xfb,0x87,0xa2,0xa8,0xd6,0x1b,0xa2,0x75,0x75,0x91,0x04,0xdc,0x08,0x52,
  0xbf,0xba,0xef,0x67,0x06,0xc8,0xb5,0x3d,0xf3,0xfb,0x06,0x03,0x33,0x73,0xe6,0x5c,0x42,0x0a,0xfd,0x7d,0x9e,0x6e,0xc2,0xf0,
  0x41,0x6d,0x01,0x24,0x30,0x0c,0x28,0x83,0xe6,0x1d,0x18,0x26,0xea,0x9f,0x86,0xf3,0xa3,0xd0,0x5c,0xd3,0xd0,0xb9,0xce,0x33,
  0xf2,0x11,0x0c,0x8e,0x4f,0xd9,0xac,0xc1,0xf0,0x44,0x63,0x1b,0x18,0xcf,0x61,0xb8,0x4f,0x19,0x6d,0xb9,0x42,0x1b,0xd0,0xdf,
  0x00,0xba,0x01,0x65,0xd5,0x83,0x69,0xa2,0xbf,0x01,0x60,0x97,0x32,0x0b,0x37,0xd5,0xb7,0x81,0x11,0x4c,0x1d,0xca,0xa1,0xe1,
  0xf0,0x36,0xa0,0xbc,0x01,0xb8,0x3b,0x94,0xc7,0x0a,0x4c,0x5f,0x62,0x45,0xf1,0xff,0x3e,0x85,0xe9,0x22,0xe5,0x12,0x3e,0x84,
  0xe9,0x2c,0xd6,0x13,0x7f,0x02,0xd3,0x05,0xca,0xc9,0x8b,0x00,0xad,0x57,0x45,0xf1,0x0c,0xa6,0xcd,0x80,0xf2,0xba,0xe5,0xc0,
  0xf4,0x4d,0xe9,0x29,0x28,0xe0,0xde,0xa3,0xfc,0x56,0xc0,0xbc,0x50,0x11,0xff,0x53,0x30,0x03,0x2a,0xa2,0x03,0x53,0xaa,0x61,
  0x6b,0x3c,0x04,0x73,0x85,0x0a,0x59,0xef,0xc2,0x94,0xfe,0xb1,0x3e,0xfe,0x77,0x60,0x56,0x9b,0xc4,0x14,0x9c,0x06,0x30,0xfd,
  0x68,0x79,0xfc,0x27,0x29,0x0a,0x4f,0x00,0x5c,0x0f,0xcc,0x8f,0x7f,0x76,0xc7,0x3f,0x05,0xb3,0x4d,0xc5,0xf5,0xc1,0x4c,0x8f,
  0x6d,0xce,0xff,0x14,0xcc,0x63,0x2a,0xa1,0xd9,0x82,0xa6,0x4e,0x38,0x04,0xb7,0x46,0xa5,0x04,0xab,0x60,0xd2,0xa1,0x9e,0xf5,
  0x0f,0x0f,0x42,0x2a,0xc7,0x6b,0x03,0x50,0x71,0x5b,0x12,0xbf,0x07,0xd7,0x0a,0xa8,0xac,0x9d,0x08,0xdc,0xb3,0xd8,0xbe,0xf9,
  0x7f,0x06,0xae,0x7d,0x95,0xca,0xf3,0x5d,0x70,0x67,0xb1,0xfd,0xfb,0x1f,0xe0,0xba,0x47,0x55,0x68,0xb8,0xe0,0x92,0xd7,0x76,
  0xed,0xff,0x0f,0xc1,0x45,0x3e,0x55,0xe3,0x86,0x03,0xee,0xad,0x4d,0x23,0xd1,0x68,0x0e,0xce,0xbd,0x46,0x55,0x19,0x00,0x36,
  0x2f,0x06,0xf1,0x77,0x08,0x9c,0x06,0x55,0x67,0x1f,0x92,0x99,0x1d,0x65,0x30,0x4e,0x20,0x70,0x76,0xa9,0x4a,0xdb,0x0e,0xc4,
  0x32,0xb0,0x35,0xfd,0xe1,0x5e,0xa2,0x6a,0x3d,0x72,0xe5,0x32,0xb0,0x33,0xfd,0x11,0xdd,0xa6,0xaa,0x35,0xf6,0x6c,0x2c,0x03,
  0x39,0xfd,0xd1,0xf5,0xa9,0x7a,0x7e,0x04,0xc9,0xfc,0xd7,0x12,0xbb,0xdf,0xa7,0x29,0x24,0x6d,0x8f,0xea,0x70,0xb9,0x0d,0x51,
  0xf2,0x7c,0x59,0xef,0x5f,0x4e,0x21,0x6a,0xad,0x53,0x3d,0xbc,0xbb,0x10,0xa5,0x07,0xcb,0xb8,0x35,0x79,0x75,0x04,0x59,0x27,
  0xa0,0xba,0x04,0x2d,0xc8,0xfe,0x7e,0x5d,0x78,0xf6,0x4f,0x5e,0x42,0xd6,0x0f,0xa9,0x3e,0x61,0x1f,0x32,0xfc,0x7c,0xb3,0xd8,
  0xf7,0xaf,0x9f,0x21,0xc3,0x06,0xd5,0xab,0xe7,0x40,0x76,0x7e,0xb0,0xb8,0x8f,0x8c,0xfe,0x77,0x6f,0x6f,0x3f,0x69,0x83,0x61,
  0x18,0xc0,0xdf,0xd2,0x16,0x4a,0x4b,0x01,0x15,0xa0,0xca,0x49,0x07,0x8e,0x81,0x27,0x26,0x66,0x6e,0x6a,0xe2,0xb2,0x43,0x76,
  0xb1,0xec,0xe6,0x09,0x80,0x0e,0x04,0x3c,0x31,0xdd,0x99,0x6c,0x8b,0x6c,0x53,0xf7,0xaf,0xef,0xd6,0x9b,0x96,0x82,0xed,0xd7,
  0x96,0xdf,0x7f,0xf0,0xbc,0xc9,0xf7,0xe6,0xc9,0x97,0xbc,0x83,0xee,0x50,0x27,0xbe,0x4f,0x24,0xbb,0x85,0x96,0xa0,0x3f,0x02,
  0x87,0xe3,0x23,0x55,0x21,0xfb,0x69,0xf3,0xd0,0x1f,0x81,0xfd,0x47,0xd7,0x2d,0xfd,0xf8,0xe0,0xc3,0xc4,0x44,0x89,0x83,0x9e,
  0x61,0x77,0x60,0xef,0xfd,0xdb,0x25,0x74,0xc9,0x22,0xb1,0x52,0x9e,0x81,0xd1,0x08,0x1c,0x89,0x8f,0xf5,0x38,0xb1,0xe3,0x7f,
  0x02,0x7d,0xc3,0xde,0x5b,0x3b,0xfe,0x8b,0x5e,0xbe,0x7b,0x03,0x03,0xb1,0x30,0xb1,0x14,0x11,0x38,0x18,0xb8,0x7e,0x75,0x63,
  0x75,0xeb,0x7b,0x7d,0x0b,0x03,0x72,0x8e,0x58,0x0b,0xa5,0x60,0xa8,0x7f,0x62,0xdd,0x42,0x1c,0x5c,0x3c,0x87,0xa1,0xb9,0x0a,
  0xb1,0x17,0xd9,0xf7,0xc1,0xd0,0xf0,0xcb,0x91,0x15,0x15,0xf9,0xa0,0xfe,0x03,0xc6,0x8a,0x22,0x39,0x23,0x1d,0xc3,0x08,0x9d,
  0xb3,0xc3,0xe3,0x7b,0x15,0xde,0xdf,0x17,0xe7,0x57,0x30,0xc6,0x65,0x17,0xc9,0x31,0xe5,0x75,0x8c,0xd4,0xbc,0xac,0xb7,0x26,
  0xdb,0xf9,0x27,0x67,0x1d,0x8c,0xb4,0x91,0x27,0x27,0xcd,0x96,0x64,0x98,0xf0,0xb9,0xfb,0xbd,0x31,0x5e,0xdd,0xa9,0xf7,0x9a,
  0x30,0x61,0x2b,0x17,0x21,0x87,0x45,0x37,0x61,0x4e,0xe7,0xb4,0xf7,0xed,0xe8,0xf8,0xfd,0xa8,0x17,0xff,0xef,0xd7,0xc7,0xaf,
  0xfd,0x2b,0x98,0xc3,0x6b,0xe4,0x02,0xdb,0x12,0xc6,0x70,0xfb,0xb7,0x7b,0xf8,0xa7,0x56,0x1b,0x34,0x0e,0xee,0xc4,0x7e,0xd1,
  0x68,0xd5,0x6a,0x1f,0x7e,0xf6,0x4e,0x9b,0x18,0x83,0x1a,0x22,0x97,0x58,0x96,0x30,0x91,0x76,0xbb,0x7f,0xfe,0xa9,0x7d,0x8d,
  0x89,0xa8,0x0a,0xb9,0x48,0x52,0x05,0x5b,0x81,0x15,0x72,0x19,0x45,0x65,0x19,0x3f,0x4e,0x2e,0x94,0x0f,0x80,0x09,0x8e,0x0f,
  0x92,0x4b,0xc5,0x03,0x1c,0xec,0x26,0xf3,0x0f,0xc9,0xc5,0xfc,0x4f,0x25,0xd8,0x69,0x6e,0x6d,0x91,0xdc,0x2e,0xb8,0xb7,0x04,
  0x7b,0x24,0x4a,0x69,0xf2,0x06,0xa5,0xea,0x83,0xd5,0x8a,0x0b,0x79,0xf2,0x90,0xd9,0x55,0x4b,0xd7,0x81,0xbc,0x93,0x8c,0x90,
  0xd7,0x68,0x99,0x6c,0x02,0x56,0x90,0x16,0x96,0xc3,0xe4,0x51,0x69,0x91,0x2f,0xe0,0x3e,0x12,0xd9,0x8c,0x46,0x1e,0x17,0xcd,
  0xc5,0x66,0x30,0x89,0x02,0x2f,0xfa,0x69,0x4a,0x04,0x33,0x42,0x6c,0x63,0x0b,0x66,0x15,0x77,0x77,0x1e,0xac,0x46,0x69,0xea,
  0xf8,0x43,0xb9,0x67,0x81,0x14,0x07,0x7d,0xb2,0xf4,0xe8,0xb1,0xb8,0xa2,0xd1,0x74,0x8b,0xc6,0x95,0xa4,0xb8,0x26,0x08,0x55,
  0x7e,0x5e,0x95,0x0a,0x92,0xba,0xc9,0x57,0x05,0x41,0x14,0xcb,0x4a,0x25,0x4d,0xcc,0xfd,0x07,0xa2,0xc5,0x2b,0x42,0xa3,0x10,
  0x8b,0x33,0x00,0x00,0x00,0x00,0x49,0x45,0x4e,0x44,0xae,0x42,0x60,0x82,0x05,0x00,0x07,0x00,0x00,0x00,0x00,0x00,0x1c,0x00,
  0x00,0x00,0x26,0x00,0x00,0x00,0x31,0x00,0x00,0x00,0x3e,0x00,0x00,0x00,0x49,0x00,0x00,0x00,0x01,0x05,0x00,0xb0,0xb0,0xb0,
  0xb0,0xb0,0x00,0xff,0x01,0x06,0x00,0xb0,0x00,0x00,0x00,0xb0,0x00,0x00,0xff,0x01,0x02,0x00,0xb0,0x00,0x00,0x05,0x02,0x00,
  0xb0,0x00,0x00,0xff,0x01,0x06,0x00,0xb0,0xb0,0xb0,0xb0,0xb0,0x00,0x00,0xff,0x02,0x05,0x00,0x00,0x00,0x00,0x00,0x00,0x00,
  0xff,0x05,0x00,0x07,0x00,0x00,0x00,0x00,0x00,0x1c,0x00,0x00,0x00,0x22,0x00,0x00,0x00,0x2e,0x00,0x00,0x00,0x39,0x00,0x00,
  0x00,0x43,0x00,0x00,0x00,0x05,0x01,0x00,0xb0,0x00,0xff,0x01,0x01,0x00,0xb0,0x00,0x05,0x02,0x00,0xb0,0x00,0x00,0xff,0x01,
  0x06,0x00,0xb0,0xb0,0xb0,0xb0,0xb0,0x00,0x00,0xff,0x02,0x05,0x00,0x00,0x00,0x00,0xb0,0x00,0x00,0xff,0x04,0x03,0x00,0x00,
  0x00,0x00,0x00,0xff,0x05,0x00,0x07,0x00,0x00,0x00,0x00,0x00,0x1c,0x00,0x00,0x00,0x29,0x00,0x00,0x00,0x34,0x00,0x00,0x00,
  0x3f,0x00,0x00,0x00,0x4a,0x00,0x00,0x00,0x01,0x01,0x00,0xb0,0x00,0x03,0x03,0x00,0xb0,0xb0,0xb0,0x00,0xff,0x01,0x06,0x00,
  0xb0,0x00,0xb0,0x00,0xb0,0x00,0x00,0xff,0x01,0x06,0x00,0xb0,0x00,0xb0,0x00,0xb0,0x00,0x00,0xff,0x01,0x06,0x00,0xb0,0xb0,
  0xb0,0x00,0xb0,0x00,0x00,0xff,0x02,0x03,0x00,0x00,0x00,0x00,0x00,0x06,0x01,0x00,0x00,0x00,0xff,0x05,0x00,0x07,0x00,0x00,
  0x00,0x00,0x00,0x1c,0x00,0x00,0x00,0x29,0x00,0x00,0x00,0x37,0x00,0x00,0x00,0x45,0x00,0x00,0x00,0x50,0x00,0x00,0x00,0x01,
  0x02,0x00,0xb0,0xb0,0x00,0x04,0x02,0x00,0xb0,0xb0,0x00,0xff,0x01,0x03,0x00,0xb0,0x00,0x00,0x00,0x05,0x02,0x00,0xb0,0x00,
  0x00,0xff,0x01,0x03,0x00,0xb0,0x00,0xb0,0x00,0x05,0x02,0x00,0xb0,0x00,0x00,0xff,0x01,0x06,0x00,0xb0,0xb0,0xb0,0xb0,0xb0,
  0x00,0x00,0xff,0x02,0x05,0x00,0x00,0x00,0x00,0x00,0x00,0x00,0xff,0x05,0x00,0x07,0x00,0x00,0x00,0x00,0x00,0x1c,0x00,0x00,
  0x00,0x25,0x00,0x00,0x00,0x2e,0x00,0x00,0x00,0x39,0x00,0x00,0x00,0x43,0x00,0x00,0x00,0x01,0x04,0x00,0xb0,0xb0,0xb0,0xb0,
  0x00,0xff,0x02,0x04,0x00,0x00,0x00,0xb0,0x00,0x00,0xff,0x01,0x06,0x00,0xb0,0xb0,0xb0,0xb0,0xb0,0x00,0x00,0xff,0x02,0x05,
  0x00,0x00,0x00,0xb0,0x00,0x00,0x00,0xff,0x04,0x02,0x00,0x00,0x00,0x00,0xff,0x05,0x00,0x07,0x00,0x00,0x00,0x00,0x00,0x1c,
  0x00,0x00,0x00,0x29,0x00,0x00,0x00,0x34,0x00,0x00,0x00,0x3f,0x00,0x00,0x00,0x4a,0x00,0x00,0x00,0x01,0x03,0x00,0xb0,0xb0,
  0xb0,0x00,0x05,0x01,0x00,0xb0,0x00,0xff,0x01,0x06,0x00,0xb0,0x00,0xb0,0x00,0xb0,0x00,0x00,0xff,0x01,0x06,0x00,0xb0,0x00,
  0xb0,0x00,0xb0,0x00,0x00,0xff,0x01,0x06,0x00,0xb0,0x00,0xb0,0xb0,0xb0,0x00,0x00,0xff,0x02,0x05,0x00,0x00,0x00,0x00,0x00,
  0x00,0x00,0xff,0x05,0x00,0x07,0x00,0x00,0x00,0x00,0x00,0x1c,0x00,0x00,0x00,0x26,0x00,0x00,0x00,0x31,0x00,0x00,0x00,0x3c,
  0x00,0x00,0x00,0x47,0x00,0x00,0x00,0x01,0x05,0x00,0xb0,0xb0,0xb0,0xb0,0xb0,0x00,0xff,0x01,0x06,0x00,0xb0,0x00,0xb0,0x00,
  0xb0,0x00,0x00,0xff,0x01,0x06,0x00,0xb0,0x00,0xb0,0x00,0xb0,0x00,0x00,0xff,0x01,0x06,0x00,0xb0,0x00,0xb0,0xb0,0xb0,0x00,
  0x00,0xff,0x02,0x05,0x00,0x00,0x00,0x00,0x00,0x00,0x00,0xff,0x05,0x00,0x07,0x00,0x00,0x00,0x00,0x00,0x1c,0x00,0x00,0x00,
  0x22,0x00,0x00,0x00,0x29,0x00,0x00,0x00,0x33,0x00,0x00,0x00,0x3e,0x00,0x00,0x00,0x01,0x01,0x00,0xb0,0x00,0xff,0x01,0x02,
  0x00,0xb0,0x00,0x00,0xff,0x01,0x05,0x00,0xb0,0x00,0xb0,0xb0,0xb0,0x00,0xff,0x01,0x06,0x00,0xb0,0xb0,0x00,0x00,0x00,0x00,
  0x00,0xff,0x02,0x02,0x00,0x00,0x00,0x00,0xff,0x05,0x00,0x07,0x00,0x00,0x00,0x00,0x00,0x1c,0x00,0x00,0x00,0x26,0x00,0x00,
  0x00,0x31,0x00,0x00,0x00,0x3c,0x00,0x00,0x00,0x47,0x00,0x00,0x00,0x01,0x05,0x00,0xb0,0xb0,0xb0,0xb0,0xb0,0x00,0xff,0x01,
  0x06,0x00,0xb0,0x00,0xb0,0x00,0xb0,0x00,0x00,0xff,0x01,0x06,0x00,0xb0,0x00,0xb0,0x00,0xb0,0x00,0x00,0xff,0x01,0x06,0x00,
  0xb0,0xb0,0xb0,0xb0,0xb0,0x00,0x00,0xff,0x02,0x05,0x00,0x00,0x00,0x00,0x00,0x00,0x00,0xff,0x05,0x00,0x07,0x00,0x00,0x00,
  0x00,0x00,0x1c,0x00,0x00,0x00,0x29,0x00,0x00,0x00,0x34,0x00,0x00,0x00,0x3f,0x00,0x00,0x00,0x4a,0x00,0x00,0x00,0x01,0x03,
  0x00,0xb0,0xb0,0xb0,0x00,0x05,0x01,0x00,0xb0,0x00,0xff,0x01,0x06,0x00,0xb0,0x00,0xb0,0x00,0xb0,0x00,0x00,0xff,0x01,0x06,
  0x00,0xb0,0x00,0xb0,0x00,0xb0,0x00,0x00,0xff,0x01,0x06,0x00,0xb0,0xb0,0xb0,0xb0,0xb0,0x00,0x00,0xff,0x02,0x05,0x00,0x00,
  0x00,0x00,0x00,0x00,0x00,0xff,0x05,0x00,0x07,0x00,0x00,0x00,0x00,0x00,0x1c,0x00,0x00,0x00,0x26,0x00,0x00,0x00,0x31,0x00,
  0x00,0x00,0x3a,0x00,0x00,0x00,0x44,0x00,0x00,0x00,0x01,0x05,0x00,0xb0,0xb0,0xb0,0xb0,0xb0,0x00,0xff,0x01,0x06,0x00,0xb0,
  0x00,0xb0,0x00,0x00,0x00,0x00,0xff,0x01,0x04,0x00,0xb0,0x00,0xb0,0x00,0x00,0xff,0x01,0x05,0x00,0xb0,0xb0,0xb0,0xb0,0xb0,
  0x00,0xff,0x02,0x05,0x00,0x00,0x00,0x00,0x00,0x00,0x00,0xff,0x05,0x00,0x07,0x00,0x00,0x00,0x00,0x00,0x1c,0x00,0x00,0x00,
  0x26,0x00,0x00,0x00,0x31,0x00,0x00,0x00,0x3c,0x00,0x00,0x00,0x46,0x00,0x00,0x00,0x01,0x05,0x00,0xb0,0xb0,0xb0,0xb0,0xb0,
  0x00,0xff,0x01,0x06,0x00,0xb0,0x00,0xb0,0x00,0xb0,0x00,0x00,0xff,0x01,0x06,0x00,0xb0,0xb0,0xb0,0x00,0xb0,0x00,0x00,0xff,
  0x02,0x05,0x00,0x00,0xb0,0xb0,0xb0,0x00,0x00,0xff,0x03,0x04,0x00,0x00,0x00,0x00,0x00,0x00,0xff,0x05,0x00,0x07,0x00,0x00,
  0x00,0x00,0x00,0x1c,0x00,0x00,0x00,0x26,0x00,0x00,0x00,0x31,0x00,0x00,0x00,0x3e,0x00,0x00,0x00,0x4b,0x00,0x00,0x00,0x01,
  0x05,0x00,0xb0,0xb0,0xb0,0xb0,0xb0,0x00,0xff,0x01,0x06,0x00,0xb0,0x00,0x00,0x00,0xb0,0x00,0x00,0xff,0x01,0x02,0x00,0xb0,
  0x00,0x00,0x05,0x02,0x00,0xb0,0x00,0x00,0xff,0x01,0x02,0x00,0xb0,0x00,0x00,0x05,0x02,0x00,0xb0,0x00,0x00,0xff,0x02,0x01,
  0x00,0x00,0x00,0x06,0x01,0x00,0x00,0x00,0xff,0x05,0x00,0x07,0x00,0x00,0x00,0x00,0x00,0x1c,0x00,0x00,0x00,0x26,0x00,0x00,
  0x00,0x31,0x00,0x00,0x00,0x3e,0x00,0x00,0x00,0x48,0x00,0x00,0x00,0x01,0x05,0x00,0xb0,0xb0,0xb0,0xb0,0xb0,0x00,0xff,0x01,
  0x06,0x00,0xb0,0x00,0x00,0x00,0xb0,0x00,0x00,0xff,0x01,0x02,0x00,0xb0,0x00,0x00,0x05,0x02,0x00,0xb0,0x00,0x00,0xff,0x02,
  0x05,0x00,0xb0,0xb0,0xb0,0x00,0x00,0x00,0xff,0x03,0x03,0x00,0x00,0x00,0x00,0x00,0xff,0x05,0x00,0x07,0x00,0x00,0x00,0x00,
  0x00,0x1c,0x00,0x00,0x00,0x26,0x00,0x00,0x00,0x31,0x00,0x00,0x00,0x3c,0x00,0x00,0x00,0x4a,0x00,0x00,0x00,0x01,0x05,0x00,
  0xb0,0xb0,0xb0,0xb0,0xb0,0x00,0xff,0x01,0x06,0x00,0xb0,0x00,0xb0,0x00,0xb0,0x00,0x00,0xff,0x01,0x06,0x00,0xb0,0x00,0xb0,
  0x00,0xb0,0x00,0x00,0xff,0x01,0x02,0x00,0xb0,0x00,0x00,0x04,0x03,0x00,0x00,0xb0,0x00,0x00,0xff,0x02,0x01,0x00,0x00,0x00,
  0x06,0x01,0x00,0x00,0x00,0xff,0x05,0x00,0x07,0x00,0x00,0x00,0x00,0x00,0x1c,0x00,0x00,0x00,0x26,0x00,0x00,0x00,0x31,0x00,
  0x00,0x00,0x3a,0x00,0x00,0x00,0x46,0x00,0x00,0x00,0x01,0x05,0x00,0xb0,0xb0,0xb0,0xb0,0xb0,0x00,0xff,0x01,0x06,0x00,0xb0,
  0x00,0xb0,0x00,0x00,0x00,0x00,0xff,0x01,0x04,0x00,0xb0,0x00,0xb0,0x00,0x00,0xff,0x01,0x02,0x00,0xb0,0x00,0x00,0x04,0x01,
  0x00,0x00,0x00,0xff,0x02,0x01,0x00,0x00,0x00,0xff,0x05,0x00,0x07,0x00,0x00,0x00,0x00,0x00,0x1c,0x00,0x00,0x00,0x26,0x00,
  0x00,0x00,0x31,0x00,0x00,0x00,0x3f,0x00,0x00,0x00,0x4a,0x00,0x00,0x00,0x01,0x05,0x00,0xb0,0xb0,0xb0,0xb0,0xb0,0x00,0xff,
  0x01,0x06,0x00,0xb0,0x00,0x00,0x00,0xb0,0x00,0x00,0xff,0x01,0x03,0x00,0xb0,0x00,0xb0,0x00,0x05,0x02,0x00,0xb0,0x00,0x00,
  0xff,0x01,0x06,0x00,0xb0,0x00,0xb0,0xb0,0xb0,0x00,0x00,0xff,0x02,0x01,0x00,0x00,0x00,0x04,0x03,0x00,0x00,0x00,0x00,0x00,
  0xff,0x05,0x00,0x07,0x00,0x00,0x00,0x00,0x00,0x1c,0x00,0x00,0x00,0x26,0x00,0x00,0x00,0x30,0x00,0x00,0x00,0x37,0x00,0x00,
  0x00,0x41,0x00,0x00,0x00,0x01,0x05,0x00,0xb0,0xb0,0xb0,0xb0,0xb0,0x00,0xff,0x02,0x05,0x00,0x00,0xb0,0x00,0x00,0x00,0x00,
  0xff,0x03,0x02,0x00,0xb0,0x00,0x00,0xff,0x01,0x05,0x00,0xb0,0xb0,0xb0,0xb0,0xb0,0x00,0xff,0x02,0x05,0x00,0x00,0x00,0x00,
  0x00,0x00,0x00,0xff,0x05,0x00,0x07,0x00,0x00,0x00,0x00,0x00,0x1c,0x00,0x00,0x00,0x1d,0x00,0x00,0x00,0x28,0x00,0x00,0x00,
  0x33,0x00,0x00,0x00,0x3e,0x00,0x00,0x00,0xff,0x01,0x01,0x00,0xb0,0x00,0x05,0x01,0x00,0xb0,0x00,0xff,0x01,0x06,0x00,0xb0,
  0xb0,0xb0,0xb0,0xb0,0x00,0x00,0xff,0x01,0x06,0x00,0xb0,0x00,0x00,0x00,0xb0,0x00,0x00,0xff,0x05,0x02,0x00,0x00,0x00,0x00,
  0xff,0x05,0x00,0x07,0x00,0x00,0x00,0x00,0x00,0x1c,0x00,0x00,0x00,0x28,0x00,0x00,0x00,0x35,0x00,0x00,0x00,0x40,0x00,0x00,
  0x00,0x4b,0x00,0x00,0x00,0x01,0x01,0x00,0xb0,0x00,0x04,0x02,0x00,0xb0,0xb0,0x00,0xff,0x01,0x02,0x00,0xb0,0x00,0x00,0x05,
  0x02,0x00,0xb0,0x00,0x00,0xff,0x01,0x06,0x00,0xb0,0xb0,0xb0,0xb0,0xb0,0x00,0x00,0xff,0x01,0x06,0x00,0xb0,0x00,0x00,0x00,
  0x00,0x00,0x00,0xff,0x02,0x01,0x00,0x00,0x00,0xff,0x05,0x00,0x07,0x00,0x00,0x00,0x00,0x00,0x1c,0x00,0x00,0x00,0x26,0x00,
  0x00,0x00,0x30,0x00,0x00,0x00,0x39,0x00,0x00,0x00,0x44,0x00,0x00,0x00,0x01,0x05,0x00,0xb0,0xb0,0xb0,0xb0,0xb0,0x00,0xff,
  0x02,0x05,0x00,0x00,0xb0,0x00,0x00,0x00,0x00,0xff,0x01,0x04,0x00,0xb0,0xb0,0xb0,0x00,0x00,0xff,0x01,0x06,0x00,0xb0,0x00,
  0xb0,0xb0,0xb0,0x00,0x00,0xff,0x02,0x01,0x00,0x00,0x00,0x04,0x03,0x00,0x00,0x00,0x00,0x00,0xff,0x05,0x00,0x07,0x00,0x00,
  0x00,0x00,0x00,0x1c,0x00,0x00,0x00,0x26,0x00,0x00,0x00,0x30,0x00,0x00,0x00,0x37,0x00,0x00,0x00,0x3e,0x00,0x00,0x00,0x01,
  0x05,0x00,0xb0,0xb0,0xb0,0xb0,0xb0,0x00,0xff,0x02,0x05,0x00,0x00,0x00,0x00,0xb0,0x00,0x00,0xff,0x05,0x02,0x00,0xb0,0x00,
  0x00,0xff,0x05,0x02,0x00,0xb0,0x00,0x00,0xff,0x06,0x01,0x00,0x00,0x00,0xff,0x05,0x00,0x07,0x00,0x00,0x00,0x00,0x00,0x1c,
  0x00,0x00,0x00,0x26,0x00,0x00,0x00,0x30,0x00,0x00,0x00,0x38,0x00,0x00,0x00,0x42,0x00,0x00,0x00,0x01,0x05,0x00,0xb0,0xb0,
  0xb0,0xb0,0xb0,0x00,0xff,0x02,0x05,0x00,0xb0,0xb0,0x00,0x00,0x00,0x00,0xff,0x02,0x03,0x00,0xb0,0xb0,0x00,0x00,0xff,0x01,
  0x05,0x00,0xb0,0xb0,0xb0,0xb0,0xb0,0x00,0xff,0x02,0x05,0x00,0x00,0x00,0x00,0x00,0x00,0x00,0xff,0x05,0x00,0x07,0x00,0x00,
  0x00,0x00,0x00,0x1c,0x00,0x00,0x00,0x26,0x00,0x00,0x00,0x30,0x00,0x00,0x00,0x37,0x00,0x00,0x00,0x41,0x00,0x00,0x00,0x01,
  0x05,0x00,0xb0,0xb0,0xb0,0xb0,0xb0,0x00,0xff,0x02,0x05,0x00,0xb0,0xb0,0x00,0x00,0x00,0x00,0xff,0x03,0x02,0x00,0xb0,0xb0,
  0x00,0xff,0x01,0x05,0x00,0xb0,0xb0,0xb0,0xb0,0xb0,0x00,0xff,0x02,0x05,0x00,0x00,0x00,0x00,0x00,0x00,0x00,0xff,0x05,0x00,
  0x07,0x00,0x00,0x00,0x00,0x00,0x1c,0x00,0x00,0x00,0x26,0x00,0x00,0x00,0x31,0x00,0x00,0x00,0x3e,0x00,0x00,0x00,0x49,0x00,
  0x00,0x00,0x01,0x05,0x00,0xb0,0xb0,0xb0,0xb0,0xb0,0x00,0xff,0x01,0x06,0x00,0xb0,0x00,0x00,0x00,0xb0,0x00,0x00,0xff,0x01,
  0x02,0x00,0xb0,0x00,0x00,0x05,0x02,0x00,0xb0,0x00,0x00,0xff,0x01,0x06,0x00,0xb0,0xb0,0xb0,0xb0,0xb0,0x00,0x00,0xff,0x02,
  0x05,0x00,0x00,0x00,0x00,0x00,0x00,0x00,0xff,0x05,0x00,0x07,0x00,0x00,0x00,0x00,0x00,0x1c,0x00,0x00,0x00,0x26,0x00,0x00,
  0x00,0x31,0x00,0x00,0x00,0x3a,0x00,0x00,0x00,0x43,0x00,0x00,0x00,0x01,0x05,0x00,0xb0,0xb0,0xb0,0xb0,0xb0,0x00,0xff,0x01,
  0x06,0x00,0xb0,0x00,0xb0,0x00,0x00,0x00,0x00,0xff,0x01,0x04,0x00,0xb0,0x00,0xb0,0x00,0x00,0xff,0x01,0x04,0x00,0xb0,0xb0,
  0xb0,0x00,0x00,0xff,0x02,0x03,0x00,0x00,0x00,0x00,0x00,0xff,0x05,0x00,0x07,0x00,0x00,0x00,0x00,0x00,0x1c,0x00,0x00,0x00,
  0x26,0x00,0x00,0x00,0x31,0x00,0x00,0x00,0x3f,0x00,0x00,0x00,0x4a,0x00,0x00,0x00,0x01,0x05,0x00,0xb0,0xb0,0xb0,0xb0,0xb0,
  0x00,0xff,0x01,0x06,0x00,0xb0,0x00,0x00,0xb0,0xb0,0x00,0x00,0xff,0x01,0x02,0x00,0xb0,0x00,0x00,0x04,0x03,0x00,0x00,0xb0,
  0xb0,0x00,0xff,0x01,0x06,0x00,0xb0,0xb0,0xb0,0xb0,0xb0,0x00,0x00,0xff,0x02,0x05,0x00,0x00,0x00,0x00,0x00,0x00,0x00,0xff,
  0x05,0x00,0x07,0x00,0x00,0x00,0x00,0x00,0x1c,0x00,0x00,0x00,0x26,0x00,0x00,0x00,0x31,0x00,0x00,0x00,0x3a,0x00,0x00,0x00,
  0x43,0x00,0x00,0x00,0x01,0x05,0x00,0xb0,0xb0,0xb0,0xb0,0xb0,0x00,0xff,0x01,0x06,0x00,0xb0,0x00,0xb0,0x00,0x00,0x00,0x00,
  0xff,0x01,0x04,0x00,0xb0,0xb0,0xb0,0x00,0x00,0xff,0x02,0x04,0x00,0x00,0xb0,0xb0,0xb0,0x00,0xff,0x03,0x04,0x00,0x00,0x00,
  0x00,0x00,0x00,0xff,0x05,0x00,0x07,0x00,0x00,0x00,0x00,0x00,0x1c,0x00,0x00,0x00,0x29,0x00,0x00,0x00,0x34,0x00,0x00,0x00,
  0x3f,0x00,0x00,0x00,0x4a,0x00,0x00,0x00,0x01,0x03,0x00,0xb0,0xb0,0xb0,0x00,0x05,0x01,0x00,0xb0,0x00,0xff,0x01,0x06,0x00,
  0xb0,0x00,0xb0,0x00,0xb0,0x00,0x00,0xff,0x01,0x06,0x00,0xb0,0x00,0xb0,0x00,0xb0,0x00,0x00,0xff,0x01,0x06,0x00,0xb0,0x00,
  0xb0,0xb0,0xb0,0x00,0x00,0xff,0x02,0x05,0x00,0x00,0x00,0x00,0x00,0x00,0x00,0xff,0x05,0x00,0x07,0x00,0x00,0x00,0x00,0x00,
  0x1c,0x00,0x00,0x00,0x22,0x00,0x00,0x00,0x29,0x00,0x00,0x00,0x33,0x00,0x00,0x00,0x3e,0x00,0x00,0x00,0x01,0x01,0x00,0xb0,
  0x00,0xff,0x01,0x02,0x00,0xb0,0x00,0x00,0xff,0x01,0x05,0x00,0xb0,0xb0,0xb0,0xb0,0xb0,0x00,0xff,0x01,0x06,0x00,0xb0,0x00,
  0x00,0x00,0x00,0x00,0x00,0xff,0x02,0x01,0x00,0x00,0x00,0xff,0x05,0x00,0x07,0x00,0x00,0x00,0x00,0x00,0x1c,0x00,0x00,0x00,
  0x26,0x00,0x00,0x00,0x30,0x00,0x00,0x00,0x37,0x00,0x00,0x00,0x42,0x00,0x00,0x00,0x01,0x05,0x00,0xb0,0xb0,0xb0,0xb0,0xb0,
  0x00,0xff,0x02,0x05,0x00,0x00,0x00,0x00,0xb0,0x00,0x00,0xff,0x05,0x02,0x00,0xb0,0x00,0x00,0xff,0x01,0x06,0x00,0xb0,0xb0,
  0xb0,0xb0,0xb0,0x00,0x00,0xff,0x02,0x05,0x00,0x00,0x00,0x00,0x00,0x00,0x00,0xff,0x05,0x00,0x07,0x00,0x00,0x00,0x00,0x00,
  0x1c,0x00,0x00,0x00,0x24,0x00,0x00,0x00,0x2d,0x00,0x00,0x00,0x35,0x00,0x00,0x00,0x40,0x00,0x00,0x00,0x01,0x03,0x00,0xb0,
  0xb0,0xb0,0x00,0xff,0x02,0x04,0x00,0x00,0x00,0xb0,0xb0,0x00,0xff,0x04,0x03,0x00,0xb0,0xb0,0x00,0x00,0xff,0x01,0x06,0x00,
  0xb0,0xb0,0xb0,0x00,0x00,0x00,0x00,0xff,0x02,0x03,0x00,0x00,0x00,0x00,0x00,0xff,0x05,0x00,0x07,0x00,0x00,0x00,0x00,0x00,
  0x1c,0x00,0x00,0x00,0x26,0x00,0x00,0x00,0x2f,0x00,0x00,0x00,0x38,0x00,0x00,0x00,0x43,0x00,0x00,0x00,0x01,0x05,0x00,0xb0,
  0xb0,0xb0,0xb0,0xb0,0x00,0xff,0x03,0x04,0x00,0xb0,0xb0,0x00,0x00,0x00,0xff,0x03,0x04,0x00,0xb0,0xb0,0x00,0x00,0x00,0xff,
  0x01,0x06,0x00,0xb0,0xb0,0xb0,0xb0,0xb0,0x00,0x00,0xff,0x02,0x05,0x00,0x00,0x00,0x00,0x00,0x00,0x00,0xff,0x05,0x00,0x07,
  0x00,0x00,0x00,0x00,0x00,0x1c,0x00,0x00,0x00,0x29,0x00,0x00,0x00,0x33,0x00,0x00,0x00,0x3c,0x00,0x00,0x00,0x47,0x00,0x00,
  0x00,0x01,0x02,0x00,0xb0,0xb0,0x00,0x04,0x02,0x00,0xb0,0xb0,0x00,0xff,0x02,0x05,0x00,0xb0,0xb0,0xb0,0x00,0x00,0x00,0xff,
  0x02,0x04,0x00,0xb0,0xb0,0xb0,0x00,0x00,0xff,0x01,0x06,0x00,0xb0,0xb0,0x00,0xb0,0xb0,0x00,0x00,0xff,0x02,0x05,0x00,0x00,
  0x00,0x00,0x00,0x00,0x00,0xff,0x05,0x00,0x07,0x00,0x00,0x00,0x00,0x00,0x1c,0x00,0x00,0x00,0x2a,0x00,0x00,0x00,0x34,0x00,
  0x00,0x00,0x3d,0x00,0x00,0x00,0x48,0x00,0x00,0x00,0x01,0x03,0x00,0xb0,0xb0,0xb0,0x00,0x05,0x02,0x00,0xb0,0x00,0x00,0xff,
  0x02,0x05,0x00,0x00,0xb0,0x00,0xb0,0x00,0x00,0xff,0x03,0x04,0x00,0xb0,0x00,0xb0,0x00,0x00,0xff,0x01,0x06,0x00,0xb0,0xb0,
  0xb0,0xb0,0xb0,0x00,0x00,0xff,0x02,0x05,0x00,0x00,0x00,0x00,0x00,0x00,0x00,0xff,0x05,0x00,0x07,0x00,0x00,0x00,0x00,0x00,
  0x1c,0x00,0x00,0x00,0x28,0x00,0x00,0x00,0x33,0x00,0x00,0x00,0x3e,0x00,0x00,0x00,0x49,0x00,0x00,0x00,0x01,0x01,0x00,0xb0,
  0x00,0x04,0x02,0x00,0xb0,0xb0,0x00,0xff,0x01,0x06,0x00,0xb0,0x00,0xb0,0xb0,0xb0,0x00,0x00,0xff,0x01,0x06,0x00,0xb0,0xb0,
  0xb0,0x00,0xb0,0x00,0x00,0xff,0x01,0x06,0x00,0xb0,0xb0,0x00,0x00,0xb0,0x00,0x00,0xff,0x02,0x02,0x00,0x00,0x00,0x00,0x06,
  0x01,0x00,0x00,0x00,0xff,0x05,0x00,0x07,0x00,0x00,0x00,0x00,0x00,0x1c,0x00,0x00,0x00,0x1d,0x00,0x00,0x00,0x23,0x00,0x00,
  0x00,0x2a,0x00,0x00,0x00,0x31,0x00,0x00,0x00,0xff,0x03,0x01,0x00,0xb0,0x00,0xff,0x03,0x02,0x00,0xb0,0x00,0x00,0xff,0x03,
  0x02,0x00,0xb0,0x00,0x00,0xff,0x04,0x01,0x00,0x00,0x00,0xff,0x05,0x00,0x07,0x00,0x00,0x00,0x00,0x00,0x1c,0x00,0x00,0x00,
  0x1d,0x00,0x00,0x00,0x24,0x00,0x00,0x00,0x2b,0x00,0x00,0x00,0x32,0x00,0x00,0x00,0xff,0x04,0x02,0x00,0xb0,0x00,0x00,0xff,
  0x03,0x02,0x00,0xb0,0x00,0x00,0xff,0x02,0x02,0x00,0xb0,0x00,0x00,0xff,0xff,0x05,0x00,0x07,0x00,0x00,0x00,0x00,0x00,0x1c,
  0x00,0x00,0x00,0x1d,0x00,0x00,0x00,0x1e,0x00,0x00,0x00,0x29,0x00,0x00,0x00,0x34,0x00,0x00,0x00,0xff,0xff,0x02,0x01,0x00,
  0xb0,0x00,0x04,0x01,0x00,0xb0,0x00,0xff,0x03,0x01,0x00,0x00,0x00,0x05,0x01,0x00,0x00,0x00,0xff,0xff,0x05,0x00,0x07,0x00,
  0x00,0x00,0x00,0x00,0x1c,0x00,0x00,0x00,0x1d,0x00,0x00,0x00,0x27,0x00,0x00,0x00,0x32,0x00,0x00,0x00,0x3d,0x00,0x00,0x00,
  0xff,0x01,0x05,0x00,0xb0,0xb0,0xb0,0xb0,0xb0,0x00,0xff,0x01,0x06,0x00,0xb0,0x00,0x00,0x00,0xb0,0x00,0x00,0xff,0x02,0x01,
  0x00,0x00,0x00,0x06,0x01,0x00,0x00,0x00,0xff,0xff,0x05,0x00,0x07,0x00,0x00,0x00,0x00,0x00,0x1c,0x00,0x00,0x00,0x1d,0x00,
  0x00,0x00,0x28,0x00,0x00,0x00,0x33,0x00,0x00,0x00,0x3d,0x00,0x00,0x00,0xff,0x01,0x01,0x00,0xb0,0x00,0x05,0x01,0x00,0xb0,
  0x00,0xff,0x01,0x06,0x00,0xb0,0xb0,0xb0,0xb0,0xb0,0x00,0x00,0xff,0x02,0x05,0x00,0x00,0x00,0x00,0x00,0x00,0x00,0xff,0xff,
  0x08,0x00,0x08,0x00,0x00,0x00,0x00,0x00,0x28,0x00,0x00,0x00,0x34,0x00,0x00,0x00,0x35,0x00,0x00,0x00,0x41,0x00,0x00,0x00,
  0x42,0x00,0x00,0x00,0x4e,0x00,0x00,0x00,0x4f,0x00,0x00,0x00,0x5b,0x00,0x00,0x00,0x00,0x07,0x00,0x2f,0xb9,0xb4,0xb0,0xb4,
  0xb9,0x2f,0x00,0xff,0xff,0x00,0x07,0x00,0x2f,0xb9,0xb4,0xb0,0xb4,0xb9,0x2f,0x00,0xff,0xff,0x00,0x07,0x00,0x2f,0xb9,0xb4,
  0xb0,0xb4,0xb9,0x2f,0x00,0xff,0xff,0x00,0x07,0x00,0x2f,0xb9,0xb4,0xb0,0xb4,0xb9,0x2f,0x00,0xff,0xff,0x08,0x00,0x08,0x00,
  0x00,0x00,0x00,0x00,0x28,0x00,0x00,0x00,0x34,0x00,0x00,0x00,0x35,0x00,0x00,0x00,0x41,0x00,0x00,0x00,0x42,0x00,0x00,0x00,
  0x4e,0x00,0x00,0x00,0x4f,0x00,0x00,0x00,0x50,0x00,0x00,0x00,0x00,0x07,0x00,0x2f,0xb9,0xb4,0xb0,0xb4,0xb9,0x2f,0x00,0xff,
  0xff,0x00,0x07,0x00,0x2f,0xb9,0xb4,0xb0,0xb4,0xb9,0x2f,0x00,0xff,0xff,0x00,0x07,0x00,0x2f,0xb9,0xb4,0xb0,0xb4,0xb9,0x2f,
  0x00,0xff,0xff,0xff,0xff,0x08,0x00,0x08,0x00,0x00,0x00,0x00,0x00,0x28,0x00,0x00,0x00,0x34,0x00,0x00,0x00,0x35,0x00,0x00,
  0x00,0x41,0x00,0x00,0x00,0x42,0x00,0x00,0x00,0x43,0x00,0x00,0x00,0x44,0x00,0x00,0x00,0x45,0x00,0x00,0x00,0x00,0x07,0x00,
  0x2f,0xb9,0xb4,0xb0,0xb4,0xb9,0x2f,0x00,0xff,0xff,0x00,0x07,0x00,0x2f,0xb9,0xb4,0xb0,0xb4,0xb9,0x2f,0x00,0xff,0xff,0xff,
  0xff,0xff,0xff,0x08,0x00,0x08,0x00,0x00,0x00,0x00,0x00,0x28,0x00,0x00,0x00,0x34,0x00,0x00,0x00,0x35,0x00,0x00,0x00,0x36,
  0x00,0x00,0x00,0x37,0x00,0x00,0x00,0x38,0x00,0x00,0x00,0x39,0x00,0x00,0x00,0x3a,0x00,0x00,0x00,0x00,0x07,0x00,0x2f,0xb9,
  0xb4,0xb0,0xb4,0xb9,0x2f,0x00,0xff,0xff,0xff,0xff,0xff,0xff,0xff,0xff,0x08,0x00,0x08,0x00,0x00,0x00,0x00,0x00,0x28,0x00,
  0x00,0x00,0x29,0x00,0x00,0x00,0x2a,0x00,0x00,0x00,0x2b,0x00,0x00,0x00,0x2c,0x00,0x00,0x00,0x2d,0x00,0x00,0x00,0x2e,0x00,
  0x00,0x00,0x2f,0x00,0x00,0x00,0xff,0xff,0xff,0xff,0xff,0xff,0xff,0xff,0x08,0x00,0x08,0x00,0x00,0x00,0x00,0x00,0x28,0x00,
  0x00,0x00,0x35,0x00,0x00,0x00,0x42,0x00,0x00,0x00,0x4f,0x00,0x00,0x00,0x5c,0x00,0x00,0x00,0x69,0x00,0x00,0x00,0x76,0x00,
  0x00,0x00,0x83,0x00,0x00,0x00,0x00,0x08,0x00,0x9f,0x0a,0x0a,0x0a,0x0a,0x09,0x0a,0x09,0x00,0xff,0x00,0x08,0x00,0x0a,0x0b,
  0x7e,0x0b,0x7e,0x7e,0x7e,0x7e,0x00,0xff,0x00,0x08,0x00,0x0a,0x7e,0xef,0xee,0xee,0xee,0xee,0xee,0x00,0xff,0x00,0x08,0x00,
  0x0a,0x0b,0xef,0x97,0x97,0x4c,0x4d,0x97,0x00,0xff,0x00,0x08,0x00,0x0a,0x7e,0xef,0x97,0x4c,0x97,0x97,0x97,0x00,0xff,0x00,
  0x08,0x00,0x09,0x7e,0xef,0x97,0x97,0x97,0x4d,0x4d,0x00,0xff,0x00,0x08,0x00,0x0a,0x7e,0xef,0x4d,0x4e,0x4d,0x4d,0x4e,0x00,
  0xff,0x00,0x08,0x00,0x09,0x7e,0xef,0x97,0x97,0x4d,0x4d,0x4d,0x00,0xff,0x08,0x00,0x08,0x00,0x00,0x00,0x00,0x00,0x28,0x00,
  0x00,0x00,0x35,0x00,0x00,0x00,0x42,0x00,0x00,0x00,0x4f,0x00,0x00,0x00,0x5c,0x00,0x00,0x00,0x69,0x00,0x00,0x00,0x76,0x00,
  0x00,0x00,0x83,0x00,0x00,0x00,0x00,0x08,0x00,0x09,0x0b,0xef,0x97,0x97,0x97,0x4d,0x4d,0x00,0xff,0x00,0x08,0x00,0x0a,0x7e,
  0xef,0x4d,0x4d,0x4e,0x4d,0x4d,0x00,0xff,0x00,0x08,0x00,0x09,0x7e,0xef,0x4e,0x97,0x4d,0x4e,0x4e,0x00,0xff,0x00,0x08,0x00,
  0x0a,0x0b,0xef,0x4d,0x4d,0x4e,0x4d,0x4d,0x00,0xff,0x00,0x08,0x00,0x0a,0x7e,0xef,0x97,0x4d,0x4d,0x97,0x4d,0x00,0xff,0x00,
  0x08,0x00,0x09,0x7e,0xef,0x4d,0x4e,0x4d,0x4d,0x4d,0x00,0xff,0x00,0x08,0x00,0x0a,0x7e,0xef,0x4e,0x4d,0x4d,0x97,0x4d,0x00,
  0xff,0x00,0x08,0x00,0x09,0x7e,0xef,0x4d,0x4e,0x4d,0x4d,0x4d,0x00,0xff,0x08,0x00,0x08,0x00,0x00,0x00,0x00,0x00,0x28,0x00,
  0x00,0x00,0x35,0x00,0x00,0x00,0x42,0x00,0x00,0x00,0x4f,0x00,0x00,0x00,0x5c,0x00,0x00,0x00,0x69,0x00,0x00,0x00,0x76,0x00,
  0x00,0x00,0x83,0x00,0x00,0x00,0x00,0x08,0x00,0x09,0x0b,0xef,0x4e,0x4e,0x4d,0x97,0x97,0x00,0xff,0x00,0x08,0x00,0x0a,0x7e,
  0xef,0x4d,0x97,0x4d,0x97,0x4d,0x00,0xff,0x00,0x08,0x00,0x09,0x7e,0xef,0x97,0x4e,0x97,0x4c,0x97,0x00,0xff,0x00,0x08,0x00,
  0x0a,0x7e,0xef,0x97,0x97,0x4d,0x4c,0x4c,0x00,0xff,0x00,0x08,0x00,0x09,0x7e,0xef,0x97,0x97,0x97,0x97,0x4c,0x00,0xff,0x00,
  0x08,0x00,0x0a,0x7e,0xef,0xee,0xee,0xee,0xee,0xee,0x00,0xff,0x00,0x08,0x00,0x0a,0x0b,0x7e,0x0b,0x7e,0x7e,0x7e,0x7e,0x00,
  0xff,0x00,0x08,0x00,0x9f,0x0a,0x0a,0x0a,0x0a,0x09,0x0a,0x09,0x00,0xff,0x08,0x00,0x08,0x00,0x00,0x00,0x00,0x00,0x28,0x00,
  0x00,0x00,0x35,0x00,0x00,0x00,0x42,0x00,0x00,0x00,0x4f,0x00,0x00,0x00,0x5c,0x00,0x00,0x00,0x69,0x00,0x00,0x00,0x76,0x00,
  0x00,0x00,0x83,0x00,0x00,0x00,0x00,0x08,0x00,0x0a,0x0a,0x09,0x0a,0x09,0x09,0x0a,0x09,0x00,0xff,0x00,0x08,0x00,0x0b,0x7e,
  0x7e,0x7e,0x7e,0x0b,0x7e,0x7e,0x00,0xff,0x00,0x08,0x00,0xee,0xee,0xee,0xee,0xee,0xee,0xee,0xee,0x00,0xff,0x00,0x08,0x00,
  0x97,0x97,0x4c,0x4d,0x97,0x97,0x97,0x97,0x00,0xff,0x00,0x08,0x00,0x97,0x4c,0x97,0x97,0x97,0x4d,0x97,0x97,0x00,0xff,0x00,
  0x08,0x00,0x97,0x97,0x97,0x4d,0x4d,0x97,0x4e,0x97,0x00,0xff,0x00,0x08,0x00,0x4d,0x4e,0x4d,0x4d,0x4e,0x4d,0x97,0x4d,0x00,
  0xff,0x00,0x08,0x00,0x97,0x97,0x4d,0x4d,0x4d,0x4d,0x4e,0x4e,0x00,0xff,0x08,0x00,0x08,0x00,0x00,0x00,0x00,0x00,0x28,0x00,
  0x00,0x00,0x35,0x00,0x00,0x00,0x42,0x00,0x00,0x00,0x4f,0x00,0x00,0x00,0x5c,0x00,0x00,0x00,0x69,0x00,0x00,0x00,0x76,0x00,
  0x00,0x00,0x83,0x00,0x00,0x00,0x00,0x08,0x00,0x97,0x97,0x97,0x4d,0x4d,0x4d,0x4e,0x4d,0x00,0xff,0x00,0x08,0x00,0x4d,0x4d,
  0x4e,0x4d,0x4d,0x4d,0x4d,0x4e,0x00,0xff,0x00,0x08,0x00,0x4e,0x97,0x4d,0x4e,0x4e,0x4d,0x4e,0x4d,0x00,0xff,0x00,0x08,0x00,
  0x4d,0x4d,0x4e,0x4d,0x4d,0x4d,0x4d,0x97,0x00,0xff,0x00,0x08,0x00,0x97,0x4d,0x4d,0x97,0x4d,0x4e,0x4d,0x4d,0x00,0xff,0x00,
  0x08,0x00,0x4d,0x4e,0x4d,0x4d,0x4d,0x4d,0x97,0x4e,0x00,0xff,0x00,0x08,0x00,0x4e,0x4d,0x4d,0x97,0x4d,0x4e,0x4d,0x4d,0x00,
  0xff,0x00,0x08,0x00,0x4d,0x4e,0x4d,0x4d,0x4d,0x97,0x97,0x97,0x00,0xff,0x08,0x00,0x08,0x00,0x00,0x00,0x00,0x00,0x28,0x00,
  0x00,0x00,0x35,0x00,0x00,0x00,0x42,0x00,0x00,0x00,0x4f,0x00,0x00,0x00,0x5c,0x00,0x00,0x00,0x69,0x00,0x00,0x00,0x76,0x00,
  0x00,0x00,0x83,0x00,0x00,0x00,0x00,0x08,0x00,0x4e,0x4e,0x4d,0x97,0x97,0x4d,0x97,0x97,0x00,0xff,0x00,0x08,0x00,0x4d,0x97,
  0x4d,0x97,0x4d,0x4d,0x4e,0x4d,0x00,0xff,0x00,0x08,0x00,0x97,0x4e,0x97,0x4c,0x97,0x97,0x97,0x97,0x00,0xff,0x00,0x08,0x00,
  0x97,0x97,0x4d,0x4c,0x4c,0x97,0x4c,0x97,0x00,0xff,0x00,0x08,0x00,0x97,0x97,0x97,0x97,0x4c,0x4c,0x97,0x97,0x00,0xff,0x00,
  0x08,0x00,0xee,0xee,0xee,0xee,0xee,0xee,0xee,0xee,0x00,0xff,0x00,0x08,0x00,0x0b,0x7e,0x7e,0x7e,0x7e,0x0b,0x7e,0x7e,0x00,
  0xff,0x00,0x08,0x00,0x0a,0x0a,0x09,0x0a,0x09,0x09,0x0a,0x09,0x00,0xff,0x08,0x00,0x08,0x00,0x00,0x00,0x00,0x00,0x28,0x00,
  0x00,0x00,0x35,0x00,0x00,0x00,0x42,0x00,0x00,0x00,0x4f,0x00,0x00,0x00,0x5c,0x00,0x00,0x00,0x69,0x00,0x00,0x00,0x76,0x00,
  0x00,0x00,0x83,0x00,0x00,0x00,0x00,0x08,0x00,0x0a,0x09,0x09,0x0a,0x09,0x0a,0x09,0x0a,0x00,0xff,0x00,0x08,0x00,0x7e,0x7e,
  0x0b,0x7e,0x7e,0x7e,0x0a,0x0b,0x00,0xff,0x00,0x08,0x00,0xee,0xee,0xee,0xee,0xee,0x0a,0x0a,0x7e,0x00,0xff,0x00,0x08,0x00,
  0x4d,0x97,0x97,0x97,0x97,0x9f,0x0a,0x0b,0x00,0xff,0x00,0x08,0x00,0x97,0x97,0x4d,0x97,0x97,0x09,0x0a,0x7e,0x00,0xff,0x00,
  0x08,0x00,0x4d,0x4d,0x97,0x4e,0x97,0x09,0x09,0x7e,0x00,0xff,0x00,0x08,0x00,0x4d,0x4e,0x4d,0x97,0x4d,0x9f,0x0a,0x7e,0x00,
  0xff,0x00,0x08,0x00,0x4d,0x4d,0x4d,0x4e,0x4e,0x9f,0x09,0x7e,0x00,0xff,0x08,0x00,0x08,0x00,0x00,0x00,0x00,0x00,0x28,0x00,
  0x00,0x00,0x35,0x00,0x00,0x00,0x42,0x00,0x00,0x00,0x4f,0x00,0x00,0x00,0x5c,0x00,0x00,0x00,0x69,0x00,0x00,0x00,0x76,0x00,
  0x00,0x00,0x83,0x00,0x00,0x00,0x00,0x08,0x00,0x4d,0x4d,0x4d,0x4e,0x4d,0x09,0x09,0x0b,0x00,0xff,0x00,0x08,0x00,0x4d,0x4d,
  0x4d,0x4d,0x4e,0x9f,0x0a,0x7e,0x00,0xff,0x00,0x08,0x00,0x4e,0x4e,0x4d,0x4e,0x4d,0x09,0x09,0x7e,0x00,0xff,0x00,0x08,0x00,
  0x4d,0x4d,0x4d,0x4d,0x97,0x9f,0x0a,0x0b,0x00,0xff,0x00,0x08,0x00,0x97,0x4d,0x4e,0x4d,0x4d,0x09,0x0a,0x7e,0x00,0xff,0x00,
  0x08,0x00,0x4d,0x4d,0x4d,0x97,0x4e,0x09,0x09,0x7e,0x00,0xff,0x00,0x08,0x00,0x97,0x4d,0x4e,0x4d,0x4d,0x9f,0x0a,0x7e,0x00,
  0xff,0x00,0x08,0x00,0x4d,0x4d,0x97,0x97,0x97,0x9f,0x09,0x7e,0x00,0xff,0x08,0x00,0x08,0x00,0x00,0x00,0x00,0x00,0x28,0x00,
  0x00,0x00,0x35,0x00,0x00,0x00,0x42,0x00,0x00,0x00,0x4f,0x00,0x00,0x00,0x5c,0x00,0x00,0x00,0x69,0x00,0x00,0x00,0x76,0x00,
  0x00,0x00,0x83,0x00,0x00,0x00,0x00,0x08,0x00,0x97,0x97,0x4d,0x97,0x97,0x09,0x09,0x0b,0x00,0xff,0x00,0x08,0x00,0x97,0x4d,
  0x4d,0x4e,0x4d,0x9f,0x0a,0x7e,0x00,0xff,0x00,0x08,0x00,0x4c,0x97,0x97,0x97,0x97,0x09,0x09,0x7e,0x00,0xff,0x00,0x08,0x00,
  0x4c,0x4c,0x97,0x4c,0x97,0x9f,0x0a,0x7e,0x00,0xff,0x00,0x08,0x00,0x97,0x4c,0x4c,0x97,0x97,0x09,0x09,0x7e,0x00,0xff,0x00,
  0x08,0x00,0xee,0xee,0xee,0xee,0xee,0x09,0x0a,0x7e,0x00,0xff,0x00,0x08,0x00,0x7e,0x7e,0x0b,0x7e,0x7e,0x7e,0x0a,0x0b,0x00,
  0xff,0x00,0x08,0x00,0x0a,0x09,0x09,0x0a,0x09,0x0a,0x09,0x0a,0x00,0xff,0x07,0x00,0x07,0x00,0x00,0x00,0x00,0x00,0x24,0x00,
  0x00,0x00,0x2b,0x00,0x00,0x00,0x33,0x00,0x00,0x00,0x3e,0x00,0x00,0x00,0x4a,0x00,0x00,0x00,0x56,0x00,0x00,0x00,0x60,0x00,
  0x00,0x00,0x01,0x02,0x00,0xc6,0xc8,0x00,0xff,0x00,0x03,0x00,0xc6,0xca,0xcb,0x00,0xff,0x00,0x06,0x00,0xc6,0x00,0xca,0xcc,
  0xc7,0xc5,0x00,0xff,0x00,0x07,0x00,0xc6,0xca,0xca,0xc6,0xcf,0xc7,0xcb,0x00,0xff,0x00,0x07,0x00,0xc8,0x00,0xc9,0xc7,0xc8,
  0xcf,0xca,0x00,0xff,0x02,0x05,0x00,0xca,0xc7,0xcf,0xc7,0xca,0x00,0xff,0x03,0x03,0x00,0xcc,0xc7,0xc5,0x00,0xff,0x07,0x00,
  0x07,0x00,0x00,0x00,0x00,0x00,0x24,0x00,0x00,0x00,0x2b,0x00,0x00,0x00,0x33,0x00,0x00,0x00,0x3e,0x00,0x00,0x00,0x4a,0x00,
  0x00,0x00,0x56,0x00,0x00,0x00,0x60,0x00,0x00,0x00,0x01,0x02,0x00,0xa1,0xa1,0x00,0xff,0x00,0x03,0x00,0xa1,0xa3,0xa3,0x00,
  0xff,0x00,0x06,0x00,0xa1,0x00,0xa3,0xdc,0xa2,0xeb,0x00,0xff,0x00,0x07,0x00,0xa1,0xa3,0xd9,0xa2,0xf6,0xd6,0xdd,0x00,0xff,
  0x00,0x07,0x00,0xa1,0x00,0xd6,0xd5,0xd6,0xf6,0xda,0x00,0xff,0x02,0x05,0x00,0xd9,0xa2,0xf6,0xd6,0xdd,0x00,0xff,0x03,0x03,
  0x00,0xdc,0xa2,0xeb,0x00,0xff,0x07,0x00,0x07,0x00,0x00,0x00,0x00,0x00,0x24,0x00,0x00,0x00,0x2b,0x00,0x00,0x00,0x33,0x00,
  0x00,0x00,0x3e,0x00,0x00,0x00,0x4a,0x00,0x00,0x00,0x56,0x00,0x00,0x00,0x60,0x00,0x00,0x00,0x01,0x02,0x00,0xae,0xb0,0x00,
  0xff,0x00,0x03,0x00,0xae,0xb3,0xb3,0x00,0xff,0x00,0x06,0x00,0xb0,0x00,0xb3,0xb8,0xae,0xae,0x00,0xff,0x00,0x07,0x00,0xb0,
  0xb3,0xb9,0xaf,0xf6,0xb9,0xb6,0x00,0xff,0x00,0x07,0x00,0xb0,0x00,0xb7,0xb1,0xb0,0xf6,0xb3,0x00,0xff,0x02,0x05,0x00,0xb9,
  0xb1,0xf6,0xb9,0xb6,0x00,0xff,0x03,0x03,0x00,0xb9,0xaf,0xae,0x00,0xff,0x04,0x00,0x04,0x00,0x00,0x00,0x00,0x00,0x18,0x00,
  0x00,0x00,0x20,0x00,0x00,0x00,0x29,0x00,0x00,0x00,0x32,0x00,0x00,0x00,0x00,0x03,0x00,0x2f,0x2f,0x2f,0x00,0xff,0x00,0x04,
  0x00,0x2f,0xb3,0xb3,0x2f,0x00,0xff,0x00,0x04,0x00,0x2f,0xb5,0x2f,0x2f,0x00,0xff,0x00,0x03,0x00,0x2f,0x2f,0x2f,0x00,0xff,
  0x0f,0x00,0x0f,0x00,0x00,0x00,0x00,0x00,0x44,0x00,0x00,0x00,0x58,0x00,0x00,0x00,0x6c,0x00,0x00,0x00,0x80,0x00,0x00,0x00,
  0x94,0x00,0x00,0x00,0xa8,0x00,0x00,0x00,0xbc,0x00,0x00,0x00,0xd0,0x00,0x00,0x00,0xe4,0x00,0x00,0x00,0xf8,0x00,0x00,0x00,
  0x0c,0x01,0x00,0x00,0x20,0x01,0x00,0x00,0x34,0x01,0x00,0x00,0x48,0x01,0x00,0x00,0x5c,0x01,0x00,0x00,0x00,0x0f,0x00,0x3b,
  0x3b,0x39,0x3b,0x38,0x3b,0x3b,0x39,0x38,0x39,0x38,0x3b,0x3b,0x3b,0x3f,0x00,0xff,0x00,0x0f,0x00,0x3b,0x43,0x43,0x43,0x41,
  0x44,0x41,0x43,0x43,0x43,0x43,0x41,0x43,0x43,0x49,0x00,0xff,0x00,0x0f,0x00,0x39,0x43,0x43,0x43,0x43,0x41,0x43,0x43,0x41,
  0x43,0x43,0x41,0x43,0x43,0x4b,0x00,0xff,0x00,0x0f,0x00,0x39,0x41,0x43,0x77,0x78,0x76,0x77,0x75,0x77,0x76,0x78,0x7b,0x46,
  0x41,0x49,0x00,0xff,0x00,0x0f,0x00,0x39,0x41,0x43,0x77,0x75,0x77,0x77,0x78,0x77,0x77,0x7b,0x7c,0x49,0x43,0x4b,0x00,0xff,
  0x00,0x0f,0x00,0x39,0x43,0x41,0x76,0x77,0x2f,0x2f,0x2f,0x2f,0x2f,0x7d,0x7e,0x49,0x43,0x4a,0x00,0xff,0x00,0x0f,0x00,0x39,
  0x43,0x43,0x77,0x77,0x2f,0xbc,0xbc,0xbc,0x2f,0x7c,0x7d,0x49,0x41,0x4a,0x00,0xff,0x00,0x0f,0x00,0x3b,0x43,0x41,0x77,0x77,
  0x2f,0xbc,0xbc,0xbc,0x2f,0x7d,0x7c,0x49,0x44,0x4a,0x00,0xff,0x00,0x0f,0x00,0x3c,0x43,0x43,0x75,0x78,0x2f,0xbc,0xbc,0xbc,
  0x2f,0x7d,0x7d,0x49,0x41,0x49,0x00,0xff,0x00,0x0f,0x00,0x39,0x43,0x43,0x77,0x77,0x2f,0x2f,0x2f,0x2f,0x2f,0x7e,0x7d,0x49,
  0x41,0x49,0x00,0xff,0x00,0x0f,0x00,0x3b,0x41,0x43,0x77,0x7b,0x7d,0x7d,0x7c,0x7d,0x7d,0x7d,0x7d,0x49,0x41,0x4b,0x00,0xff,
  0x00,0x0f,0x00,0x3b,0x44,0x43,0x7b,0x7c,0x7e,0x7d,0x7d,0x7d,0x7c,0x7d,0x7d,0x49,0x44,0x49,0x00,0xff,0x00,0x0f,0x00,0x3b,
  0x43,0x41,0x46,0x49,0x49,0x49,0x49,0x49,0x49,0x49,0x49,0x49,0x43,0x4a,0x00,0xff,0x00,0x0f,0x00,0x3b,0x43,0x43,0x41,0x43,
  0x43,0x41,0x44,0x43,0x43,0x43,0x43,0x43,0x43,0x49,0x00,0xff,0x00,0x0f,0x00,0x40,0x49,0x49,0x4b,0x49,0x49,0x4b,0x4a,0x4a,
  0x4a,0x4a,0x4a,0x49,0x49,0x49,0x00,0xff,0x0f,0x00,0x0f,0x00,0x00,0x00,0x00,0x00,0x44,0x00,0x00,0x00,0x58,0x00,0x00,0x00,
  0x6c,0x00,0x00,0x00,0x80,0x00,0x00,0x00,0x94,0x00,0x00,0x00,0xa8,0x00,0x00,0x00,0xbc,0x00,0x00,0x00,0xd0,0x00,0x00,0x00,
  0xe4,0x00,0x00,0x00,0xf8,0x00,0x00,0x00,0x0c,0x01,0x00,0x00,0x20,0x01,0x00,0x00,0x34,0x01,0x00,0x00,0x48,0x01,0x00,0x00,
  0x5c,0x01,0x00,0x00,0x00,0x0f,0x00,0x3b,0x3b,0x39,0x3b,0x38,0x3b,0x3b,0x39,0x38,0x39,0x38,0x3b,0x3b,0x3b,0x3f,0x00,0xff,
  0x00,0x0f,0x00,0x3b,0x43,0x43,0x43,0x41,0x44,0x41,0x43,0x43,0x43,0x43,0x41,0x43,0x43,0x49,0x00,0xff,0x00,0x0f,0x00,0x39,
  0x43,0x43,0x43,0x43,0x41,0x43,0x43,0x41,0x43,0x43,0x41,0x43,0x43,0x4b,0x00,0xff,0x00,0x0f,0x00,0x39,0x41,0x43,0x77,0x78,
  0x76,0x77,0x75,0x77,0x76,0x78,0x7b,0x46,0x41,0x49,0x00,0xff,0x00,0x0f,0x00,0x39,0x41,0x43,0x77,0x75,0x77,0x77,0x78,0x77,
  0x77,0x7b,0x7c,0x49,0x43,0x4b,0x00,0xff,0x00,0x0f,0x00,0x39,0x43,0x41,0x76,0x77,0x2f,0x2f,0x2f,0x2f,0x2f,0x7d,0x7e,0x49,
  0x43,0x4a,0x00,0xff,0x00,0x0f,0x00,0x39,0x43,0x43,0x77,0x77,0x2f,0xb0,0xb0,0xb0,0x2f,0x7c,0x7d,0x49,0x41,0x4a,0x00,0xff,
  0x00,0x0f,0x00,0x3b,0x43,0x41,0x77,0x77,0x2f,0xb0,0xb0,0xb0,0x2f,0x7d,0x7c,0x49,0x44,0x4a,0x00,0xff,0x00,0x0f,0x00,0x3c,
  0x43,0x43,0x75,0x78,0x2f,0xb0,0xb0,0xb0,0x2f,0x7d,0x7d,0x49,0x41,0x49,0x00,0xff,0x00,0x0f,0x00,0x39,0x43,0x43,0x77,0x77,
  0x2f,0x2f,0x2f,0x2f,0x2f,0x7e,0x7d,0x49,0x41,0x49,0x00,0xff,0x00,0x0f,0x00,0x3b,0x41,0x43,0x77,0x7b,0x7d,0x7d,0x7c,0x7d,
  0x7d,0x7d,0x7d,0x49,0x41,0x4b,0x00,0xff,0x00,0x0f,0x00,0x3b,0x44,0x43,0x7b,0x7c,0x7e,0x7d,0x7d,0x7d,0x7c,0x7d,0x7d,0x49,
  0x44,0x49,0x00,0xff,0x00,0x0f,0x00,0x3b,0x43,0x41,0x46,0x49,0x49,0x49,0x49,0x49,0x49,0x49,0x49,0x49,0x43,0x4a,0x00,0xff,
  0x00,0x0f,0x00,0x3b,0x43,0x43,0x41,0x43,0x43,0x41,0x44,0x43,0x43,0x43,0x43,0x43,0x43,0x49,0x00,0xff,0x00,0x0f,0x00,0x40,
  0x49,0x49,0x4b,0x49,0x49,0x4b,0x4a,0x4a,0x4a,0x4a,0x4a,0x49,0x49,0x49,0x00,0xff,0x89,0x00,0x89,0x00,0x00,0x00,0x00,0x00,
  0x2c,0x02,0x00,0x00,0xba,0x02,0x00,0x00,0x48,0x03,0x00,0x00,0xd6,0x03,0x00,0x00,0x64,0x04,0x00,0x00,0xf2,0x04,0x00,0x00,
  0x80,0x05,0x00,0x00,0x0e,0x06,0x00,0x00,0x9c,0x06,0x00,0x00,0x2a,0x07,0x00,0x00,0xb8,0x07,0x00,0x00,0x46,0x08,0x00,0x00,
  0xd4,0x08,0x00,0x00,0x62,0x09,0x00,0x00,0xf0,0x09,0x00,0x00,0x7e,0x0a,0x00,0x00,0x0c,0x0b,0x00,0x00,0x9a,0x0b,0x00,0x00,
  0x28,0x0c,0x00,0x00,0xb6,0x0c,0x00,0x00,0x44,0x0d,0x00,0x00,0xd2,0x0d,0x00,0x00,0x60,0x0e,0x00,0x00,0xee,0x0e,0x00,0x00,
  0x7c,0x0f,0x00,0x00,0x0a,0x10,0x00,0x00,0x98,0x10,0x00,0x00,0x26,0x11,0x00,0x00,0xb4,0x11,0x00,0x00,0x42,0x12,0x00,0x00,
  0xd0,0x12,0x00,0x00,0x5e,0x13,0x00,0x00,0xec,0x13,0x00,0x00,0x7a,0x14,0x00,0x00,0x08,0x15,0x00,0x00,0x96,0x15,0x00,0x00,
  0x24,0x16,0x00,0x00,0xb2,0x16,0x00,0x00,0x40,0x17,0x00,0x00,0xce,0x17,0x00,0x00,0x5c,0x18,0x00,0x00,0xea,0x18,0x00,0x00,
  0x78,0x19,0x00,0x00,0x06,0x1a,0x00,0x00,0x94,0x1a,0x00,0x00,0x22,0x1b,0x00,0x00,0xb0,0x1b,0x00,0x00,0x3e,0x1c,0x00,0x00,
  0xcc,0x1c,0x00,0x00,0x5a,0x1d,0x00,0x00,0xe8,0x1d,0x00,0x00,0x76,0x1e,0x00,0x00,0x04,0x1f,0x00,0x00,0x92,0x1f,0x00,0x00,
  0x20,0x20,0x00,0x00,0xae,0x20,0x00,0x00,0x3c,0x21,0x00,0x00,0xca,0x21,0x00,0x00,0x58,0x22,0x00,0x00,0xe6,0x22,0x00,0x00,
  0x74,0x23,0x00,0x00,0x02,0x24,0x00,0x00,0x90,0x24,0x00,0x00,0x1e,0x25,0x00,0x00,0xac,0x25,0x00,0x00,0x3a,0x26,0x00,0x00,
  0xc8,0x26,0x00,0x00,0x56,0x27,0x00,0x00,0xe4,0x27,0x00,0x00,0x72,0x28,0x00,0x00,0x00,0x29,0x00,0x00,0x8e,0x29,0x00,0x00,
  0x1c,0x2a,0x00,0x00,0xaa,0x2a,0x00,0x00,0x38,0x2b,0x00,0x00,0xc6,0x2b,0x00,0x00,0x54,0x2c,0x00,0x00,0xe2,0x2c,0x00,0x00,
  0x70,0x2d,0x00,0x00,0xfe,0x2d,0x00,0x00,0x8c,0x2e,0x00,0x00,0x1a,0x2f,0x00,0x00,0xa8,0x2f,0x00,0x00,0x36,0x30,0x00,0x00,
  0xc4,0x30,0x00,0x00,0x52,0x31,0x00,0x00,0xe0,0x31,0x00,0x00,0x6e,0x32,0x00,0x00,0xfc,0x32,0x00,0x00,0x8a,0x33,0x00,0x00,
  0x18,0x34,0x00,0x00,0xa6,0x34,0x00,0x00,0x34,0x35,0x00,0x00,0xc2,0x35,0x00,0x00,0x50,0x36,0x00,0x00,0xde,0x36,0x00,0x00,
  0x6c,0x37,0x00,0x00,0xfa,0x37,0x00,0x00,0x88,0x38,0x00,0x00,0x16,0x39,0x00,0x00,0xa4,0x39,0x00,0x00,0x32,0x3a,0x00,0x00,
  0xc0,0x3a,0x00,0x00,0x4e,0x3b,0x00,0x00,0xdc,0x3b,0x00,0x00,0x6a,0x3c,0x00,0x00,0xf8,0x3c,0x00,0x00,0x86,0x3d,0x00,0x00,
  0x14,0x3e,0x00,0x00,0xa2,0x3e,0x00,0x00,0x30,0x3f,0x00,0x00,0xbe,0x3f,0x00,0x00,0x4c,0x40,0x00,0x00,0xda,0x40,0x00,0x00,
  0x68,0x41,0x00,0x00,0xf6,0x41,0x00,0x00,0x84,0x42,0x00,0x00,0x12,0x43,0x00,0x00,0xa0,0x43,0x00,0x00,0x2e,0x44,0x00,0x00,
  0xbc,0x44,0x00,0x00,0x4a,0x45,0x00,0x00,0xd8,0x45,0x00,0x00,0x66,0x46,0x00,0x00,0xf4,0x46,0x00,0x00,0x82,0x47,0x00,0x00,
  0x10,0x48,0x00,0x00,0x9e,0x48,0x00,0x00,0x2c,0x49,0x00,0x00,0xba,0x49,0x00,0x00,0x48,0x4a,0x00,0x00,0xd6,0x4a,0x00,0x00,
  0x64,0x4b,0x00,0x00,0xf2,0x4b,0x00,0x00,0x80,0x4c,0x00,0x00,0x0e,0x4d,0x00,0x00,0x9c,0x4d,0x00,0x00,0x00,0x89,0x00,0x5b,
  0x5b,0x5b,0x5e,0x5b,0x5b,0x5b,0x5b,0x5b,0x5b,0x5b,0x5b,0x5b,0x5b,0x5b,0x5b,0x5b,0x5b,0x5b,0x5b,0x5b,0x5b,0x5b,0x5b,0x5b,
  0x5b,0x5b,0x5b,0x5b,0x5b,0x5b,0x5b,0x5b,0x5b,0x5b,0x5b,0x5b,0x5b,0x5b,0x5b,0x5b,0x5b,0x5b,0x5b,0x5b,0x5b,0x5b,0x5b,0x5b,
  0x5b,0x5b,0x5b,0x5b,0x5b,0x5b,0x5b,0x5b,0x5b,0x5b,0x5b,0x5b,0x5b,0x5b,0x5b,0x5b,0x5b,0x5b,0x5b,0x5b,0x5b,0x5b,0x5b,0x5b,
  0x5b,0x5b,0x5b,0x5b,0x5b,0x5b,0x5b,0x5b,0x5b,0x5b,0x5b,0x5b,0x5b,0x5b,0x5b,0x5b,0x5b,0x5b,0x5b,0x5b,0x5b,0x5b,0x5b,0x5b,
  0x5b,0x5b,0x5b,0x5b,0x5b,0x5b,0x5b,0x5b,0x5b,0x5b,0x5b,0x5b,0x5b,0x5b,0x5b,0x5b,0x5b,0x5b,0x5b,0x5b,0x5b,0x5b,0x5b,0x5b,
  0x5b,0x5b,0x5b,0x5b,0x5b,0x5b,0x5b,0x5b,0x5b,0x5b,0x5b,0x5b,0x5b,0x5b,0x5b,0x62,0x00,0xff,0x00,0x89,0x00,0x5b,0x62,0x62,
  0x62,0x62,0x62,0x62,0x62,0x62,0x62,0x62,0x62,0x62,0x62,0x62,0x62,0x62,0x62,0x62,0x62,0x62,0x62,0x62,0x62,0x62,0x62,0x62,
  0x62,0x62,0x62,0x62,0x62,0x62,0x62,0x62,0x62,0x62,0x62,0x62,0x62,0x62,0x62,0x62,0x62,0x62,0x62,0x62,0x62,0x62,0x62,0x62,
  0x62,0x62,0x62,0x62,0x62,0x62,0x62,0x62,0x62,0x62,0x62,0x62,0x62,0x62,0x62,0x62,0x62,0x62,0x62,0x62,0x62,0x62,0x62,0x62,
  0x62,0x62,0x62,0x62,0x62,0x62,0x62,0x62,0x62,0x62,0x62,0x62,0x62,0x62,0x62,0x62,0x62,0x62,0x62,0x62,0x62,0x62,0x62,0x62,
  0x62,0x62,0x62,0x62,0x62,0x62,0x62,0x62,0x62,0x62,0x62,0x62,0x62,0x62,0x62,0x62,0x62,0x62,0x62,0x62,0x62,0x62,0x62,0x62,
  0x62,0x62,0x62,0x62,0x62,0x62,0x62,0x62,0x62,0x62,0x62,0x62,0x62,0x69,0x00,0xff,0x00,0x89,0x00,0x5b,0x62,0x69,0x69,0x69,
  0x69,0x69,0x69,0x69,0x69,0x69,0x69,0x69,0x69,0x69,0x69,0x69,0x69,0x69,0x69,0x69,0x69,0x69,0x69,0x69,0x69,0x69,0x69,0x69,
  0x69,0x69,0x69,0x69,0x69,0x69,0x69,0x69,0x69,0x69,0x69,0x69,0x69,0x69,0x69,0x69,0x69,0x69,0x69,0x69,0x69,0x69,0x69,0x69,
  0x69,0x69,0x69,0x69,0x69,0x69,0x69,0x69,0x69,0x69,0x69,0x69,0x69,0x69,0x69,0x69,0x69,0x69,0x69,0x69,0x69,0x69,0x69,0x69,
  0x69,0x69,0x69,0x69,0x69,0x69,0x69,0x69,0x69,0x69,0x69,0x69,0x69,0x69,0x69,0x69,0x69,0x69,0x69,0x69,0x69,0x69,0x69,0x69,
  0x69,0x69,0x69,0x69,0x69,0x69,0x69,0x69,0x69,0x69,0x69,0x69,0x69,0x69,0x69,0x69,0x69,0x69,0x69,0x69,0x69,0x69,0x69,0x69,
  0x69,0x69,0x69,0x69,0x69,0x69,0x69,0x69,0x69,0x5e,0x62,0x69,0x00,0xff,0x00,0x89,0x00,0x5b,0x62,0x69,0x00,0x00,0x00,0x00,
  0x00,0x00,0x00,0x00,0x00,0x00,0x00,0x00,0x00,0x00,0x00,0x00,0x00,0x00,0x00,0x00,0x00,0x00,0x00,0x00,0x00,0x00,0x00,0x00,
  0x00,0x00,0x00,0x00,0x00,0x00,0x00,0x00,0x00,0x00,0x00,0x00,0x00,0x00,0x00,0x00,0x00,0x00,0x00,0x00,0x00,0x00,0x00,0x00,
  0x00,0x00,0x00,0x00,0x00,0x00,0x00,0x00,0x00,0x00,0x00,0x00,0x00,0x00,0x00,0x00,0x00,0x00,0x00,0x00,0x00,0x00,0x00,0x00,
  0x00,0x00,0x00,0x00,0x00,0x00,0x00,0x00,0x00,0x00,0x00,0x00,0x00,0x00,0x00,0x00,0x00,0x00,0x00,0x00,0x00,0x00,0x00,0x00,
  0x00,0x00,0x00,0x00,0x00,0x00,0x00,0x00,0x00,0x00,0x00,0x00,0x00,0x00,0x00,0x00,0x00,0x00,0x00,0x00,0x00,0x00,0x00,0x00,
  0x00,0x00,0x00,0x00,0x00,0x00,0x00,0x5b,0x62,0x69,0x00,0xff,0x00,0x89,0x00,0x5b,0x62,0x69,0x00,0x00,0x00,0x00,0x00,0x00,
  0x00,0x00,0x00,0x00,0x00,0x00,0x00,0x00,0x00,0x00,0x00,0x00,0x00,0x00,0x00,0x00,0x00,0x00,0x00,0x00,0x00,0x00,0x00,0x00,
  0x00,0x00,0x00,0x00,0x00,0x00,0x00,0x00,0x00,0x00,0x00,0x00,0x00,0x00,0x00,0x00,0x00,0x00,0x00,0x00,0x00,0x00,0x00,0x00,
  0x00,0x00,0x00,0x00,0x00,0x00,0x00,0x00,0x00,0x00,0x00,0x00,0x00,0x00,0x00,0x00,0x00,0x00,0x00,0x00,0x00,0x00,0x00,0x00,
  0x00,0x00,0x00,0x00,0x00,0x00,0x00,0x00,0x00,0x00,0x00,0x00,0x00,0x00,0x00,0x00,0x00,0x00,0x00,0x00,0x00,0x00,0x00,0x00,
  0x00,0x00,0x00,0x00,0x00,0x00,0x00,0x00,0x00,0x00,0x00,0x00,0x00,0x00,0x00,0x00,0x00,0x00,0x00,0x00,0x00,0x00,0x00,0x00,
  0x00,0x00,0x00,0x00,0x00,0x5b,0x62,0x69,0x00,0xff,0x00,0x89,0x00,0x5b,0x62,0x69,0x00,0x00,0x04,0x00,0x00,0x00,0x00,0x00,
  0x04,0x00,0x10,0x10,0x10,0x10,0x10,0x10,0x10,0x00,0x20,0x20,0x20,0x20,0x20,0x20,0x20,0x00,0x30,0x30,0x30,0x30,0x30,0x30,
  0x30,0x00,0x40,0x40,0x40,0x40,0x40,0x40,0x40,0x00,0x50,0x50,0x50,0x50,0x50,0x50,0x50,0x00,0x60,0x60,0x60,0x60,0x60,0x60,
  0x60,0x00,0x70,0x70,0x70,0x70,0x70,0x70,0x70,0x00,0x80,0x80,0x80,0x80,0x80,0x80,0x80,0x00,0x90,0x90,0x90,0x90,0x90,0x90,
  0x90,0x00,0xa0,0xa0,0xa0,0xa0,0xa0,0xa0,0xa0,0x00,0xb0,0xb0,0xb0,0xb0,0xb0,0xb0,0xb0,0x00,0xc0,0xc0,0xc0,0xc0,0xc0,0xc0,
  0xc0,0x00,0xff,0xff,0xff,0xff,0xff,0xff,0xff,0x00,0xff,0xff,0xff,0xff,0xff,0xff,0xff,0x00,0xcf,0xcf,0xcf,0xcf,0xcf,0xcf,
  0xcf,0x00,0x00,0x5b,0x62,0x69,0x00,0xff,0x00,0x89,0x00,0x5b,0x62,0x69,0x00,0x00,0x00,0x04,0x00,0x00,0x00,0x04,0x00,0x00,
  0x10,0x10,0x10,0x10,0x10,0x10,0x10,0x00,0x20,0x20,0x20,0x20,0x20,0x20,0x20,0x00,0x30,0x30,0x30,0x30,0x30,0x30,0x30,0x00,
  0x40,0x40,0x40,0x40,0x40,0x40,0x40,0x00,0x50,0x50,0x50,0x50,0x50,0x50,0x50,0x00,0x60,0x60,0x60,0x60,0x60,0x60,0x60,0x00,
  0x70,0x70,0x70,0x70,0x70,0x70,0x70,0x00,0x80,0x80,0x80,0x80,0x80,0x80,0x80,0x00,0x90,0x90,0x90,0x90,0x90,0x90,0x90,0x00,
  0xa0,0xa0,0xa0,0xa0,0xa0,0xa0,0xa0,0x00,0xb0,0xb0,0xb0,0xb0,0xb0,0xb0,0xb0,0x00,0xc0,0xc0,0xc0,0xc0,0xc0,0xc0,0xc0,0x00,
  0xff,0xff,0xff,0xff,0xff,0xff,0xff,0x00,0xff,0xff,0xff,0xff,0xff,0xff,0xff,0x00,0xcf,0xcf,0xcf,0xcf,0xcf,0xcf,0xcf,0x00,
  0x00,0x5b,0x62,0x69,0x00,0xff,0x00,0x89,0x00,0x5b,0x62,0x69,0x00,0x00,0x00,0x00,0x04,0x00,0x04,0x00,0x00,0x00,0x10,0x10,
  0x10,0x10,0x10,0x10,0x10,0x00,0x20,0x20,0x20,0x20,0x20,0x20,0x20,0x00,0x30,0x30,0x30,0x30,0x30,0x30,0x30,0x00,0x40,0x40,
  0x40,0x40,0x40,0x40,0x40,0x00,0x50,0x50,0x50,0x50,0x50,0x50,0x50,0x00,0x60,0x60,0x60,0x60,0x60,0x60,0x60,0x00,0x70,0x70,
  0x70,0x70,0x70,0x70,0x70,0x00,0x80,0x80,0x80,0x80,0x80,0x80,0x80,0x00,0x90,0x90,0x90,0x90,0x90,0x90,0x90,0x00,0xa0,0xa0,
  0xa0,0xa0,0xa0,0xa0,0xa0,0x00,0xb0,0xb0,0xb0,0xb0,0xb0,0xb0,0xb0,0x00,0xc0,0xc0,0xc0,0xc0,0xc0,0xc0,0xc0,0x00,0xff,0xff,
  0xff,0xff,0xff,0xff,0xff,0x00,0xff,0xff,0xff,0xff,0xff,0xff,0xff,0x00,0xcf,0xcf,0xcf,0xcf,0xcf,0xcf,0xcf,0x00,0x00,0x5b,
  0x62,0x69,0x00,0xff,0x00,0x89,0x00,0x5b,0x62,0x69,0x00,0x00,0x00,0x00,0x00,0x04,0x00,0x00,0x00,0x00,0x10,0x10,0x10,0x10,
  0x10,0x10,0x10,0x00,0x20,0x20,0x20,0x20,0x20,0x20,0x20,0x00,0x30,0x30,0x30,0x30,0x30,0x30,0x30,0x00,0x40,0x40,0x40,0x40,
  0x40,0x40,0x40,0x00,0x50,0x50,0x50,0x50,0x50,0x50,0x50,0x00,0x60,0x60,0x60,0x60,0x60,0x60,0x60,0x00,0x70,0x70,0x70,0x70,
  0x70,0x70,0x70,0x00,0x80,0x80,0x80,0x80,0x80,0x80,0x80,0x00,0x90,0x90,0x90,0x90,0x90,0x90,0x90,0x00,0xa0,0xa0,0xa0,0xa0,
  0xa0,0xa0,0xa0,0x00,0xb0,0xb0,0xb0,0xb0,0xb0,0xb0,0xb0,0x00,0xc0,0xc0,0xc0,0xc0,0xc0,0xc0,0xc0,0x00,0xff,0xff,0xff,0xff,
  0xff,0xff,0xff,0x00,0xff,0xff,0xff,0xff,0xff,0xff,0xff,0x00,0xcf,0xcf,0xcf,0xcf,0xcf,0xcf,0xcf,0x00,0x00,0x5b,0x62,0x69,
  0x00,0xff,0x00,0x89,0x00,0x5b,0x62,0x69,0x00,0x00,0x00,0x00,0x04,0x00,0x04,0x00,0x00,0x00,0x10,0x10,0x10,0x10,0x10,0x10,
  0x10,0x00,0x20,0x20,0x20,0x20,0x20,0x20,0x20,0x00,0x30,0x30,0x30,0x30,0x30,0x30,0x30,0x00,0x40,0x40,0x40,0x40,0x40,0x40,
  0x40,0x00,0x50,0x50,0x50,0x50,0x50,0x50,0x50,0x00,0x60,0x60,0x60,0x60,0x60,0x60,0x60,0x00,0x70,0x70,0x70,0x70,0x70,0x70,
  0x70,0x00,0x80,0x80,0x80,0x80,0x80,0x80,0x80,0x00,0x90,0x90,0x90,0x90,0x90,0x90,0x90,0x00,0xa0,0xa0,0xa0,0xa0,0xa0,0xa0,
  0xa0,0x00,0xb0,0xb0,0xb0,0xb0,0xb0,0xb0,0xb0,0x00,0xc0,0xc0,0xc0,0xc0,0xc0,0xc0,0xc0,0x00,0xff,0xff,0xff,0xff,0xff,0xff,
  0xff,0x00,0xff,0xff,0xff,0xff,0xff,0xff,0xff,0x00,0xcf,0xcf,0xcf,0xcf,0xcf,0xcf,0xcf,0x00,0x00,0x5b,0x62,0x69,0x00,0xff,
  0x00,0x89,0x00,0x5b,0x62,0x69,0x00,0x00,0x00,0x04,0x00,0x00,0x00,0x04,0x00,0x00,0x10,0x10,0x10,0x10,0x10,0x10,0x10,0x00,
  0x20,0x20,0x20,0x20,0x20,0x20,0x20,0x00,0x30,0x30,0x30,0x30,0x30,0x30,0x30,0x00,0x40,0x40,0x40,0x40,0x40,0x40,0x40,0x00,
  0x50,0x50,0x50,0x50,0x50,0x50,0x50,0x00,0x60,0x60,0x60,0x60,0x60,0x60,0x60,0x00,0x70,0x70,0x70,0x70,0x70,0x70,0x70,0x00,
  0x80,0x80,0x80,0x80,0x80,0x80,0x80,0x00,0x90,0x90,0x90,0x90,0x90,0x90,0x90,0x00,0xa0,0xa0,0xa0,0xa0,0xa0,0xa0,0xa0,0x00,
  0xb0,0xb0,0xb0,0xb0,0xb0,0xb0,0xb0,0x00,0xc0,0xc0,0xc0,0xc0,0xc0,0xc0,0xc0,0x00,0xff,0xff,0xff,0xff,0xff,0xff,0xff,0x00,
  0xff,0xff,0xff,0xff,0xff,0xff,0xff,0x00,0xcf,0xcf,0xcf,0xcf,0xcf,0xcf,0xcf,0x00,0x00,0x5b,0x62,0x69,0x00,0xff,0x00,0x89,
  0x00,0x5b,0x62,0x69,0x00,0x00,0x04,0x00,0x00,0x00,0x00,0x00,0x04,0x00,0x10,0x10,0x10,0x10,0x10,0x10,0x10,0x00,0x20,0x20,
  0x20,0x20,0x20,0x20,0x20,0x00,0x30,0x30,0x30,0x30,0x30,0x30,0x30,0x00,0x40,0x40,0x40,0x40,0x40,0x40,0x40,0x00,0x50,0x50,
  0x50,0x50,0x50,0x50,0x50,0x00,0x60,0x60,0x60,0x60,0x60,0x60,0x60,0x00,0x70,0x70,0x70,0x70,0x70,0x70,0x70,0x00,0x80,0x80,
  0x80,0x80,0x80,0x80,0x80,0x00,0x90,0x90,0x90,0x90,0x90,0x90,0x90,0x00,0xa0,0xa0,0xa0,0xa0,0xa0,0xa0,0xa0,0x00,0xb0,0xb0,
  0xb0,0xb0,0xb0,0xb0,0xb0,0x00,0xc0,0xc0,0xc0,0xc0,0xc0,0xc0,0xc0,0x00,0xff,0xff,0xff,0xff,0xff,0xff,0xff,0x00,0xff,0xff,
  0xff,0xff,0xff,0xff,0xff,0x00,0xcf,0xcf,0xcf,0xcf,0xcf,0xcf,0xcf,0x00,0x00,0x5b,0x62,0x69,0x00,0xff,0x00,0x89,0x00,0x5b,
  0x62,0x69,0x00,0x00,0x00,0x00,0x00,0x00,0x00,0x00,0x00,0x00,0x00,0x00,0x00,0x00,0x00,0x00,0x00,0x00,0x00,0x00,0x00,0x00,
  0x00,0x00,0x00,0x00,0x00,0x00,0x00,0x00,0x00,0x00,0x00,0x00,0x00,0x00,0x00,0x00,0x00,0x00,0x00,0x00,0x00,0x00,0x00,0x00,
  0x00,0x00,0x00,0x00,0x00,0x00,0x00,0x00,0x00,0x00,0x00,0x00,0x00,0x00,0x00,0x00,0x00,0x00,0x00,0x00,0x00,0x00,0x00,0x00,
  0x00,0x00,0x00,0x00,0x00,0x00,0x00,0x00,0x00,0x00,0x00,0x00,0x00,0x00,0x00,0x00,0x00,0x00,0x00,0x00,0x00,0x00,0x00,0x00,
  0x00,0x00,0x00,0x00,0x00,0x00,0x00,0x00,0x00,0x00,0x00,0x00,0x00,0x00,0x00,0x00,0x00,0x00,0x00,0x00,0x00,0x00,0x00,0x00,
  0x00,0x00,0x00,0x00,0x00,0x00,0x00,0x00,0x00,0x00,0x00,0x00,0x00,0x5b,0x62,0x69,0x00,0xff,0x00,0x89,0x00,0x5b,0x62,0x69,
  0x00,0x00,0x01,0x01,0x01,0x01,0x01,0x01,0x01,0x00,0x11,0x11,0x11,0x11,0x11,0x11,0x11,0x00,0x21,0x21,0x21,0x21,0x21,0x21,
  0x21,0x00,0x31,0x31,0x31,0x31,0x31,0x31,0x31,0x00,0x41,0x41,0x41,0x41,0x41,0x41,0x41,0x00,0x51,0x51,0x51,0x51,0x51,0x51,
  0x51,0x00,0x61,0x61,0x61,0x61,0x61,0x61,0x61,0x00,0x71,0x71,0x71,0x71,0x71,0x71,0x71,0x00,0x81,0x81,0x81,0x81,0x81,0x81,
  0x81,0x00,0x91,0x91,0x91,0x91,0x91,0x91,0x91,0x00,0xa1,0xa1,0xa1,0xa1,0xa1,0xa1,0xa1,0x00,0xb1,0xb1,0xb1,0xb1,0xb1,0xb1,
  0xb1,0x00,0xc1,0xc1,0xc1,0xc1,0xc1,0xc1,0xc1,0x00,0xd1,0xd1,0xd1,0xd1,0xd1,0xd1,0xd1,0x00,0xe1,0xe1,0xe1,0xe1,0xe1,0xe1,
  0xe1,0x00,0xf1,0xf1,0xf1,0xf1,0xf1,0xf1,0xf1,0x00,0x00,0x5b,0x62,0x69,0x00,0xff,0x00,0x89,0x00,0x5b,0x62,0x69,0x00,0x00,
  0x01,0x01,0x01,0x01,0x01,0x01,0x01,0x00,0x11,0x11,0x11,0x11,0x11,0x11,0x11,0x00,0x21,0x21,0x21,0x21,0x21,0x21,0x21,0x00,
  0x31,0x31,0x31,0x31,0x31,0x31,0x31,0x00,0x41,0x41,0x41,0x41,0x41,0x41,0x41,0x00,0x51,0x51,0x51,0x51,0x51,0x51,0x51,0x00,
  0x61,0x61,0x61,0x61,0x61,0x61,0x61,0x00,0x71,0x71,0x71,0x71,0x71,0x71,0x71,0x00,0x81,0x81,0x81,0x81,0x81,0x81,0x81,0x00,
  0x91,0x91,0x91,0x91,0x91,0x91,0x91,0x00,0xa1,0xa1,0xa1,0xa1,0xa1,0xa1,0xa1,0x00,0xb1,0xb1,0xb1,0xb1,0xb1,0xb1,0xb1,0x00,
  0xc1,0xc1,0xc1,0xc1,0xc1,0xc1,0xc1,0x00,0xd1,0xd1,0xd1,0xd1,0xd1,0xd1,0xd1,0x00,0xe1,0xe1,0xe1,0xe1,0xe1,0xe1,0xe1,0x00,
  0xf1,0xf1,0xf1,0xf1,0xf1,0xf1,0xf1,0x00,0x00,0x5b,0x62,0x69,0x00,0xff,0x00,0x89,0x00,0x5b,0x62,0x69,0x00,0x00,0x01,0x01,
  0x01,0x01,0x01,0x01,0x01,0x00,0x11,0x11,0x11,0x11,0x11,0x11,0x11,0x00,0x21,0x21,0x21,0x21,0x21,0x21,0x21,0x00,0x31,0x31,
  0x31,0x31,0x31,0x31,0x31,0x00,0x41,0x41,0x41,0x41,0x41,0x41,0x41,0x00,0x51,0x51,0x51,0x51,0x51,0x51,0x51,0x00,0x61,0x61,
  0x61,0x61,0x61,0x61,0x61,0x00,0x71,0x71,0x71,0x71,0x71,0x71,0x71,0x00,0x81,0x81,0x81,0x81,0x81,0x81,0x81,0x00,0x91,0x91,
  0x91,0x91,0x91,0x91,0x91,0x00,0xa1,0xa1,0xa1,0xa1,0xa1,0xa1,0xa1,0x00,0xb1,0xb1,0xb1,0xb1,0xb1,0xb1,0xb1,0x00,0xc1,0xc1,
  0xc1,0xc1,0xc1,0xc1,0xc1,0x00,0xd1,0xd1,0xd1,0xd1,0xd1,0xd1,0xd1,0x00,0xe1,0xe1,0xe1,0xe1,0xe1,0xe1,0xe1,0x00,0xf1,0xf1,
  0xf1,0xf1,0xf1,0xf1,0xf1,0x00,0x00,0x5b,0x62,0x69,0x00,0xff,0x00,0x89,0x00,0x5b,0x62,0x69,0x00,0x00,0x01,0x01,0x01,0x01,
  0x01,0x01,0x01,0x00,0x11,0x11,0x11,0x11,0x11,0x11,0x11,0x00,0x21,0x21,0x21,0x21,0x21,0x21,0x21,0x00,0x31,0x31,0x31,0x31,
  0x31,0x31,0x31,0x00,0x41,0x41,0x41,0x41,0x41,0x41,0x41,0x00,0x51,0x51,0x51,0x51,0x51,0x51,0x51,0x00,0x61,0x61,0x61,0x61,
  0x61,0x61,0x61,0x00,0x71,0x71,0x71,0x71,0x71,0x71,0x71,0x00,0x81,0x81,0x81,0x81,0x81,0x81,0x81,0x00,0x91,0x91,0x91,0x91,
  0x91,0x91,0x91,0x00,0xa1,0xa1,0xa1,0xa1,0xa1,0xa1,0xa1,0x00,0xb1,0xb1,0xb1,0xb1,0xb1,0xb1,0xb1,0x00,0xc1,0xc1,0xc1,0xc1,
  0xc1,0xc1,0xc1,0x00,0xd1,0xd1,0xd1,0xd1,0xd1,0xd1,0xd1,0x00,0xe1,0xe1,0xe1,0xe1,0xe1,0xe1,0xe1,0x00,0xf1,0xf1,0xf1,0xf1,
  0xf1,0xf1,0xf1,0x00,0x00,0x5b,0x62,0x69,0x00,0xff,0x00,0x89,0x00,0x5b,0x62,0x69,0x00,0x00,0x01,0x01,0x01,0x01,0x01,0x01,
  0x01,0x00,0x11,0x11,0x11,0x11,0x11,0x11,0x11,0x00,0x21,0x21,0x21,0x21,0x21,0x21,0x21,0x00,0x31,0x31,0x31,0x31,0x31,0x31,
  0x31,0x00,0x41,0x41,0x41,0x41,0x41,0x41,0x41,0x00,0x51,0x51,0x51,0x51,0x51,0x51,0x51,0x00,0x61,0x61,0x61,0x61,0x61,0x61,
  0x61,0x00,0x71,0x71,0x71,0x71,0x71,0x71,0x71,0x00,0x81,0x81,0x81,0x81,0x81,0x81,0x81,0x00,0x91,0x91,0x91,0x91,0x91,0x91,
  0x91,0x00,0xa1,0xa1,0xa1,0xa1,0xa1,0xa1,0xa1,0x00,0xb1,0xb1,0xb1,0xb1,0xb1,0xb1,0xb1,0x00,0xc1,0xc1,0xc1,0xc1,0xc1,0xc1,
  0xc1,0x00,0xd1,0xd1,0xd1,0xd1,0xd1,0xd1,0xd1,0x00,0xe1,0xe1,0xe1,0xe1,0xe1,0xe1,0xe1,0x00,0xf1,0xf1,0xf1,0xf1,0xf1,0xf1,
  0xf1,0x00,0x00,0x5b,0x62,0x69,0x00,0xff,0x00,0x89,0x00,0x5b,0x62,0x69,0x00,0x00,0x01,0x01,0x01,0x01,0x01,0x01,0x01,0x00,
  0x11,0x11,0x11,0x11,0x11,0x11,0x11,0x00,0x21,0x21,0x21,0x21,0x21,0x21,0x21,0x00,0x31,0x31,0x31,0x31,0x31,0x31,0x31,0x00,
  0x41,0x41,0x41,0x41,0x41,0x41,0x41,0x00,0x51,0x51,0x51,0x51,0x51,0x51,0x51,0x00,0x61,0x61,0x61,0x61,0x61,0x61,0x61,0x00,
  0x71,0x71,0x71,0x71,0x71,0x71,0x71,0x00,0x81,0x81,0x81,0x81,0x81,0x81,0x81,0x00,0x91,0x91,0x91,0x91,0x91,0x91,0x91,0x00,
  0xa1,0xa1,0xa1,0xa1,0xa1,0xa1,0xa1,0x00,0xb1,0xb1,0xb1,0xb1,0xb1,0xb1,0xb1,0x00,0xc1,0xc1,0xc1,0xc1,0xc1,0xc1,0xc1,0x00,
  0xd1,0xd1,0xd1,0xd1,0xd1,0xd1,0xd1,0x00,0xe1,0xe1,0xe1,0xe1,0xe1,0xe1,0xe1,0x00,0xf1,0xf1,0xf1,0xf1,0xf1,0xf1,0xf1,0x00,
  0x00,0x5b,0x62,0x69,0x00,0xff,0x00,0x89,0x00,0x5b,0x62,0x69,0x00,0x00,0x01,0x01,0x01,0x01,0x01,0x01,0x01,0x00,0x11,0x11,
  0x11,0x11,0x11,0x11,0x11,0x00,0x21,0x21,0x21,0x21,0x21,0x21,0x21,0x00,0x31,0x31,0x31,0x31,0x31,0x31,0x31,0x00,0x41,0x41,
  0x41,0x41,0x41,0x41,0x41,0x00,0x51,0x51,0x51,0x51,0x51,0x51,0x51,0x00,0x61,0x61,0x61,0x61,0x61,0x61,0x61,0x00,0x71,0x71,
  0x71,0x71,0x71,0x71,0x71,0x00,0x81,0x81,0x81,0x81,0x81,0x81,0x81,0x00,0x91,0x91,0x91,0x91,0x91,0x91,0x91,0x00,0xa1,0xa1,
  0xa1,0xa1,0xa1,0xa1,0xa1,0x00,0xb1,0xb1,0xb1,0xb1,0xb1,0xb1,0xb1,0x00,0xc1,0xc1,0xc1,0xc1,0xc1,0xc1,0xc1,0x00,0xd1,0xd1,
  0xd1,0xd1,0xd1,0xd1,0xd1,0x00,0xe1,0xe1,0xe1,0xe1,0xe1,0xe1,0xe1,0x00,0xf1,0xf1,0xf1,0xf1,0xf1,0xf1,0xf1,0x00,0x00,0x5b,
  0x62,0x69,0x00,0xff,0x00,0x89,0x00,0x5b,0x62,0x69,0x00,0x00,0x00,0x00,0x00,0x00,0x00,0x00,0x00,0x00,0x00,0x00,0x00,0x00,
  0x00,0x00,0x00,0x00,0x00,0x00,0x00,0x00,0x00,0x00,0x00,0x00,0x00,0x00,0x00,0x00,0x00,0x00,0x00,0x00,0x00,0x00,0x00,0x00,
  0x00,0x00,0x00,0x00,0x00,0x00,0x00,0x00,0x00,0x00,0x00,0x00,0x00,0x00,0x00,0x00,0x00,0x00,0x00,0x00,0x00,0x00,0x00,0x00,
  0x00,0x00,0x00,0x00,0x00,0x00,0x00,0x00,0x00,0x00,0x00,0x00,0x00,0x00,0x00,0x00,0x00,0x00,0x00,0x00,0x00,0x00,0x00,0x00,
  0x00,0x00,0x00,0x00,0x00,0x00,0x00,0x00,0x00,0x00,0x00,0x00,0x00,0x00,0x00,0x00,0x00,0x00,0x00,0x00,0x00,0x00,0x00,0x00,
  0x00,0x00,0x00,0x00,0x00,0x00,0x00,0x00,0x00,0x00,0x00,0x00,0x00,0x00,0x00,0x00,0x00,0x00,0x00,0x00,0x00,0x5b,0x62,0x69,
  0x00,0xff,0x00,0x89,0x00,0x5b,0x62,0x69,0x00,0x00,0x02,0x02,0x02,0x02,0x02,0x02,0x02,0x00,0x12,0x12,0x12,0x12,0x12,0x12,
  0x12,0x00,0x22,0x22,0x22,0x22,0x22,0x22,0x22,0x00,0x32,0x32,0x32,0x32,0x32,0x32,0x32,0x00,0x42,0x42,0x42,0x42,0x42,0x42,
  0x42,0x00,0x52,0x52,0x52,0x52,0x52,0x52,0x52,0x00,0x62,0x62,0x62,0x62,0x62,0x62,0x62,0x00,0x72,0x72,0x72,0x72,0x72,0x72,
  0x72,0x00,0x82,0x82,0x82,0x82,0x82,0x82,0x82,0x00,0x92,0x92,0x92,0x92,0x92,0x92,0x92,0x00,0xa2,0xa2,0xa2,0xa2,0xa2,0xa2,
  0xa2,0x00,0xb2,0xb2,0xb2,0xb2,0xb2,0xb2,0xb2,0x00,0xc2,0xc2,0xc2,0xc2,0xc2,0xc2,0xc2,0x00,0xd2,0xd2,0xd2,0xd2,0xd2,0xd2,
  0xd2,0x00,0xe2,0xe2,0xe2,0xe2,0xe2,0xe2,0xe2,0x00,0xf2,0xf2,0xf2,0xf2,0xf2,0xf2,0xf2,0x00,0x00,0x5b,0x62,0x69,0x00,0xff,
  0x00,0x89,0x00,0x5b,0x62,0x69,0x00,0x00,0x02,0x02,0x02,0x02,0x02,0x02,0x02,0x00,0x12,0x12,0x12,0x12,0x12,0x12,0x12,0x00,
  0x22,0x22,0x22,0x22,0x22,0x22,0x22,0x00,0x32,0x32,0x32,0x32,0x32,0x32,0x32,0x00,0x42,0x42,0x42,0x42,0x42,0x42,0x42,0x00,
  0x52,0x52,0x52,0x52,0x52,0x52,0x52,0x00,0x62,0x62,0x62,0x62,0x62,0x62,0x62,0x00,0x72,0x72,0x72,0x72,0x72,0x72,0x72,0x00,
  0x82,0x82,0x82,0x82,0x82,0x82,0x82,0x00,0x92,0x92,0x92,0x92,0x92,0x92,0x92,0x00,0xa2,0xa2,0xa2,0xa2,0xa2,0xa2,0xa2,0x00,
  0xb2,0xb2,0xb2,0xb2,0xb2,0xb2,0xb2,0x00,0xc2,0xc2,0xc2,0xc2,0xc2,0xc2,0xc2,0x00,0xd2,0xd2,0xd2,0xd2,0xd2,0xd2,0xd2,0x00,
  0xe2,0xe2,0xe2,0xe2,0xe2,0xe2,0xe2,0x00,0xf2,0xf2,0xf2,0xf2,0xf2,0xf2,0xf2,0x00,0x00,0x5b,0x62,0x69,0x00,0xff,0x00,0x89,
  0x00,0x5b,0x62,0x69,0x00,0x00,0x02,0x02,0x02,0x02,0x02,0x02,0x02,0x00,0x12,0x12,0x12,0x12,0x12,0x12,0x12,0x00,0x22,0x22,
  0x22,0x22,0x22,0x22,0x22,0x00,0x32,0x32,0x32,0x32,0x32,0x32,0x32,0x00,0x42,0x42,0x42,0x42,0x42,0x42,0x42,0x00,0x52,0x52,
  0x52,0x52,0x52,0x52,0x52,0x00,0x62,0x62,0x62,0x62,0x62,0x62,0x62,0x00,0x72,0x72,0x72,0x72,0x72,0x72,0x72,0x00,0x82,0x82,
  0x82,0x82,0x82,0x82,0x82,0x00,0x92,0x92,0x92,0x92,0x92,0x92,0x92,0x00,0xa2,0xa2,0xa2,0xa2,0xa2,0xa2,0xa2,0x00,0xb2,0xb2,
  0xb2,0xb2,0xb2,0xb2,0xb2,0x00,0xc2,0xc2,0xc2,0xc2,0xc2,0xc2,0xc2,0x00,0xd2,0xd2,0xd2,0xd2,0xd2,0xd2,0xd2,0x00,0xe2,0xe2,
  0xe2,0xe2,0xe2,0xe2,0xe2,0x00,0xf2,0xf2,0xf2,0xf2,0xf2,0xf2,0xf2,0x00,0x00,0x5b,0x62,0x69,0x00,0xff,0x00,0x89,0x00,0x5b,
  0x62,0x69,0x00,0x00,0x02,0x02,0x02,0x02,0x02,0x02,0x02,0x00,0x12,0x12,0x12,0x12,0x12,0x12,0x12,0x00,0x22,0x22,0x22,0x22,
  0x22,0x22,0x22,0x00,0x32,0x32,0x32,0x32,0x32,0x32,0x32,0x00,0x42,0x42,0x42,0x42,0x42,0x42,0x42,0x00,0x52,0x52,0x52,0x52,
  0x52,0x52,0x52,0x00,0x62,0x62,0x62,0x62,0x62,0x62,0x62,0x00,0x72,0x72,0x72,0x72,0x72,0x72,0x72,0x00,0x82,0x82,0x82,0x82,
  0x82,0x82,0x82,0x00,0x92,0x92,0x92,0x92,0x92,0x92,0x92,0x00,0xa2,0xa2,0xa2,0xa2,0xa2,0xa2,0xa2,0x00,0xb2,0xb2,0xb2,0xb2,
  0xb2,0xb2,0xb2,0x00,0xc2,0xc2,0xc2,0xc2,0xc2,0xc2,0xc2,0x00,0xd2,0xd2,0xd2,0xd2,0xd2,0xd2,0xd2,0x00,0xe2,0xe2,0xe2,0xe2,
  0xe2,0xe2,0xe2,0x00,0xf2,0xf2,0xf2,0xf2,0xf2,0xf2,0xf2,0x00,0x00,0x5b,0x62,0x69,0x00,0xff,0x00,0x89,0x00,0x5b,0x62,0x69,
  0x00,0x00,0x02,0x02,0x02,0x02,0x02,0x02,0x02,0x00,0x12,0x12,0x12,0x12,0x12,0x12,0x12,0x00,0x22,0x22,0x22,0x22,0x22,0x22,
  0x22,0x00,0x32,0x32,0x32,0x32,0x32,0x32,0x32,0x00,0x42,0x42,0x42,0x42,0x42,0x42,0x42,0x00,0x52,0x52,0x52,0x52,0x52,0x52,
  0x52,0x00,0x62,0x62,0x62,0x62,0x62,0x62,0x62,0x00,0x72,0x72,0x72,0x72,0x72,0x72,0x72,0x00,0x82,0x82,0x82,0x82,0x82,0x82,
  0x82,0x00,0x92,0x92,0x92,0x92,0x92,0x92,0x92,0x00,0xa2,0xa2,0xa2,0xa2,0xa2,0xa2,0xa2,0x00,0xb2,0xb2,0xb2,0xb2,0xb2,0xb2,
  0xb2,0x00,0xc2,0xc2,0xc2,0xc2,0xc2,0xc2,0xc2,0x00,0xd2,0xd2,0xd2,0xd2,0xd2,0xd2,0xd2,0x00,0xe2,0xe2,0xe2,0xe2,0xe2,0xe2,
  0xe2,0x00,0xf2,0xf2,0xf2,0xf2,0xf2,0xf2,0xf2,0x00,0x00,0x5b,0x62,0x69,0x00,0xff,0x00,0x89,0x00,0x5b,0x62,0x69,0x00,0x00,
  0x02,0x02,0x02,0x02,0x02,0x02,0x02,0x00,0x12,0x12,0x12,0x12,0x12,0x12,0x12,0x00,0x22,0x22,0x22,0x22,0x22,0x22,0x22,0x00,
  0x32,0x32,0x32,0x32,0x32,0x32,0x32,0x00,0x42,0x42,0x42,0x42,0x42,0x42,0x42,0x00,0x52,0x52,0x52,0x52,0x52,0x52,0x52,0x00,
  0x62,0x62,0x62,0x62,0x62,0x62,0x62,0x00,0x72,0x72,0x72,0x72,0x72,0x72,0x72,0x00,0x82,0x82,0x82,0x82,0x82,0x82,0x82,0x00,
  0x92,0x92,0x92,0x92,0x92,0x92,0x92,0x00,0xa2,0xa2,0xa2,0xa2,0xa2,0xa2,0xa2,0x00,0xb2,0xb2,0xb2,0xb2,0xb2,0xb2,0xb2,0x00,
  0xc2,0xc2,0xc2,0xc2,0xc2,0xc2,0xc2,0x00,0xd2,0xd2,0xd2,0xd2,0xd2,0xd2,0xd2,0x00,0xe2,0xe2,0xe2,0xe2,0xe2,0xe2,0xe2,0x00,
  0xf2,0xf2,0xf2,0xf2,0xf2,0xf2,0xf2,0x00,0x00,0x5b,0x62,0x69,0x00,0xff,0x00,0x89,0x00,0x5b,0x62,0x69,0x00,0x00,0x02,0x02,
  0x02,0x02,0x02,0x02,0x02,0x00,0x12,0x12,0x12,0x12,0x12,0x12,0x12,0x00,0x22,0x22,0x22,0x22,0x22,0x22,0x22,0x00,0x32,0x32,
  0x32,0x32,0x32,0x32,0x32,0x00,0x42,0x42,0x42,0x42,0x42,0x42,0x42,0x00,0x52,0x52,0x52,0x52,0x52,0x52,0x52,0x00,0x62,0x62,
  0x62,0x62,0x62,0x62,0x62,0x00,0x72,0x72,0x72,0x72,0x72,0x72,0x72,0x00,0x82,0x82,0x82,0x82,0x82,0x82,0x82,0x00,0x92,0x92,
  0x92,0x92,0x92,0x92,0x92,0x00,0xa2,0xa2,0xa2,0xa2,0xa2,0xa2,0xa2,0x00,0xb2,0xb2,0xb2,0xb2,0xb2,0xb2,0xb2,0x00,0xc2,0xc2,
  0xc2,0xc2,0xc2,0xc2,0xc2,0x00,0xd2,0xd2,0xd2,0xd2,0xd2,0xd2,0xd2,0x00,0xe2,0xe2,0xe2,0xe2,0xe2,0xe2,0xe2,0x00,0xf2,0xf2,
  0xf2,0xf2,0xf2,0xf2,0xf2,0x00,0x00,0x5b,0x62,0x69,0x00,0xff,0x00,0x89,0x00,0x5b,0x62,0x69,0x00,0x00,0x00,0x00,0x00,0x00,
  0x00,0x00,0x00,0x00,0x00,0x00,0x00,0x00,0x00,0x00,0x00,0x00,0x00,0x00,0x00,0x00,0x00,0x00,0x00,0x00,0x00,0x00,0x00,0x00,
  0x00,0x00,0x00,0x00,0x00,0x00,0x00,0x00,0x00,0x00,0x00,0x00,0x00,0x00,0x00,0x00,0x00,0x00,0x00,0x00,0x00,0x00,0x00,0x00,
  0x00,0x00,0x00,0x00,0x00,0x00,0x00,0x00,0x00,0x00,0x00,0x00,0x00,0x00,0x00,0x00,0x00,0x00,0x00,0x00,0x00,0x00,0x00,0x00,
  0x00,0x00,0x00,0x00,0x00,0x00,0x00,0x00,0x00,0x00,0x00,0x00,0x00,0x00,0x00,0x00,0x00,0x00,0x00,0x00,0x00,0x00,0x00,0x00,
  0x00,0x00,0x00,0x00,0x00,0x00,0x00,0x00,0x00,0x00,0x00,0x00,0x00,0x00,0x00,0x00,0x00,0x00,0x00,0x00,0x00,0x00,0x00,0x00,
  0x00,0x00,0x00,0x00,0x00,0x5b,0x62,0x69,0x00,0xff,0x00,0x89,0x00,0x5b,0x62,0x69,0x00,0x00,0x03,0x03,0x03,0x03,0x03,0x03,
  0x03,0x00,0x13,0x13,0x13,0x13,0x13,0x13,0x13,0x00,0x23,0x23,0x23,0x23,0x23,0x23,0x23,0x00,0x33,0x33,0x33,0x33,0x33,0x33,
  0x33,0x00,0x43,0x43,0x43,0x43,0x43,0x43,0x43,0x00,0x53,0x53,0x53,0x53,0x53,0x53,0x53,0x00,0x63,0x63,0x63,0x63,0x63,0x63,
  0x63,0x00,0x73,0x73,0x73,0x73,0x73,0x73,0x73,0x00,0x83,0x83,0x83,0x83,0x83,0x83,0x83,0x00,0x93,0x93,0x93,0x93,0x93,0x93,
  0x93,0x00,0xa3,0xa3,0xa3,0xa3,0xa3,0xa3,0xa3,0x00,0xb3,0xb3,0xb3,0xb3,0xb3,0xb3,0xb3,0x00,0xc3,0xc3,0xc3,0xc3,0xc3,0xc3,
  0xc3,0x00,0xd3,0xd3,0xd3,0xd3,0xd3,0xd3,0xd3,0x00,0xe3,0xe3,0xe3,0xe3,0xe3,0xe3,0xe3,0x00,0xf3,0xf3,0xf3,0xf3,0xf3,0xf3,
  0xf3,0x00,0x00,0x5b,0x62,0x69,0x00,0xff,0x00,0x89,0x00,0x5b,0x62,0x69,0x00,0x00,0x03,0x03,0x03,0x03,0x03,0x03,0x03,0x00,
  0x13,0x13,0x13,0x13,0x13,0x13,0x13,0x00,0x23,0x23,0x23,0x23,0x23,0x23,0x23,0x00,0x33,0x33,0x33,0x33,0x33,0x33,0x33,0x00,
  0x43,0x43,0x43,0x43,0x43,0x43,0x43,0x00,0x53,0x53,0x53,0x53,0x53,0x53,0x53,0x00,0x63,0x63,0x63,0x63,0x63,0x63,0x63,0x00,
  0x73,0x73,0x73,0x73,0x73,0x73,0x73,0x00,0x83,0x83,0x83,0x83,0x83,0x83,0x83,0x00,0x93,0x93,0x93,0x93,0x93,0x93,0x93,0x00,
  0xa3,0xa3,0xa3,0xa3,0xa3,0xa3,0xa3,0x00,0xb3,0xb3,0xb3,0xb3,0xb3,0xb3,0xb3,0x00,0xc3,0xc3,0xc3,0xc3,0xc3,0xc3,0xc3,0x00,
  0xd3,0xd3,0xd3,0xd3,0xd3,0xd3,0xd3,0x00,0xe3,0xe3,0xe3,0xe3,0xe3,0xe3,0xe3,0x00,0xf3,0xf3,0xf3,0xf3,0xf3,0xf3,0xf3,0x00,
  0x00,0x5b,0x62,0x69,0x00,0xff,0x00,0x89,0x00,0x5b,0x62,0x69,0x00,0x00,0x03,0x03,0x03,0x03,0x03,0x03,0x03,0x00,0x13,0x13,
  0x13,0x13,0x13,0x13,0x13,0x00,0x23,0x23,0x23,0x23,0x23,0x23,0x23,0x00,0x33,0x33,0x33,0x33,0x33,0x33,0x33,0x00,0x43,0x43,
  0x43,0x43,0x43,0x43,0x43,0x00,0x53,0x53,0x53,0x53,0x53,0x53,0x53,0x00,0x63,0x63,0x63,0x63,0x63,0x63,0x63,0x00,0x73,0x73,
  0x73,0x73,0x73,0x73,0x73,0x00,0x83,0x83,0x83,0x83,0x83,0x83,0x83,0x00,0x93,0x93,0x93,0x93,0x93,0x93,0x93,0x00,0xa3,0xa3,
  0xa3,0xa3,0xa3,0xa3,0xa3,0x00,0xb3,0xb3,0xb3,0xb3,0xb3,0xb3,0xb3,0x00,0xc3,0xc3,0xc3,0xc3,0xc3,0xc3,0xc3,0x00,0xd3,0xd3,
  0xd3,0xd3,0xd3,0xd3,0xd3,0x00,0xe3,0xe3,0xe3,0xe3,0xe3,0xe3,0xe3,0x00,0xf3,0xf3,0xf3,0xf3,0xf3,0xf3,0xf3,0x00,0x00,0x5b,
  0x62,0x69,0x00,0xff,0x00,0x89,0x00,0x5b,0x62,0x69,0x00,0x00,0x03,0x03,0x03,0x03,0x03,0x03,0x03,0x00,0x13,0x13,0x13,0x13,
  0x13,0x13,0x13,0x00,0x23,0x23,0x23,0x23,0x23,0x23,0x23,0x00,0x33,0x33,0x33,0x33,0x33,0x33,0x33,0x00,0x43,0x43,0x43,0x43,
  0x43,0x43,0x43,0x00,0x53,0x53,0x53,0x53,0x53,0x53,0x53,0x00,0x63,0x63,0x63,0x63,0x63,0x63,0x63,0x00,0x73,0x73,0x73,0x73,
  0x73,0x73,0x73,0x00,0x83,0x83,0x83,0x83,0x83,0x83,0x83,0x00,0x93,0x93,0x93,0x93,0x93,0x93,0x93,0x00,0xa3,0xa3,0xa3,0xa3,
  0xa3,0xa3,0xa3,0x00,0xb3,0xb3,0xb3,0xb3,0xb3,0xb3,0xb3,0x00,0xc3,0xc3,0xc3,0xc3,0xc3,0xc3,0xc3,0x00,0xd3,0xd3,0xd3,0xd3,
  0xd3,0xd3,0xd3,0x00,0xe3,0xe3,0xe3,0xe3,0xe3,0xe3,0xe3,0x00,0xf3,0xf3,0xf3,0xf3,0xf3,0xf3,0xf3,0x00,0x00,0x5b,0x62,0x69,
  0x00,0xff,0x00,0x89,0x00,0x5b,0x62,0x69,0x00,0x00,0x03,0x03,0x03,0x03,0x03,0x03,0x03,0x00,0x13,0x13,0x13,0x13,0x13,0x13,
  0x13,0x00,0x23,0x23,0x23,0x23,0x23,0x23,0x23,0x00,0x33,0x33,0x33,0x33,0x33,0x33,0x33,0x00,0x43,0x43,0x43,0x43,0x43,0x43,
  0x43,0x00,0x53,0x53,0x53,0x53,0x53,0x53,0x53,0x00,0x63,0x63,0x63,0x63,0x63,0x63,0x63,0x00,0x73,0x73,0x73,0x73,0x73,0x73,
  0x73,0x00,0x83,0x83,0x83,0x83,0x83,0x83,0x83,0x00,0x93,0x93,0x93,0x93,0x93,0x93,0x93,0x00,0xa3,0xa3,0xa3,0xa3,0xa3,0xa3,
  0xa3,0x00,0xb3,0xb3,0xb3,0xb3,0xb3,0xb3,0xb3,0x00,0xc3,0xc3,0xc3,0xc3,0xc3,0xc3,0xc3,0x00,0xd3,0xd3,0xd3,0xd3,0xd3,0xd3,
  0xd3,0x00,0xe3,0xe3,0xe3,0xe3,0xe3,0xe3,0xe3,0x00,0xf3,0xf3,0xf3,0xf3,0xf3,0xf3,0xf3,0x00,0x00,0x5b,0x62,0x69,0x00,0xff,
  0x00,0x89,0x00,0x5b,0x62,0x69,0x00,0x00,0x03,0x03,0x03,0x03,0x03,0x03,0x03,0x00,0x13,0x13,0x13,0x13,0x13,0x13,0x13,0x00,
  0x23,0x23,0x23,0x23,0x23,0x23,0x23,0x00,0x33,0x33,0x33,0x33,0x33,0x33,0x33,0x00,0x43,0x43,0x43,0x43,0x43,0x43,0x43,0x00,
  0x53,0x53,0x53,0x53,0x53,0x53,0x53,0x00,0x63,0x63,0x63,0x63,0x63,0x63,0x63,0x00,0x73,0x73,0x73,0x73,0x73,0x73,0x73,0x00,
  0x83,0x83,0x83,0x83,0x83,0x83,0x83,0x00,0x93,0x93,0x93,0x93,0x93,0x93,0x93,0x00,0xa3,0xa3,0xa3,0xa3,0xa3,0xa3,0xa3,0x00,
  0xb3,0xb3,0xb3,0xb3,0xb3,0xb3,0xb3,0x00,0xc3,0xc3,0xc3,0xc3,0xc3,0xc3,0xc3,0x00,0xd3,0xd3,0xd3,0xd3,0xd3,0xd3,0xd3,0x00,
  0xe3,0xe3,0xe3,0xe3,0xe3,0xe3,0xe3,0x00,0xf3,0xf3,0xf3,0xf3,0xf3,0xf3,0xf3,0x00,0x00,0x5b,0x62,0x69,0x00,0xff,0x00,0x89,
  0x00,0x5b,0x62,0x69,0x00,0x00,0x03,0x03,0x03,0x03,0x03,0x03,0x03,0x00,0x13,0x13,0x13,0x13,0x13,0x13,0x13,0x00,0x23,0x23,
  0x23,0x23,0x23,0x23,0x23,0x00,0x33,0x33,0x33,0x33,0x33,0x33,0x33,0x00,0x43,0x43,0x43,0x43,0x43,0x43,0x43,0x00,0x53,0x53,
  0x53,0x53,0x53,0x53,0x53,0x00,0x63,0x63,0x63,0x63,0x63,0x63,0x63,0x00,0x73,0x73,0x73,0x73,0x73,0x73,0x73,0x00,0x83,0x83,
  0x83,0x83,0x83,0x83,0x83,0x00,0x93,0x93,0x93,0x93,0x93,0x93,0x93,0x00,0xa3,0xa3,0xa3,0xa3,0xa3,0xa3,0xa3,0x00,0xb3,0xb3,
  0xb3,0xb3,0xb3,0xb3,0xb3,0x00,0xc3,0xc3,0xc3,0xc3,0xc3,0xc3,0xc3,0x00,0xd3,0xd3,0xd3,0xd3,0xd3,0xd3,0xd3,0x00,0xe3,0xe3,
  0xe3,0xe3,0xe3,0xe3,0xe3,0x00,0xf3,0xf3,0xf3,0xf3,0xf3,0xf3,0xf3,0x00,0x00,0x5b,0x62,0x69,0x00,0xff,0x00,0x89,0x00,0x5b,
  0x62,0x69,0x00,0x00,0x00,0x00,0x00,0x00,0x00,0x00,0x00,0x00,0x00,0x00,0x00,0x00,0x00,0x00,0x00,0x00,0x00,0x00,0x00,0x00,
  0x00,0x00,0x00,0x00,0x00,0x00,0x00,0x00,0x00,0x00,0x00,0x00,0x00,0x00,0x00,0x00,0x00,0x00,0x00,0x00,0x00,0x00,0x00,0x00,
  0x00,0x00,0x00,0x00,0x00,0x00,0x00,0x00,0x00,0x00,0x00,0x00,0x00,0x00,0x00,0x00,0x00,0x00,0x00,0x00,0x00,0x00,0x00,0x00,
  0x00,0x00,0x00,0x00,0x00,0x00,0x00,0x00,0x00,0x00,0x00,0x00,0x00,0x00,0x00,0x00,0x00,0x00,0x00,0x00,0x00,0x00,0x00,0x00,
  0x00,0x00,0x00,0x00,0x00,0x00,0x00,0x00,0x00,0x00,0x00,0x00,0x00,0x00,0x00,0x00,0x00,0x00,0x00,0x00,0x00,0x00,0x00,0x00,
  0x00,0x00,0x00,0x00,0x00,0x00,0x00,0x00,0x00,0x00,0x00,0x00,0x00,0x5b,0x62,0x69,0x00,0xff,0x00,0x89,0x00,0x5b,0x62,0x69,
  0x00,0x00,0x04,0x04,0x04,0x04,0x04,0x04,0x04,0x00,0x14,0x14,0x14,0x14,0x14,0x14,0x14,0x00,0x24,0x24,0x24,0x24,0x24,0x24,
  0x24,0x00,0x34,0x34,0x34,0x34,0x34,0x34,0x34,0x00,0x44,0x44,0x44,0x44,0x44,0x44,0x44,0x00,0x54,0x54,0x54,0x54,0x54,0x54,
  0x54,0x00,0x64,0x64,0x64,0x64,0x64,0x64,0x64,0x00,0x74,0x74,0x74,0x74,0x74,0x74,0x74,0x00,0x84,0x84,0x84,0x84,0x84,0x84,
  0x84,0x00,0x94,0x94,0x94,0x94,0x94,0x94,0x94,0x00,0xa4,0xa4,0xa4,0xa4,0xa4,0xa4,0xa4,0x00,0xb4,0xb4,0xb4,0xb4,0xb4,0xb4,
  0xb4,0x00,0xc4,0xc4,0xc4,0xc4,0xc4,0xc4,0xc4,0x00,0xd4,0xd4,0xd4,0xd4,0xd4,0xd4,0xd4,0x00,0xe4,0xe4,0xe4,0xe4,0xe4,0xe4,
  0xe4,0x00,0xf4,0xf4,0xf4,0xf4,0xf4,0xf4,0xf4,0x00,0x00,0x5b,0x62,0x69,0x00,0xff,0x00,0x89,0x00,0x5b,0x62,0x69,0x00,0x00,
  0x04,0x04,0x04,0x04,0x04,0x04,0x04,0x00,0x14,0x14,0x14,0x14,0x14,0x14,0x14,0x00,0x24,0x24,0x24,0x24,0x24,0x24,0x24,0x00,
  0x34,0x34,0x34,0x34,0x34,0x34,0x34,0x00,0x44,0x44,0x44,0x44,0x44,0x44,0x44,0x00,0x54,0x54,0x54,0x54,0x54,0x54,0x54,0x00,
  0x64,0x64,0x64,0x64,0x64,0x64,0x64,0x00,0x74,0x74,0x74,0x74,0x74,0x74,0x74,0x00,0x84,0x84,0x84,0x84,0x84,0x84,0x84,0x00,
  0x94,0x94,0x94,0x94,0x94,0x94,0x94,0x00,0xa4,0xa4,0xa4,0xa4,0xa4,0xa4,0xa4,0x00,0xb4,0xb4,0xb4,0xb4,0xb4,0xb4,0xb4,0x00,
  0xc4,0xc4,0xc4,0xc4,0xc4,0xc4,0xc4,0x00,0xd4,0xd4,0xd4,0xd4,0xd4,0xd4,0xd4,0x00,0xe4,0xe4,0xe4,0xe4,0xe4,0xe4,0xe4,0x00,
  0xf4,0xf4,0xf4,0xf4,0xf4,0xf4,0xf4,0x00,0x00,0x5b,0x62,0x69,0x00,0xff,0x00,0x89,0x00,0x5b,0x62,0x69,0x00,0x00,0x04,0x04,
  0x04,0x04,0x04,0x04,0x04,0x00,0x14,0x14,0x14,0x14,0x14,0x14,0x14,0x00,0x24,0x24,0x24,0x24,0x24,0x24,0x24,0x00,0x34,0x34,
  0x34,0x34,0x34,0x34,0x34,0x00,0x44,0x44,0x44,0x44,0x44,0x44,0x44,0x00,0x54,0x54,0x54,0x54,0x54,0x54,0x54,0x00,0x64,0x64,
  0x64,0x64,0x64,0x64,0x64,0x00,0x74,0x74,0x74,0x74,0x74,0x74,0x74,0x00,0x84,0x84,0x84,0x84,0x84,0x84,0x84,0x00,0x94,0x94,
  0x94,0x94,0x94,0x94,0x94,0x00,0xa4,0xa4,0xa4,0xa4,0xa4,0xa4,0xa4,0x00,0xb4,0xb4,0xb4,0xb4,0xb4,0xb4,0xb4,0x00,0xc4,0xc4,
  0xc4,0xc4,0xc4,0xc4,0xc4,0x00,0xd4,0xd4,0xd4,0xd4,0xd4,0xd4,0xd4,0x00,0xe4,0xe4,0xe4,0xe4,0xe4,0xe4,0xe4,0x00,0xf4,0xf4,
  0xf4,0xf4,0xf4,0xf4,0xf4,0x00,0x00,0x5b,0x62,0x69,0x00,0xff,0x00,0x89,0x00,0x5b,0x62,0x69,0x00,0x00,0x04,0x04,0x04,0x04,
  0x04,0x04,0x04,0x00,0x14,0x14,0x14,0x14,0x14,0x14,0x14,0x00,0x24,0x24,0x24,0x24,0x24,0x24,0x24,0x00,0x34,0x34,0x34,0x34,
  0x34,0x34,0x34,0x00,0x44,0x44,0x44,0x44,0x44,0x44,0x44,0x00,0x54,0x54,0x54,0x54,0x54,0x54,0x54,0x00,0x64,0x64,0x64,0x64,
  0x64,0x64,0x64,0x00,0x74,0x74,0x74,0x74,0x74,0x74,0x74,0x00,0x84,0x84,0x84,0x84,0x84,0x84,0x84,0x00,0x94,0x94,0x94,0x94,
  0x94,0x94,0x94,0x00,0xa4,0xa4,0xa4,0xa4,0xa4,0xa4,0xa4,0x00,0xb4,0xb4,0xb4,0xb4,0xb4,0xb4,0xb4,0x00,0xc4,0xc4,0xc4,0xc4,
  0xc4,0xc4,0xc4,0x00,0xd4,0xd4,0xd4,0xd4,0xd4,0xd4,0xd4,0x00,0xe4,0xe4,0xe4,0xe4,0xe4,0xe4,0xe4,0x00,0xf4,0xf4,0xf4,0xf4,
  0xf4,0xf4,0xf4,0x00,0x00,0x5b,0x62,0x69,0x00,0xff,0x00,0x89,0x00,0x5b,0x62,0x69,0x00,0x00,0x04,0x04,0x04,0x04,0x04,0x04,
  0x04,0x00,0x14,0x14,0x14,0x14,0x14,0x14,0x14,0x00,0x24,0x24,0x24,0x24,0x24,0x24,0x24,0x00,0x34,0x34,0x34,0x34,0x34,0x34,
  0x34,0x00,0x44,0x44,0x44,0x44,0x44,0x44,0x44,0x00,0x54,0x54,0x54,0x54,0x54,0x54,0x54,0x00,0x64,0x64,0x64,0x64,0x64,0x64,
  0x64,0x00,0x74,0x74,0x74,0x74,0x74,0x74,0x74,0x00,0x84,0x84,0x84,0x84,0x84,0x84,0x84,0x00,0x94,0x94,0x94,0x94,0x94,0x94,
  0x94,0x00,0xa4,0xa4,0xa4,0xa4,0xa4,0xa4,0xa4,0x00,0xb4,0xb4,0xb4,0xb4,0xb4,0xb4,0xb4,0x00,0xc4,0xc4,0xc4,0xc4,0xc4,0xc4,
  0xc4,0x00,0xd4,0xd4,0xd4,0xd4,0xd4,0xd4,0xd4,0x00,0xe4,0xe4,0xe4,0xe4,0xe4,0xe4,0xe4,0x00,0xf4,0xf4,0xf4,0xf4,0xf4,0xf4,
  0xf4,0x00,0x00,0x5b,0x62,0x69,0x00,0xff,0x00,0x89,0x00,0x5b,0x62,0x69,0x00,0x00,0x04,0x04,0x04,0x04,0x04,0x04,0x04,0x00,
  0x14,0x14,0x14,0x14,0x14,0x14,0x14,0x00,0x24,0x24,0x24,0x24,0x24,0x24,0x24,0x00,0x34,0x34,0x34,0x34,0x34,0x34,0x34,0x00,
  0x44,0x44,0x44,0x44,0x44,0x44,0x44,0x00,0x54,0x54,0x54,0x54,0x54,0x54,0x54,0x00,0x64,0x64,0x64,0x64,0x64,0x64,0x64,0x00,
  0x74,0x74,0x74,0x74,0x74,0x74,0x74,0x00,0x84,0x84,0x84,0x84,0x84,0x84,0x84,0x00,0x94,0x94,0x94,0x94,0x94,0x94,0x94,0x00,
  0xa4,0xa4,0xa4,0xa4,0xa4,0xa4,0xa4,0x00,0xb4,0xb4,0xb4,0xb4,0xb4,0xb4,0xb4,0x00,0xc4,0xc4,0xc4,0xc4,0xc4,0xc4,0xc4,0x00,
  0xd4,0xd4,0xd4,0xd4,0xd4,0xd4,0xd4,0x00,0xe4,0xe4,0xe4,0xe4,0xe4,0xe4,0xe4,0x00,0xf4,0xf4,0xf4,0xf4,0xf4,0xf4,0xf4,0x00,
  0x00,0x5b,0x62,0x69,0x00,0xff,0x00,0x89,0x00,0x5b,0x62,0x69,0x00,0x00,0x04,0x04,0x04,0x04,0x04,0x04,0x04,0x00,0x14,0x14,
  0x14,0x14,0x14,0x14,0x14,0x00,0x24,0x24,0x24,0x24,0x24,0x24,0x24,0x00,0x34,0x34,0x34,0x34,0x34,0x34,0x34,0x00,0x44,0x44,
  0x44,0x44,0x44,0x44,0x44,0x00,0x54,0x54,0x54,0x54,0x54,0x54,0x54,0x00,0x64,0x64,0x64,0x64,0x64,0x64,0x64,0x00,0x74,0x74,
  0x74,0x74,0x74,0x74,0x74,0x00,0x84,0x84,0x84,0x84,0x84,0x84,0x84,0x00,0x94,0x94,0x94,0x94,0x94,0x94,0x94,0x00,0xa4,0xa4,
  0xa4,0xa4,0xa4,0xa4,0xa4,0x00,0xb4,0xb4,0xb4,0xb4,0xb4,0xb4,0xb4,0x00,0xc4,0xc4,0xc4,0xc4,0xc4,0xc4,0xc4,0x00,0xd4,0xd4,
  0xd4,0xd4,0xd4,0xd4,0xd4,0x00,0xe4,0xe4,0xe4,0xe4,0xe4,0xe4,0xe4,0x00,0xf4,0xf4,0xf4,0xf4,0xf4,0xf4,0xf4,0x00,0x00,0x5b,
  0x62,0x69,0x00,0xff,0x00,0x89,0x00,0x5b,0x62,0x69,0x00,0x00,0x00,0x00,0x00,0x00,0x00,0x00,0x00,0x00,0x00,0x00,0x00,0x00,
  0x00,0x00,0x00,0x00,0x00,0x00,0x00,0x00,0x00,0x00,0x00,0x00,0x00,0x00,0x00,0x00,0x00,0x00,0x00,0x00,0x00,0x00,0x00,0x00,
  0x00,0x00,0x00,0x00,0x00,0x00,0x00,0x00,0x00,0x00,0x00,0x00,0x00,0x00,0x00,0x00,0x00,0x00,0x00,0x00,0x00,0x00,0x00,0x00,
  0x00,0x00,0x00,0x00,0x00,0x00,0x00,0x00,0x00,0x00,0x00,0x00,0x00,0x00,0x00,0x00,0x00,0x00,0x00,0x00,0x00,0x00,0x00,0x00,
  0x00,0x00,0x00,0x00,0x00,0x00,0x00,0x00,0x00,0x00,0x00,0x00,0x00,0x00,0x00,0x00,0x00,0x00,0x00,0x00,0x00,0x00,0x00,0x00,
  0x00,0x00,0x00,0x00,0x00,0x00,0x00,0x00,0x00,0x00,0x00,0x00,0x00,0x00,0x00,0x00,0x00,0x00,0x00,0x00,0x00,0x5b,0x62,0x69,
  0x00,0xff,0x00,0x89,0x00,0x5b,0x62,0x69,0x00,0x00,0x05,0x05,0x05,0x05,0x05,0x05,0x05,0x00,0x15,0x15,0x15,0x15,0x15,0x15,
  0x15,0x00,0x25,0x25,0x25,0x25,0x25,0x25,0x25,0x00,0x35,0x35,0x35,0x35,0x35,0x35,0x35,0x00,0x45,0x45,0x45,0x45,0x45,0x45,
  0x45,0x00,0x55,0x55,0x55,0x55,0x55,0x55,0x55,0x00,0x65,0x65,0x65,0x65,0x65,0x65,0x65,0x00,0x75,0x75,0x75,0x75,0x75,0x75,
  0x75,0x00,0x85,0x85,0x85,0x85,0x85,0x85,0x85,0x00,0x95,0x95,0x95,0x95,0x95,0x95,0x95,0x00,0xa5,0xa5,0xa5,0xa5,0xa5,0xa5,
  0xa5,0x00,0xb5,0xb5,0xb5,0xb5,0xb5,0xb5,0xb5,0x00,0xc5,0xc5,0xc5,0xc5,0xc5,0xc5,0xc5,0x00,0xd5,0xd5,0xd5,0xd5,0xd5,0xd5,
  0xd5,0x00,0xe5,0xe5,0xe5,0xe5,0xe5,0xe5,0xe5,0x00,0xf5,0xf5,0xf5,0xf5,0xf5,0xf5,0xf5,0x00,0x00,0x5b,0x62,0x69,0x00,0xff,
  0x00,0x89,0x00,0x5b,0x62,0x69,0x00,0x00,0x05,0x05,0x05,0x05,0x05,0x05,0x05,0x00,0x15,0x15,0x15,0x15,0x15,0x15,0x15,0x00,
  0x25,0x25,0x25,0x25,0x25,0x25,0x25,0x00,0x35,0x35,0x35,0x35,0x35,0x35,0x35,0x00,0x45,0x45,0x45,0x45,0x45,0x45,0x45,0x00,
  0x55,0x55,0x55,0x55,0x55,0x55,0x55,0x00,0x65,0x65,0x65,0x65,0x65,0x65,0x65,0x00,0x75,0x75,0x75,0x75,0x75,0x75,0x75,0x00,
  0x85,0x85,0x85,0x85,0x85,0x85,0x85,0x00,0x95,0x95,0x95,0x95,0x95,0x95,0x95,0x00,0xa5,0xa5,0xa5,0xa5,0xa5,0xa5,0xa5,0x00,
  0xb5,0xb5,0xb5,0xb5,0xb5,0xb5,0xb5,0x00,0xc5,0xc5,0xc5,0xc5,0xc5,0xc5,0xc5,0x00,0xd5,0xd5,0xd5,0xd5,0xd5,0xd5,0xd5,0x00,
  0xe5,0xe5,0xe5,0xe5,0xe5,0xe5,0xe5,0x00,0xf5,0xf5,0xf5,0xf5,0xf5,0xf5,0xf5,0x00,0x00,0x5b,0x62,0x69,0x00,0xff,0x00,0x89,
  0x00,0x5b,0x62,0x69,0x00,0x00,0x05,0x05,0x05,0x05,0x05,0x05,0x05,0x00,0x15,0x15,0x15,0x15,0x15,0x15,0x15,0x00,0x25,0x25,
  0x25,0x25,0x25,0x25,0x25,0x00,0x35,0x35,0x35,0x35,0x35,0x35,0x35,0x00,0x45,0x45,0x45,0x45,0x45,0x45,0x45,0x00,0x55,0x55,
  0x55,0x55,0x55,0x55,0x55,0x00,0x65,0x65,0x65,0x65,0x65,0x65,0x65,0x00,0x75,0x75,0x75,0x75,0x75,0x75,0x75,0x00,0x85,0x85,
  0x85,0x85,0x85,0x85,0x85,0x00,0x95,0x95,0x95,0x95,0x95,0x95,0x95,0x00,0xa5,0xa5,0xa5,0xa5,0xa5,0xa5,0xa5,0x00,0xb5,0xb5,
  0xb5,0xb5,0xb5,0xb5,0xb5,0x00,0xc5,0xc5,0xc5,0xc5,0xc5,0xc5,0xc5,0x00,0xd5,0xd5,0xd5,0xd5,0xd5,0xd5,0xd5,0x00,0xe5,0xe5,
  0xe5,0xe5,0xe5,0xe5,0xe5,0x00,0xf5,0xf5,0xf5,0xf5,0xf5,0xf5,0xf5,0x00,0x00,0x5b,0x62,0x69,0x00,0xff,0x00,0x89,0x00,0x5b,
  0x62,0x69,0x00,0x00,0x05,0x05,0x05,0x05,0x05,0x05,0x05,0x00,0x15,0x15,0x15,0x15,0x15,0x15,0x15,0x00,0x25,0x25,0x25,0x25,
  0x25,0x25,0x25,0x00,0x35,0x35,0x35,0x35,0x35,0x35,0x35,0x00,0x45,0x45,0x45,0x45,0x45,0x45,0x45,0x00,0x55,0x55,0x55,0x55,
  0x55,0x55,0x55,0x00,0x65,0x65,0x65,0x65,0x65,0x65,0x65,0x00,0x75,0x75,0x75,0x75,0x75,0x75,0x75,0x00,0x85,0x85,0x85,0x85,
  0x85,0x85,0x85,0x00,0x95,0x95,0x95,0x95,0x95,0x95,0x95,0x00,0xa5,0xa5,0xa5,0xa5,0xa5,0xa5,0xa5,0x00,0xb5,0xb5,0xb5,0xb5,
  0xb5,0xb5,0xb5,0x00,0xc5,0xc5,0xc5,0xc5,0xc5,0xc5,0xc5,0x00,0xd5,0xd5,0xd5,0xd5,0xd5,0xd5,0xd5,0x00,0xe5,0xe5,0xe5,0xe5,
  0xe5,0xe5,0xe5,0x00,0xf5,0xf5,0xf5,0xf5,0xf5,0xf5,0xf5,0x00,0x00,0x5b,0x62,0x69,0x00,0xff,0x00,0x89,0x00,0x5b,0x62,0x69,
  0x00,0x00,0x05,0x05,0x05,0x05,0x05,0x05,0x05,0x00,0x15,0x15,0x15,0x15,0x15,0x15,0x15,0x00,0x25,0x25,0x25,0x25,0x25,0x25,
  0x25,0x00,0x35,0x35,0x35,0x35,0x35,0x35,0x35,0x00,0x45,0x45,0x45,0x45,0x45,0x45,0x45,0x00,0x55,0x55,0x55,0x55,0x55,0x55,
  0x55,0x00,0x65,0x65,0x65,0x65,0x65,0x65,0x65,0x00,0x75,0x75,0x75,0x75,0x75,0x75,0x75,0x00,0x85,0x85,0x85,0x85,0x85,0x85,
  0x85,0x00,0x95,0x95,0x95,0x95,0x95,0x95,0x95,0x00,0xa5,0xa5,0xa5,0xa5,0xa5,0xa5,0xa5,0x00,0xb5,0xb5,0xb5,0xb5,0xb5,0xb5,
  0xb5,0x00,0xc5,0xc5,0xc5,0xc5,0xc5,0xc5,0xc5,0x00,0xd5,0xd5,0xd5,0xd5,0xd5,0xd5,0xd5,0x00,0xe5,0xe5,0xe5,0xe5,0xe5,0xe5,
  0xe5,0x00,0xf5,0xf5,0xf5,0xf5,0xf5,0xf5,0xf5,0x00,0x00,0x5b,0x62,0x69,0x00,0xff,0x00,0x89,0x00,0x5b,0x62,0x69,0x00,0x00,
  0x05,0x05,0x05,0x05,0x05,0x05,0x05,0x00,0x15,0x15,0x15,0x15,0x15,0x15,0x15,0x00,0x25,0x25,0x25,0x25,0x25,0x25,0x25,0x00,
  0x35,0x35,0x35,0x35,0x35,0x35,0x35,0x00,0x45,0x45,0x45,0x45,0x45,0x45,0x45,0x00,0x55,0x55,0x55,0x55,0x55,0x55,0x55,0x00,
  0x65,0x65,0x65,0x65,0x65,0x65,0x65,0x00,0x75,0x75,0x75,0x75,0x75,0x75,0x75,0x00,0x85,0x85,0x85,0x85,0x85,0x85,0x85,0x00,
  0x95,0x95,0x95,0x95,0x95,0x95,0x95,0x00,0xa5,0xa5,0xa5,0xa5,0xa5,0xa5,0xa5,0x00,0xb5,0xb5,0xb5,0xb5,0xb5,0xb5,0xb5,0x00,
  0xc5,0xc5,0xc5,0xc5,0xc5,0xc5,0xc5,0x00,0xd5,0xd5,0xd5,0xd5,0xd5,0xd5,0xd5,0x00,0xe5,0xe5,0xe5,0xe5,0xe5,0xe5,0xe5,0x00,
  0xf5,0xf5,0xf5,0xf5,0xf5,0xf5,0xf5,0x00,0x00,0x5b,0x62,0x69,0x00,0xff,0x00,0x89,0x00,0x5b,0x62,0x69,0x00,0x00,0x05,0x05,
  0x05,0x05,0x05,0x05,0x05,0x00,0x15,0x15,0x15,0x15,0x15,0x15,0x15,0x00,0x25,0x25,0x25,0x25,0x25,0x25,0x25,0x00,0x35,0x35,
  0x35,0x35,0x35,0x35,0x35,0x00,0x45,0x45,0x45,0x45,0x45,0x45,0x45,0x00,0x55,0x55,0x55,0x55,0x55,0x55,0x55,0x00,0x65,0x65,
  0x65,0x65,0x65,0x65,0x65,0x00,0x75,0x75,0x75,0x75,0x75,0x75,0x75,0x00,0x85,0x85,0x85,0x85,0x85,0x85,0x85,0x00,0x95,0x95,
  0x95,0x95,0x95,0x95,0x95,0x00,0xa5,0xa5,0xa5,0xa5,0xa5,0xa5,0xa5,0x00,0xb5,0xb5,0xb5,0xb5,0xb5,0xb5,0xb5,0x00,0xc5,0xc5,
  0xc5,0xc5,0xc5,0xc5,0xc5,0x00,0xd5,0xd5,0xd5,0xd5,0xd5,0xd5,0xd5,0x00,0xe5,0xe5,0xe5,0xe5,0xe5,0xe5,0xe5,0x00,0xf5,0xf5,
  0xf5,0xf5,0xf5,0xf5,0xf5,0x00,0x00,0x5b,0x62,0x69,0x00,0xff,0x00,0x89,0x00,0x5b,0x62,0x69,0x00,0x00,0x00,0x00,0x00,0x00,
  0x00,0x00,0x00,0x00,0x00,0x00,0x00,0x00,0x00,0x00,0x00,0x00,0x00,0x00,0x00,0x00,0x00,0x00,0x00,0x00,0x00,0x00,0x00,0x00,
  0x00,0x00,0x00,0x00,0x00,0x00,0x00,0x00,0x00,0x00,0x00,0x00,0x00,0x00,0x00,0x00,0x00,0x00,0x00,0x00,0x00,0x00,0x00,0x00,
  0x00,0x00,0x00,0x00,0x00,0x00,0x00,0x00,0x00,0x00,0x00,0x00,0x00,0x00,0x00,0x00,0x00,0x00,0x00,0x00,0x00,0x00,0x00,0x00,
  0x00,0x00,0x00,0x00,0x00,0x00,0x00,0x00,0x00,0x00,0x00,0x00,0x00,0x00,0x00,0x00,0x00,0x00,0x00,0x00,0x00,0x00,0x00,0x00,
  0x00,0x00,0x00,0x00,0x00,0x00,0x00,0x00,0x00,0x00,0x00,0x00,0x00,0x00,0x00,0x00,0x00,0x00,0x00,0x00,0x00,0x00,0x00,0x00,
  0x00,0x00,0x00,0x00,0x00,0x5b,0x62,0x69,0x00,0xff,0x00,0x89,0x00,0x5b,0x62,0x69,0x00,0x00,0x06,0x06,0x06,0x06,0x06,0x06,
  0x06,0x00,0x16,0x16,0x16,0x16,0x16,0x16,0x16,0x00,0x26,0x26,0x26,0x26,0x26,0x26,0x26,0x00,0x36,0x36,0x36,0x36,0x36,0x36,
  0x36,0x00,0x46,0x46,0x46,0x46,0x46,0x46,0x46,0x00,0x56,0x56,0x56,0x56,0x56,0x56,0x56,0x00,0x66,0x66,0x66,0x66,0x66,0x66,
  0x66,0x00,0x76,0x76,0x76,0x76,0x76,0x76,0x76,0x00,0x86,0x86,0x86,0x86,0x86,0x86,0x86,0x00,0x96,0x96,0x96,0x96,0x96,0x96,
  0x96,0x00,0xa6,0xa6,0xa6,0xa6,0xa6,0xa6,0xa6,0x00,0xb6,0xb6,0xb6,0xb6,0xb6,0xb6,0xb6,0x00,0xc6,0xc6,0xc6,0xc6,0xc6,0xc6,
  0xc6,0x00,0xd6,0xd6,0xd6,0xd6,0xd6,0xd6,0xd6,0x00,0xe6,0xe6,0xe6,0xe6,0xe6,0xe6,0xe6,0x00,0xf6,0xf6,0xf6,0xf6,0xf6,0xf6,
  0xf6,0x00,0x00,0x5b,0x62,0x69,0x00,0xff,0x00,0x89,0x00,0x5b,0x62,0x69,0x00,0x00,0x06,0x06,0x06,0x06,0x06,0x06,0x06,0x00,
  0x16,0x16,0x16,0x16,0x16,0x16,0x16,0x00,0x26,0x26,0x26,0x26,0x26,0x26,0x26,0x00,0x36,0x36,0x36,0x36,0x36,0x36,0x36,0x00,
  0x46,0x46,0x46,0x46,0x46,0x46,0x46,0x00,0x56,0x56,0x56,0x56,0x56,0x56,0x56,0x00,0x66,0x66,0x66,0x66,0x66,0x66,0x66,0x00,
  0x76,0x76,0x76,0x76,0x76,0x76,0x76,0x00,0x86,0x86,0x86,0x86,0x86,0x86,0x86,0x00,0x96,0x96,0x96,0x96,0x96,0x96,0x96,0x00,
  0xa6,0xa6,0xa6,0xa6,0xa6,0xa6,0xa6,0x00,0xb6,0xb6,0xb6,0xb6,0xb6,0xb6,0xb6,0x00,0xc6,0xc6,0xc6,0xc6,0xc6,0xc6,0xc6,0x00,
  0xd6,0xd6,0xd6,0xd6,0xd6,0xd6,0xd6,0x00,0xe6,0xe6,0xe6,0xe6,0xe6,0xe6,0xe6,0x00,0xf6,0xf6,0xf6,0xf6,0xf6,0xf6,0xf6,0x00,
  0x00,0x5b,0x62,0x69,0x00,0xff,0x00,0x89,0x00,0x5b,0x62,0x69,0x00,0x00,0x06,0x06,0x06,0x06,0x06,0x06,0x06,0x00,0x16,0x16,
  0x16,0x16,0x16,0x16,0x16,0x00,0x26,0x26,0x26,0x26,0x26,0x26,0x26,0x00,0x36,0x36,0x36,0x36,0x36,0x36,0x36,0x00,0x46,0x46,
  0x46,0x46,0x46,0x46,0x46,0x00,0x56,0x56,0x56,0x56,0x56,0x56,0x56,0x00,0x66,0x66,0x66,0x66,0x66,0x66,0x66,0x00,0x76,0x76,
  0x76,0x76,0x76,0x76,0x76,0x00,0x86,0x86,0x86,0x86,0x86,0x86,0x86,0x00,0x96,0x96,0x96,0x96,0x96,0x96,0x96,0x00,0xa6,0xa6,
  0xa6,0xa6,0xa6,0xa6,0xa6,0x00,0xb6,0xb6,0xb6,0xb6,0xb6,0xb6,0xb6,0x00,0xc6,0xc6,0xc6,0xc6,0xc6,0xc6,0xc6,0x00,0xd6,0xd6,
  0xd6,0xd6,0xd6,0xd6,0xd6,0x00,0xe6,0xe6,0xe6,0xe6,0xe6,0xe6,0xe6,0x00,0xf6,0xf6,0xf6,0xf6,0xf6,0xf6,0xf6,0x00,0x00,0x5b,
  0x62,0x69,0x00,0xff,0x00,0x89,0x00,0x5b,0x62,0x69,0x00,0x00,0x06,0x06,0x06,0x06,0x06,0x06,0x06,0x00,0x16,0x16,0x16,0x16,
  0x16,0x16,0x16,0x00,0x26,0x26,0x26,0x26,0x26,0x26,0x26,0x00,0x36,0x36,0x36,0x36,0x36,0x36,0x36,0x00,0x46,0x46,0x46,0x46,
  0x46,0x46,0x46,0x00,0x56,0x56,0x56,0x56,0x56,0x56,0x56,0x00,0x66,0x66,0x66,0x66,0x66,0x66,0x66,0x00,0x76,0x76,0x76,0x76,
  0x76,0x76,0x76,0x00,0x86,0x86,0x86,0x86,0x86,0x86,0x86,0x00,0x96,0x96,0x96,0x96,0x96,0x96,0x96,0x00,0xa6,0xa6,0xa6,0xa6,
  0xa6,0xa6,0xa6,0x00,0xb6,0xb6,0xb6,0xb6,0xb6,0xb6,0xb6,0x00,0xc6,0xc6,0xc6,0xc6,0xc6,0xc6,0xc6,0x00,0xd6,0xd6,0xd6,0xd6,
  0xd6,0xd6,0xd6,0x00,0xe6,0xe6,0xe6,0xe6,0xe6,0xe6,0xe6,0x00,0xf6,0xf6,0xf6,0xf6,0xf6,0xf6,0xf6,0x00,0x00,0x5b,0x62,0x69,
  0x00,0xff,0x00,0x89,0x00,0x5b,0x62,0x69,0x00,0x00,0x06,0x06,0x06,0x06,0x06,0x06,0x06,0x00,0x16,0x16,0x16,0x16,0x16,0x16,
  0x16,0x00,0x26,0x26,0x26,0x26,0x26,0x26,0x26,0x00,0x36,0x36,0x36,0x36,0x36,0x36,0x36,0x00,0x46,0x46,0x46,0x46,0x46,0x46,
  0x46,0x00,0x56,0x56,0x56,0x56,0x56,0x56,0x56,0x00,0x66,0x66,0x66,0x66,0x66,0x66,0x66,0x00,0x76,0x76,0x76,0x76,0x76,0x76,
  0x76,0x00,0x86,0x86,0x86,0x86,0x86,0x86,0x86,0x00,0x96,0x96,0x96,0x96,0x96,0x96,0x96,0x00,0xa6,0xa6,0xa6,0xa6,0xa6,0xa6,
  0xa6,0x00,0xb6,0xb6,0xb6,0xb6,0xb6,0xb6,0xb6,0x00,0xc6,0xc6,0xc6,0xc6,0xc6,0xc6,0xc6,0x00,0xd6,0xd6,0xd6,0xd6,0xd6,0xd6,
  0xd6,0x00,0xe6,0xe6,0xe6,0xe6,0xe6,0xe6,0xe6,0x00,0xf6,0xf6,0xf6,0xf6,0xf6,0xf6,0xf6,0x00,0x00,0x5b,0x62,0x69,0x00,0xff,
  0x00,0x89,0x00,0x5b,0x62,0x69,0x00,0x00,0x06,0x06,0x06,0x06,0x06,0x06,0x06,0x00,0x16,0x16,0x16,0x16,0x16,0x16,0x16,0x00,
  0x26,0x26,0x26,0x26,0x26,0x26,0x26,0x00,0x36,0x36,0x36,0x36,0x36,0x36,0x36,0x00,0x46,0x46,0x46,0x46,0x46,0x46,0x46,0x00,
  0x56,0x56,0x56,0x56,0x56,0x56,0x56,0x00,0x66,0x66,0x66,0x66,0x66,0x66,0x66,0x00,0x76,0x76,0x76,0x76,0x76,0x76,0x76,0x00,
  0x86,0x86,0x86,0x86,0x86,0x86,0x86,0x00,0x96,0x96,0x96,0x96,0x96,0x96,0x96,0x00,0xa6,0xa6,0xa6,0xa6,0xa6,0xa6,0xa6,0x00,
  0xb6,0xb6,0xb6,0xb6,0xb6,0xb6,0xb6,0x00,0xc6,0xc6,0xc6,0xc6,0xc6,0xc6,0xc6,0x00,0xd6,0xd6,0xd6,0xd6,0xd6,0xd6,0xd6,0x00,
  0xe6,0xe6,0xe6,0xe6,0xe6,0xe6,0xe6,0x00,0xf6,0xf6,0xf6,0xf6,0xf6,0xf6,0xf6,0x00,0x00,0x5b,0x62,0x69,0x00,0xff,0x00,0x89,
  0x00,0x5b,0x62,0x69,0x00,0x00,0x06,0x06,0x06,0x06,0x06,0x06,0x06,0x00,0x16,0x16,0x16,0x16,0x16,0x16,0x16,0x00,0x26,0x26,
  0x26,0x26,0x26,0x26,0x26,0x00,0x36,0x36,0x36,0x36,0x36,0x36,0x36,0x00,0x46,0x46,0x46,0x46,0x46,0x46,0x46,0x00,0x56,0x56,
  0x56,0x56,0x56,0x56,0x56,0x00,0x66,0x66,0x66,0x66,0x66,0x66,0x66,0x00,0x76,0x76,0x76,0x76,0x76,0x76,0x76,0x00,0x86,0x86,
  0x86,0x86,0x86,0x86,0x86,0x00,0x96,0x96,0x96,0x96,0x96,0x96,0x96,0x00,0xa6,0xa6,0xa6,0xa6,0xa6,0xa6,0xa6,0x00,0xb6,0xb6,
  0xb6,0xb6,0xb6,0xb6,0xb6,0x00,0xc6,0xc6,0xc6,0xc6,0xc6,0xc6,0xc6,0x00,0xd6,0xd6,0xd6,0xd6,0xd6,0xd6,0xd6,0x00,0xe6,0xe6,
  0xe6,0xe6,0xe6,0xe6,0xe6,0x00,0xf6,0xf6,0xf6,0xf6,0xf6,0xf6,0xf6,0x00,0x00,0x5b,0x62,0x69,0x00,0xff,0x00,0x89,0x00,0x5b,
  0x62,0x69,0x00,0x00,0x00,0x00,0x00,0x00,0x00,0x00,0x00,0x00,0x00,0x00,0x00,0x00,0x00,0x00,0x00,0x00,0x00,0x00,0x00,0x00,
  0x00,0x00,0x00,0x00,0x00,0x00,0x00,0x00,0x00,0x00,0x00,0x00,0x00,0x00,0x00,0x00,0x00,0x00,0x00,0x00,0x00,0x00,0x00,0x00,
  0x00,0x00,0x00,0x00,0x00,0x00,0x00,0x00,0x00,0x00,0x00,0x00,0x00,0x00,0x00,0x00,0x00,0x00,0x00,0x00,0x00,0x00,0x00,0x00,
  0x00,0x00,0x00,0x00,0x00,0x00,0x00,0x00,0x00,0x00,0x00,0x00,0x00,0x00,0x00,0x00,0x00,0x00,0x00,0x00,0x00,0x00,0x00,0x00,
  0x00,0x00,0x00,0x00,0x00,0x00,0x00,0x00,0x00,0x00,0x00,0x00,0x00,0x00,0x00,0x00,0x00,0x00,0x00,0x00,0x00,0x00,0x00,0x00,
  0x00,0x00,0x00,0x00,0x00,0x00,0x00,0x00,0x00,0x00,0x00,0x00,0x00,0x5b,0x62,0x69,0x00,0xff,0x00,0x89,0x00,0x5b,0x62,0x69,
  0x00,0x00,0x07,0x07,0x07,0x07,0x07,0x07,0x07,0x00,0x17,0x17,0x17,0x17,0x17,0x17,0x17,0x00,0x27,0x27,0x27,0x27,0x27,0x27,
  0x27,0x00,0x37,0x37,0x37,0x37,0x37,0x37,0x37,0x00,0x47,0x47,0x47,0x47,0x47,0x47,0x47,0x00,0x57,0x57,0x57,0x57,0x57,0x57,
  0x57,0x00,0x67,0x67,0x67,0x67,0x67,0x67,0x67,0x00,0x77,0x77,0x77,0x77,0x77,0x77,0x77,0x00,0x87,0x87,0x87,0x87,0x87,0x87,
  0x87,0x00,0x97,0x97,0x97,0x97,0x97,0x97,0x97,0x00,0xa7,0xa7,0xa7,0xa7,0xa7,0xa7,0xa7,0x00,0xb7,0xb7,0xb7,0xb7,0xb7,0xb7,
  0xb7,0x00,0xc7,0xc7,0xc7,0xc7,0xc7,0xc7,0xc7,0x00,0xd7,0xd7,0xd7,0xd7,0xd7,0xd7,0xd7,0x00,0xe7,0xe7,0xe7,0xe7,0xe7,0xe7,
  0xe7,0x00,0x00,0x00,0x00,0x00,0x00,0x00,0x00,0x00,0x00,0x5b,0x62,0x69,0x00,0xff,0x00,0x89,0x00,0x5b,0x62,0x69,0x00,0x00,
  0x07,0x07,0x07,0x07,0x07,0x07,0x07,0x00,0x17,0x17,0x17,0x17,0x17,0x17,0x17,0x00,0x27,0x27,0x27,0x27,0x27,0x27,0x27,0x00,
  0x37,0x37,0x37,0x37,0x37,0x37,0x37,0x00,0x47,0x47,0x47,0x47,0x47,0x47,0x47,0x00,0x57,0x57,0x57,0x57,0x57,0x57,0x57,0x00,
  0x67,0x67,0x67,0x67,0x67,0x67,0x67,0x00,0x77,0x77,0x77,0x77,0x77,0x77,0x77,0x00,0x87,0x87,0x87,0x87,0x87,0x87,0x87,0x00,
  0x97,0x97,0x97,0x97,0x97,0x97,0x97,0x00,0xa7,0xa7,0xa7,0xa7,0xa7,0xa7,0xa7,0x00,0xb7,0xb7,0xb7,0xb7,0xb7,0xb7,0xb7,0x00,
  0xc7,0xc7,0xc7,0xc7,0xc7,0xc7,0xc7,0x00,0xd7,0xd7,0xd7,0xd7,0xd7,0xd7,0xd7,0x00,0xe7,0xe7,0xe7,0xe7,0xe7,0xe7,0xe7,0x00,
  0x00,0x00,0x00,0x00,0x00,0x00,0x00,0x00,0x00,0x5b,0x62,0x69,0x00,0xff,0x00,0x89,0x00,0x5b,0x62,0x69,0x00,0x00,0x07,0x07,
  0x07,0x07,0x07,0x07,0x07,0x00,0x17,0x17,0x17,0x17,0x17,0x17,0x17,0x00,0x27,0x27,0x27,0x27,0x27,0x27,0x27,0x00,0x37,0x37,
  0x37,0x37,0x37,0x37,0x37,0x00,0x47,0x47,0x47,0x47,0x47,0x47,0x47,0x00,0x57,0x57,0x57,0x57,0x57,0x57,0x57,0x00,0x67,0x67,
  0x67,0x67,0x67,0x67,0x67,0x00,0x77,0x77,0x77,0x77,0x77,0x77,0x77,0x00,0x87,0x87,0x87,0x87,0x87,0x87,0x87,0x00,0x97,0x97,
  0x97,0x97,0x97,0x97,0x97,0x00,0xa7,0xa7,0xa7,0xa7,0xa7,0xa7,0xa7,0x00,0xb7,0xb7,0xb7,0xb7,0xb7,0xb7,0xb7,0x00,0xc7,0xc7,
  0xc7,0xc7,0xc7,0xc7,0xc7,0x00,0xd7,0xd7,0xd7,0xd7,0xd7,0xd7,0xd7,0x00,0xe7,0xe7,0xe7,0xe7,0xe7,0xe7,0xe7,0x00,0x00,0x00,
  0x00,0x00,0x00,0x00,0x00,0x00,0x00,0x5b,0x62,0x69,0x00,0xff,0x00,0x89,0x00,0x5b,0x62,0x69,0x00,0x00,0x07,0x07,0x07,0x07,
  0x07,0x07,0x07,0x00,0x17,0x17,0x17,0x17,0x17,0x17,0x17,0x00,0x27,0x27,0x27,0x27,0x27,0x27,0x27,0x00,0x37,0x37,0x37,0x37,
  0x37,0x37,0x37,0x00,0x47,0x47,0x47,0x47,0x47,0x47,0x47,0x00,0x57,0x57,0x57,0x57,0x57,0x57,0x57,0x00,0x67,0x67,0x67,0x67,
  0x67,0x67,0x67,0x00,0x77,0x77,0x77,0x77,0x77,0x77,0x77,0x00,0x87,0x87,0x87,0x87,0x87,0x87,0x87,0x00,0x97,0x97,0x97,0x97,
  0x97,0x97,0x97,0x00,0xa7,0xa7,0xa7,0xa7,0xa7,0xa7,0xa7,0x00,0xb7,0xb7,0xb7,0xb7,0xb7,0xb7,0xb7,0x00,0xc7,0xc7,0xc7,0xc7,
  0xc7,0xc7,0xc7,0x00,0xd7,0xd7,0xd7,0xd7,0xd7,0xd7,0xd7,0x00,0xe7,0xe7,0xe7,0xe7,0xe7,0xe7,0xe7,0x00,0x00,0x00,0x00,0x00,
  0x00,0x00,0x00,0x00,0x00,0x5b,0x62,0x69,0x00,0xff,0x00,0x89,0x00,0x5b,0x62,0x69,0x00,0x00,0x07,0x07,0x07,0x07,0x07,0x07,
  0x07,0x00,0x17,0x17,0x17,0x17,0x17,0x17,0x17,0x00,0x27,0x27,0x27,0x27,0x27,0x27,0x27,0x00,0x37,0x37,0x37,0x37,0x37,0x37,
  0x37,0x00,0x47,0x47,0x47,0x47,0x47,0x47,0x47,0x00,0x57,0x57,0x57,0x57,0x57,0x57,0x57,0x00,0x67,0x67,0x67,0x67,0x67,0x67,
  0x67,0x00,0x77,0x77,0x77,0x77,0x77,0x77,0x77,0x00,0x87,0x87,0x87,0x87,0x87,0x87,0x87,0x00,0x97,0x97,0x97,0x97,0x97,0x97,
  0x97,0x00,0xa7,0xa7,0xa7,0xa7,0xa7,0xa7,0xa7,0x00,0xb7,0xb7,0xb7,0xb7,0xb7,0xb7,0xb7,0x00,0xc7,0xc7,0xc7,0xc7,0xc7,0xc7,
  0xc7,0x00,0xd7,0xd7,0xd7,0xd7,0xd7,0xd7,0xd7,0x00,0xe7,0xe7,0xe7,0xe7,0xe7,0xe7,0xe7,0x00,0x00,0x00,0x00,0x00,0x00,0x00,
  0x00,0x00,0x00,0x5b,0x62,0x69,0x00,0xff,0x00,0x89,0x00,0x5b,0x62,0x69,0x00,0x00,0x07,0x07,0x07,0x07,0x07,0x07,0x07,0x00,
  0x17,0x17,0x17,0x17,0x17,0x17,0x17,0x00,0x27,0x27,0x27,0x27,0x27,0x27,0x27,0x00,0x37,0x37,0x37,0x37,0x37,0x37,0x37,0x00,
  0x47,0x47,0x47,0x47,0x47,0x47,0x47,0x00,0x57,0x57,0x57,0x57,0x57,0x57,0x57,0x00,0x67,0x67,0x67,0x67,0x67,0x67,0x67,0x00,
  0x77,0x77,0x77,0x77,0x77,0x77,0x77,0x00,0x87,0x87,0x87,0x87,0x87,0x87,0x87,0x00,0x97,0x97,0x97,0x97,0x97,0x97,0x97,0x00,
  0xa7,0xa7,0xa7,0xa7,0xa7,0xa7,0xa7,0x00,0xb7,0xb7,0xb7,0xb7,0xb7,0xb7,0xb7,0x00,0xc7,0xc7,0xc7,0xc7,0xc7,0xc7,0xc7,0x00,
  0xd7,0xd7,0xd7,0xd7,0xd7,0xd7,0xd7,0x00,0xe7,0xe7,0xe7,0xe7,0xe7,0xe7,0xe7,0x00,0x00,0x00,0x00,0x00,0x00,0x00,0x00,0x00,
  0x00,0x5b,0x62,0x69,0x00,0xff,0x00,0x89,0x00,0x5b,0x62,0x69,0x00,0x00,0x07,0x07,0x07,0x07,0x07,0x07,0x07,0x00,0x17,0x17,
  0x17,0x17,0x17,0x17,0x17,0x00,0x27,0x27,0x27,0x27,0x27,0x27,0x27,0x00,0x37,0x37,0x37,0x37,0x37,0x37,0x37,0x00,0x47,0x47,
  0x47,0x47,0x47,0x47,0x47,0x00,0x57,0x57,0x57,0x57,0x57,0x57,0x57,0x00,0x67,0x67,0x67,0x67,0x67,0x67,0x67,0x00,0x77,0x77,
  0x77,0x77,0x77,0x77,0x77,0x00,0x87,0x87,0x87,0x87,0x87,0x87,0x87,0x00,0x97,0x97,0x97,0x97,0x97,0x97,0x97,0x00,0xa7,0xa7,
  0xa7,0xa7,0xa7,0xa7,0xa7,0x00,0xb7,0xb7,0xb7,0xb7,0xb7,0xb7,0xb7,0x00,0xc7,0xc7,0xc7,0xc7,0xc7,0xc7,0xc7,0x00,0xd7,0xd7,
  0xd7,0xd7,0xd7,0xd7,0xd7,0x00,0xe7,0xe7,0xe7,0xe7,0xe7,0xe7,0xe7,0x00,0x00,0x00,0x00,0x00,0x00,0x00,0x00,0x00,0x00,0x5b,
  0x62,0x69,0x00,0xff,0x00,0x89,0x00,0x5b,0x62,0x69,0x00,0x00,0x00,0x00,0x00,0x00,0x00,0x00,0x00,0x00,0x00,0x00,0x00,0x00,
  0x00,0x00,0x00,0x00,0x00,0x00,0x00,0x00,0x00,0x00,0x00,0x00,0x00,0x00,0x00,0x00,0x00,0x00,0x00,0x00,0x00,0x00,0x00,0x00,
  0x00,0x00,0x00,0x00,0x00,0x00,0x00,0x00,0x00,0x00,0x00,0x00,0x00,0x00,0x00,0x00,0x00,0x00,0x00,0x00,0x00,0x00,0x00,0x00,
  0x00,0x00,0x00,0x00,0x00,0x00,0x00,0x00,0x00,0x00,0x00,0x00,0x00,0x00,0x00,0x00,0x00,0x00,0x00,0x00,0x00,0x00,0x00,0x00,
  0x00,0x00,0x00,0x00,0x00,0x00,0x00,0x00,0x00,0x00,0x00,0x00,0x00,0x00,0x00,0x00,0x00,0x00,0x00,0x00,0x00,0x00,0x00,0x00,
  0x00,0x00,0x00,0x00,0x00,0x00,0x00,0x00,0x00,0x00,0x00,0x00,0x00,0x00,0x00,0x00,0x00,0x00,0x00,0x00,0x00,0x5b,0x62,0x69,
  0x00,0xff,0x00,0x89,0x00,0x5b,0x62,0x69,0x00,0x00,0x08,0x08,0x08,0x08,0x08,0x08,0x08,0x00,0x18,0x18,0x18,0x18,0x18,0x18,
  0x18,0x00,0x28,0x28,0x28,0x28,0x28,0x28,0x28,0x00,0x38,0x38,0x38,0x38,0x38,0x38,0x38,0x00,0x48,0x48,0x48,0x48,0x48,0x48,
  0x48,0x00,0x58,0x58,0x58,0x58,0x58,0x58,0x58,0x00,0x68,0x68,0x68,0x68,0x68,0x68,0x68,0x00,0x78,0x78,0x78,0x78,0x78,0x78,
  0x78,0x00,0x88,0x88,0x88,0x88,0x88,0x88,0x88,0x00,0x98,0x98,0x98,0x98,0x98,0x98,0x98,0x00,0xff,0xff,0xff,0xff,0xff,0xff,
  0xff,0x00,0xb8,0xb8,0xb8,0xb8,0xb8,0xb8,0xb8,0x00,0xc8,0xc8,0xc8,0xc8,0xc8,0xc8,0xc8,0x00,0xd8,0xd8,0xd8,0xd8,0xd8,0xd8,
  0xd8,0x00,0xe8,0xe8,0xe8,0xe8,0xe8,0xe8,0xe8,0x00,0xf8,0xf8,0xf8,0xf8,0xf8,0xf8,0xf8,0x00,0x00,0x5b,0x62,0x69,0x00,0xff,
  0x00,0x89,0x00,0x5b,0x62,0x69,0x00,0x00,0x08,0x08,0x08,0x08,0x08,0x08,0x08,0x00,0x18,0x18,0x18,0x18,0x18,0x18,0x18,0x00,
  0x28,0x28,0x28,0x28,0x28,0x28,0x28,0x00,0x38,0x38,0x38,0x38,0x38,0x38,0x38,0x00,0x48,0x48,0x48,0x48,0x48,0x48,0x48,0x00,
  0x58,0x58,0x58,0x58,0x58,0x58,0x58,0x00,0x68,0x68,0x68,0x68,0x68,0x68,0x68,0x00,0x78,0x78,0x78,0x78,0x78,0x78,0x78,0x00,
  0x88,0x88,0x88,0x88,0x88,0x88,0x88,0x00,0x98,0x98,0x98,0x98,0x98,0x98,0x98,0x00,0xff,0xff,0xff,0xff,0xff,0xff,0xff,0x00,
  0xb8,0xb8,0xb8,0xb8,0xb8,0xb8,0xb8,0x00,0xc8,0xc8,0xc8,0xc8,0xc8,0xc8,0xc8,0x00,0xd8,0xd8,0xd8,0xd8,0xd8,0xd8,0xd8,0x00,
  0xe8,0xe8,0xe8,0xe8,0xe8,0xe8,0xe8,0x00,0xf8,0xf8,0xf8,0xf8,0xf8,0xf8,0xf8,0x00,0x00,0x5b,0x62,0x69,0x00,0xff,0x00,0x89,
  0x00,0x5b,0x62,0x69,0x00,0x00,0x08,0x08,0x08,0x08,0x08,0x08,0x08,0x00,0x18,0x18,0x18,0x18,0x18,0x18,0x18,0x00,0x28,0x28,
  0x28,0x28,0x28,0x28,0x28,0x00,0x38,0x38,0x38,0x38,0x38,0x38,0x38,0x00,0x48,0x48,0x48,0x48,0x48,0x48,0x48,0x00,0x58,0x58,
  0x58,0x58,0x58,0x58,0x58,0x00,0x68,0x68,0x68,0x68,0x68,0x68,0x68,0x00,0x78,0x78,0x78,0x78,0x78,0x78,0x78,0x00,0x88,0x88,
  0x88,0x88,0x88,0x88,0x88,0x00,0x98,0x98,0x98,0x98,0x98,0x98,0x98,0x00,0xff,0xff,0xff,0xff,0xff,0xff,0xff,0x00,0xb8,0xb8,
  0xb8,0xb8,0xb8,0xb8,0xb8,0x00,0xc8,0xc8,0xc8,0xc8,0xc8,0xc8,0xc8,0x00,0xd8,0xd8,0xd8,0xd8,0xd8,0xd8,0xd8,0x00,0xe8,0xe8,
  0xe8,0xe8,0xe8,0xe8,0xe8,0x00,0xf8,0xf8,0xf8,0xf8,0xf8,0xf8,0xf8,0x00,0x00,0x5b,0x62,0x69,0x00,0xff,0x00,0x89,0x00,0x5b,
  0x62,0x69,0x00,0x00,0x08,0x08,0x08,0x08,0x08,0x08,0x08,0x00,0x18,0x18,0x18,0x18,0x18,0x18,0x18,0x00,0x28,0x28,0x28,0x28,
  0x28,0x28,0x28,0x00,0x38,0x38,0x38,0x38,0x38,0x38,0x38,0x00,0x48,0x48,0x48,0x48,0x48,0x48,0x48,0x00,0x58,0x58,0x58,0x58,
  0x58,0x58,0x58,0x00,0x68,0x68,0x68,0x68,0x68,0x68,0x68,0x00,0x78,0x78,0x78,0x78,0x78,0x78,0x78,0x00,0x88,0x88,0x88,0x88,
  0x88,0x88,0x88,0x00,0x98,0x98,0x98,0x98,0x98,0x98,0x98,0x00,0xff,0xff,0xff,0xff,0xff,0xff,0xff,0x00,0xb8,0xb8,0xb8,0xb8,
  0xb8,0xb8,0xb8,0x00,0xc8,0xc8,0xc8,0xc8,0xc8,0xc8,0xc8,0x00,0xd8,0xd8,0xd8,0xd8,0xd8,0xd8,0xd8,0x00,0xe8,0xe8,0xe8,0xe8,
  0xe8,0xe8,0xe8,0x00,0xf8,0xf8,0xf8,0xf8,0xf8,0xf8,0xf8,0x00,0x00,0x5b,0x62,0x69,0x00,0xff,0x00,0x89,0x00,0x5b,0x62,0x69,
  0x00,0x00,0x08,0x08,0x08,0x08,0x08,0x08,0x08,0x00,0x18,0x18,0x18,0x18,0x18,0x18,0x18,0x00,0x28,0x28,0x28,0x28,0x28,0x28,
  0x28,0x00,0x38,0x38,0x38,0x38,0x38,0x38,0x38,0x00,0x48,0x48,0x48,0x48,0x48,0x48,0x48,0x00,0x58,0x58,0x58,0x58,0x58,0x58,
  0x58,0x00,0x68,0x68,0x68,0x68,0x68,0x68,0x68,0x00,0x78,0x78,0x78,0x78,0x78,0x78,0x78,0x00,0x88,0x88,0x88,0x88,0x88,0x88,
  0x88,0x00,0x98,0x98,0x98,0x98,0x98,0x98,0x98,0x00,0xff,0xff,0xff,0xff,0xff,0xff,0xff,0x00,0xb8,0xb8,0xb8,0xb8,0xb8,0xb8,
  0xb8,0x00,0xc8,0xc8,0xc8,0xc8,0xc8,0xc8,0xc8,0x00,0xd8,0xd8,0xd8,0xd8,0xd8,0xd8,0xd8,0x00,0xe8,0xe8,0xe8,0xe8,0xe8,0xe8,
  0xe8,0x00,0xf8,0xf8,0xf8,0xf8,0xf8,0xf8,0xf8,0x00,0x00,0x5b,0x62,0x69,0x00,0xff,0x00,0x89,0x00,0x5b,0x62,0x69,0x00,0x00,
  0x08,0x08,0x08,0x08,0x08,0x08,0x08,0x00,0x18,0x18,0x18,0x18,0x18,0x18,0x18,0x00,0x28,0x28,0x28,0x28,0x28,0x28,0x28,0x00,
  0x38,0x38,0x38,0x38,0x38,0x38,0x38,0x00,0x48,0x48,0x48,0x48,0x48,0x48,0x48,0x00,0x58,0x58,0x58,0x58,0x58,0x58,0x58,0x00,
  0x68,0x68,0x68,0x68,0x68,0x68,0x68,0x00,0x78,0x78,0x78,0x78,0x78,0x78,0x78,0x00,0x88,0x88,0x88,0x88,0x88,0x88,0x88,0x00,
  0x98,0x98,0x98,0x98,0x98,0x98,0x98,0x00,0xff,0xff,0xff,0xff,0xff,0xff,0xff,0x00,0xb8,0xb8,0xb8,0xb8,0xb8,0xb8,0xb8,0x00,
  0xc8,0xc8,0xc8,0xc8,0xc8,0xc8,0xc8,0x00,0xd8,0xd8,0xd8,0xd8,0xd8,0xd8,0xd8,0x00,0xe8,0xe8,0xe8,0xe8,0xe8,0xe8,0xe8,0x00,
  0xf8,0xf8,0xf8,0xf8,0xf8,0xf8,0xf8,0x00,0x00,0x5b,0x62,0x69,0x00,0xff,0x00,0x89,0x00,0x5b,0x62,0x69,0x00,0x00,0x08,0x08,
  0x08,0x08,0x08,0x08,0x08,0x00,0x18,0x18,0x18,0x18,0x18,0x18,0x18,0x00,0x28,0x28,0x28,0x28,0x28,0x28,0x28,0x00,0x38,0x38,
  0x38,0x38,0x38,0x38,0x38,0x00,0x48,0x48,0x48,0x48,0x48,0x48,0x48,0x00,0x58,0x58,0x58,0x58,0x58,0x58,0x58,0x00,0x68,0x68,
  0x68,0x68,0x68,0x68,0x68,0x00,0x78,0x78,0x78,0x78,0x78,0x78,0x78,0x00,0x88,0x88,0x88,0x88,0x88,0x88,0x88,0x00,0x98,0x98,
  0x98,0x98,0x98,0x98,0x98,0x00,0xff,0xff,0xff,0xff,0xff,0xff,0xff,0x00,0xb8,0xb8,0xb8,0xb8,0xb8,0xb8,0xb8,0x00,0xc8,0xc8,
  0xc8,0xc8,0xc8,0xc8,0xc8,0x00,0xd8,0xd8,0xd8,0xd8,0xd8,0xd8,0xd8,0x00,0xe8,0xe8,0xe8,0xe8,0xe8,0xe8,0xe8,0x00,0xf8,0xf8,
  0xf8,0xf8,0xf8,0xf8,0xf8,0x00,0x00,0x5b,0x62,0x69,0x00,0xff,0x00,0x89,0x00,0x5b,0x62,0x69,0x00,0x00,0x00,0x00,0x00,0x00,
  0x00,0x00,0x00,0x00,0x00,0x00,0x00,0x00,0x00,0x00,0x00,0x00,0x00,0x00,0x00,0x00,0x00,0x00,0x00,0x00,0x00,0x00,0x00,0x00,
  0x00,0x00,0x00,0x00,0x00,0x00,0x00,0x00,0x00,0x00,0x00,0x00,0x00,0x00,0x00,0x00,0x00,0x00,0x00,0x00,0x00,0x00,0x00,0x00,
  0x00,0x00,0x00,0x00,0x00,0x00,0x00,0x00,0x00,0x00,0x00,0x00,0x00,0x00,0x00,0x00,0x00,0x00,0x00,0x00,0x00,0x00,0x00,0x00,
  0x00,0x00,0x00,0x00,0x00,0x00,0x00,0x00,0x00,0x00,0x00,0x00,0x00,0x00,0x00,0x00,0x00,0x00,0x00,0x00,0x00,0x00,0x00,0x00,
  0x00,0x00,0x00,0x00,0x00,0x00,0x00,0x00,0x00,0x00,0x00,0x00,0x00,0x00,0x00,0x00,0x00,0x00,0x00,0x00,0x00,0x00,0x00,0x00,
  0x00,0x00,0x00,0x00,0x00,0x5b,0x62,0x69,0x00,0xff,0x00,0x89,0x00,0x5b,0x62,0x69,0x00,0x00,0x09,0x09,0x09,0x09,0x09,0x09,
  0x09,0x00,0x19,0x19,0x19,0x19,0x19,0x19,0x19,0x00,0x29,0x29,0x29,0x29,0x29,0x29,0x29,0x00,0x39,0x39,0x39,0x39,0x39,0x39,
  0x39,0x00,0x49,0x49,0x49,0x49,0x49,0x49,0x49,0x00,0x59,0x59,0x59,0x59,0x59,0x59,0x59,0x00,0x69,0x69,0x69,0x69,0x69,0x69,
  0x69,0x00,0x79,0x79,0x79,0x79,0x79,0x79,0x79,0x00,0x89,0x89,0x89,0x89,0x89,0x89,0x89,0x00,0x99,0x99,0x99,0x99,0x99,0x99,
  0x99,0x00,0xa9,0xa9,0xa9,0xa9,0xa9,0xa9,0xa9,0x00,0xb9,0xb9,0xb9,0xb9,0xb9,0xb9,0xb9,0x00,0xc9,0xc9,0xc9,0xc9,0xc9,0xc9,
  0xc9,0x00,0xd9,0xd9,0xd9,0xd9,0xd9,0xd9,0xd9,0x00,0xe9,0xe9,0xe9,0xe9,0xe9,0xe9,0xe9,0x00,0xf9,0xf9,0xf9,0xf9,0xf9,0xf9,
  0xf9,0x00,0x00,0x5b,0x62,0x69,0x00,0xff,0x00,0x89,0x00,0x5b,0x62,0x69,0x00,0x00,0x09,0x09,0x09,0x09,0x09,0x09,0x09,0x00,
  0x19,0x19,0x19,0x19,0x19,0x19,0x19,0x00,0x29,0x29,0x29,0x29,0x29,0x29,0x29,0x00,0x39,0x39,0x39,0x39,0x39,0x39,0x39,0x00,
  0x49,0x49,0x49,0x49,0x49,0x49,0x49,0x00,0x59,0x59,0x59,0x59,0x59,0x59,0x59,0x00,0x69,0x69,0x69,0x69,0x69,0x69,0x69,0x00,
  0x79,0x79,0x79,0x79,0x79,0x79,0x79,0x00,0x89,0x89,0x89,0x89,0x89,0x89,0x89,0x00,0x99,0x99,0x99,0x99,0x99,0x99,0x99,0x00,
  0xa9,0xa9,0xa9,0xa9,0xa9,0xa9,0xa9,0x00,0xb9,0xb9,0xb9,0xb9,0xb9,0xb9,0xb9,0x00,0xc9,0xc9,0xc9,0xc9,0xc9,0xc9,0xc9,0x00,
  0xd9,0xd9,0xd9,0xd9,0xd9,0xd9,0xd9,0x00,0xe9,0xe9,0xe9,0xe9,0xe9,0xe9,0xe9,0x00,0xf9,0xf9,0xf9,0xf9,0xf9,0xf9,0xf9,0x00,
  0x00,0x5b,0x62,0x69,0x00,0xff,0x00,0x89,0x00,0x5b,0x62,0x69,0x00,0x00,0x09,0x09,0x09,0x09,0x09,0x09,0x09,0x00,0x19,0x19,
  0x19,0x19,0x19,0x19,0x19,0x00,0x29,0x29,0x29,0x29,0x29,0x29,0x29,0x00,0x39,0x39,0x39,0x39,0x39,0x39,0x39,0x00,0x49,0x49,
  0x49,0x49,0x49,0x49,0x49,0x00,0x59,0x59,0x59,0x59,0x59,0x59,0x59,0x00,0x69,0x69,0x69,0x69,0x69,0x69,0x69,0x00,0x79,0x79,
  0x79,0x79,0x79,0x79,0x79,0x00,0x89,0x89,0x89,0x89,0x89,0x89,0x89,0x00,0x99,0x99,0x99,0x99,0x99,0x99,0x99,0x00,0xa9,0xa9,
  0xa9,0xa9,0xa9,0xa9,0xa9,0x00,0xb9,0xb9,0xb9,0xb9,0xb9,0xb9,0xb9,0x00,0xc9,0xc9,0xc9,0xc9,0xc9,0xc9,0xc9,0x00,0xd9,0xd9,
  0xd9,0xd9,0xd9,0xd9,0xd9,0x00,0xe9,0xe9,0xe9,0xe9,0xe9,0xe9,0xe9,0x00,0xf9,0xf9,0xf9,0xf9,0xf9,0xf9,0xf9,0x00,0x00,0x5b,
  0x62,0x69,0x00,0xff,0x00,0x89,0x00,0x5b,0x62,0x69,0x00,0x00,0x09,0x09,0x09,0x09,0x09,0x09,0x09,0x00,0x19,0x19,0x19,0x19,
  0x19,0x19,0x19,0x00,0x29,0x29,0x29,0x29,0x29,0x29,0x29,0x00,0x39,0x39,0x39,0x39,0x39,0x39,0x39,0x00,0x49,0x49,0x49,0x49,
  0x49,0x49,0x49,0x00,0x59,0x59,0x59,0x59,0x59,0x59,0x59,0x00,0x69,0x69,0x69,0x69,0x69,0x69,0x69,0x00,0x79,0x79,0x79,0x79,
  0x79,0x79,0x79,0x00,0x89,0x89,0x89,0x89,0x89,0x89,0x89,0x00,0x99,0x99,0x99,0x99,0x99,0x99,0x99,0x00,0xa9,0xa9,0xa9,0xa9,
  0xa9,0xa9,0xa9,0x00,0xb9,0xb9,0xb9,0xb9,0xb9,0xb9,0xb9,0x00,0xc9,0xc9,0xc9,0xc9,0xc9,0xc9,0xc9,0x00,0xd9,0xd9,0xd9,0xd9,
  0xd9,0xd9,0xd9,0x00,0xe9,0xe9,0xe9,0xe9,0xe9,0xe9,0xe9,0x00,0xf9,0xf9,0xf9,0xf9,0xf9,0xf9,0xf9,0x00,0x00,0x5b,0x62,0x69,
  0x00,0xff,0x00,0x89,0x00,0x5b,0x62,0x69,0x00,0x00,0x09,0x09,0x09,0x09,0x09,0x09,0x09,0x00,0x19,0x19,0x19,0x19,0x19,0x19,
  0x19,0x00,0x29,0x29,0x29,0x29,0x29,0x29,0x29,0x00,0x39,0x39,0x39,0x39,0x39,0x39,0x39,0x00,0x49,0x49,0x49,0x49,0x49,0x49,
  0x49,0x00,0x59,0x59,0x59,0x59,0x59,0x59,0x59,0x00,0x69,0x69,0x69,0x69,0x69,0x69,0x69,0x00,0x79,0x79,0x79,0x79,0x79,0x79,
  0x79,0x00,0x89,0x89,0x89,0x89,0x89,0x89,0x89,0x00,0x99,0x99,0x99,0x99,0x99,0x99,0x99,0x00,0xa9,0xa9,0xa9,0xa9,0xa9,0xa9,
  0xa9,0x00,0xb9,0xb9,0xb9,0xb9,0xb9,0xb9,0xb9,0x00,0xc9,0xc9,0xc9,0xc9,0xc9,0xc9,0xc9,0x00,0xd9,0xd9,0xd9,0xd9,0xd9,0xd9,
  0xd9,0x00,0xe9,0xe9,0xe9,0xe9,0xe9,0xe9,0xe9,0x00,0xf9,0xf9,0xf9,0xf9,0xf9,0xf9,0xf9,0x00,0x00,0x5b,0x62,0x69,0x00,0xff,
  0x00,0x89,0x00,0x5b,0x62,0x69,0x00,0x00,0x09,0x09,0x09,0x09,0x09,0x09,0x09,0x00,0x19,0x19,0x19,0x19,0x19,0x19,0x19,0x00,
  0x29,0x29,0x29,0x29,0x29,0x29,0x29,0x00,0x39,0x39,0x39,0x39,0x39,0x39,0x39,0x00,0x49,0x49,0x49,0x49,0x49,0x49,0x49,0x00,
  0x59,0x59,0x59,0x59,0x59,0x59,0x59,0x00,0x69,0x69,0x69,0x69,0x69,0x69,0x69,0x00,0x79,0x79,0x79,0x79,0x79,0x79,0x79,0x00,
  0x89,0x89,0x89,0x89,0x89,0x89,0x89,0x00,0x99,0x99,0x99,0x99,0x99,0x99,0x99,0x00,0xa9,0xa9,0xa9,0xa9,0xa9,0xa9,0xa9,0x00,
  0xb9,0xb9,0xb9,0xb9,0xb9,0xb9,0xb9,0x00,0xc9,0xc9,0xc9,0xc9,0xc9,0xc9,0xc9,0x00,0xd9,0xd9,0xd9,0xd9,0xd9,0xd9,0xd9,0x00,
  0xe9,0xe9,0xe9,0xe9,0xe9,0xe9,0xe9,0x00,0xf9,0xf9,0xf9,0xf9,0xf9,0xf9,0xf9,0x00,0x00,0x5b,0x62,0x69,0x00,0xff,0x00,0x89,
  0x00,0x5b,0x62,0x69,0x00,0x00,0x09,0x09,0x09,0x09,0x09,0x09,0x09,0x00,0x19,0x19,0x19,0x19,0x19,0x19,0x19,0x00,0x29,0x29,
  0x29,0x29,0x29,0x29,0x29,0x00,0x39,0x39,0x39,0x39,0x39,0x39,0x39,0x00,0x49,0x49,0x49,0x49,0x49,0x49,0x49,0x00,0x59,0x59,
  0x59,0x59,0x59,0x59,0x59,0x00,0x69,0x69,0x69,0x69,0x69,0x69,0x69,0x00,0x79,0x79,0x79,0x79,0x79,0x79,0x79,0x00,0x89,0x89,
  0x89,0x89,0x89,0x89,0x89,0x00,0x99,0x99,0x99,0x99,0x99,0x99,0x99,0x00,0xa9,0xa9,0xa9,0xa9,0xa9,0xa9,0xa9,0x00,0xb9,0xb9,
  0xb9,0xb9,0xb9,0xb9,0xb9,0x00,0xc9,0xc9,0xc9,0xc9,0xc9,0xc9,0xc9,0x00,0xd9,0xd9,0xd9,0xd9,0xd9,0xd9,0xd9,0x00,0xe9,0xe9,
  0xe9,0xe9,0xe9,0xe9,0xe9,0x00,0xf9,0xf9,0xf9,0xf9,0xf9,0xf9,0xf9,0x00,0x00,0x5b,0x62,0x69,0x00,0xff,0x00,0x89,0x00,0x5b,
  0x62,0x69,0x00,0x00,0x00,0x00,0x00,0x00,0x00,0x00,0x00,0x00,0x00,0x00,0x00,0x00,0x00,0x00,0x00,0x00,0x00,0x00,0x00,0x00,
  0x00,0x00,0x00,0x00,0x00,0x00,0x00,0x00,0x00,0x00,0x00,0x00,0x00,0x00,0x00,0x00,0x00,0x00,0x00,0x00,0x00,0x00,0x00,0x00,
  0x00,0x00,0x00,0x00,0x00,0x00,0x00,0x00,0x00,0x00,0x00,0x00,0x00,0x00,0x00,0x00,0x00,0x00,0x00,0x00,0x00,0x00,0x00,0x00,
  0x00,0x00,0x00,0x00,0x00,0x00,0x00,0x00,0x00,0x00,0x00,0x00,0x00,0x00,0x00,0x00,0x00,0x00,0x00,0x00,0x00,0x00,0x00,0x00,
  0x00,0x00,0x00,0x00,0x00,0x00,0x00,0x00,0x00,0x00,0x00,0x00,0x00,0x00,0x00,0x00,0x00,0x00,0x00,0x00,0x00,0x00,0x00,0x00,
  0x00,0x00,0x00,0x00,0x00,0x00,0x00,0x00,0x00,0x00,0x00,0x00,0x00,0x5b,0x62,0x69,0x00,0xff,0x00,0x89,0x00,0x5b,0x62,0x69,
  0x00,0x00,0x0a,0x0a,0x0a,0x0a,0x0a,0x0a,0x0a,0x00,0x1a,0x1a,0x1a,0x1a,0x1a,0x1a,0x1a,0x00,0x2a,0x2a,0x2a,0x2a,0x2a,0x2a,
  0x2a,0x00,0x3a,0x3a,0x3a,0x3a,0x3a,0x3a,0x3a,0x00,0x4a,0x4a,0x4a,0x4a,0x4a,0x4a,0x4a,0x00,0x5a,0x5a,0x5a,0x5a,0x5a,0x5a,
  0x5a,0x00,0x6a,0x6a,0x6a,0x6a,0x6a,0x6a,0x6a,0x00,0x7a,0x7a,0x7a,0x7a,0x7a,0x7a,0x7a,0x00,0x8a,0x8a,0x8a,0x8a,0x8a,0x8a,
  0x8a,0x00,0x9a,0x9a,0x9a,0x9a,0x9a,0x9a,0x9a,0x00,0xaa,0xaa,0xaa,0xaa,0xaa,0xaa,0xaa,0x00,0xba,0xba,0xba,0xba,0xba,0xba,
  0xba,0x00,0xca,0xca,0xca,0xca,0xca,0xca,0xca,0x00,0xda,0xda,0xda,0xda,0xda,0xda,0xda,0x00,0xea,0xea,0xea,0xea,0xea,0xea,
  0xea,0x00,0xfa,0xfa,0xfa,0xfa,0xfa,0xfa,0xfa,0x00,0x00,0x5b,0x62,0x69,0x00,0xff,0x00,0x89,0x00,0x5b,0x62,0x69,0x00,0x00,
  0x0a,0x0a,0x0a,0x0a,0x0a,0x0a,0x0a,0x00,0x1a,0x1a,0x1a,0x1a,0x1a,0x1a,0x1a,0x00,0x2a,0x2a,0x2a,0x2a,0x2a,0x2a,0x2a,0x00,
  0x3a,0x3a,0x3a,0x3a,0x3a,0x3a,0x3a,0x00,0x4a,0x4a,0x4a,0x4a,0x4a,0x4a,0x4a,0x00,0x5a,0x5a,0x5a,0x5a,0x5a,0x5a,0x5a,0x00,
  0x6a,0x6a,0x6a,0x6a,0x6a,0x6a,0x6a,0x00,0x7a,0x7a,0x7a,0x7a,0x7a,0x7a,0x7a,0x00,0x8a,0x8a,0x8a,0x8a,0x8a,0x8a,0x8a,0x00,
  0x9a,0x9a,0x9a,0x9a,0x9a,0x9a,0x9a,0x00,0xaa,0xaa,0xaa,0xaa,0xaa,0xaa,0xaa,0x00,0xba,0xba,0xba,0xba,0xba,0xba,0xba,0x00,
  0xca,0xca,0xca,0xca,0xca,0xca,0xca,0x00,0xda,0xda,0xda,0xda,0xda,0xda,0xda,0x00,0xea,0xea,0xea,0xea,0xea,0xea,0xea,0x00,
  0xfa,0xfa,0xfa,0xfa,0xfa,0xfa,0xfa,0x00,0x00,0x5b,0x62,0x69,0x00,0xff,0x00,0x89,0x00,0x5b,0x62,0x69,0x00,0x00,0x0a,0x0a,
  0x0a,0x0a,0x0a,0x0a,0x0a,0x00,0x1a,0x1a,0x1a,0x1a,0x1a,0x1a,0x1a,0x00,0x2a,0x2a,0x2a,0x2a,0x2a,0x2a,0x2a,0x00,0x3a,0x3a,
  0x3a,0x3a,0x3a,0x3a,0x3a,0x00,0x4a,0x4a,0x4a,0x4a,0x4a,0x4a,0x4a,0x00,0x5a,0x5a,0x5a,0x5a,0x5a,0x5a,0x5a,0x00,0x6a,0x6a,
  0x6a,0x6a,0x6a,0x6a,0x6a,0x00,0x7a,0x7a,0x7a,0x7a,0x7a,0x7a,0x7a,0x00,0x8a,0x8a,0x8a,0x8a,0x8a,0x8a,0x8a,0x00,0x9a,0x9a,
  0x9a,0x9a,0x9a,0x9a,0x9a,0x00,0xaa,0xaa,0xaa,0xaa,0xaa,0xaa,0xaa,0x00,0xba,0xba,0xba,0xba,0xba,0xba,0xba,0x00,0xca,0xca,
  0xca,0xca,0xca,0xca,0xca,0x00,0xda,0xda,0xda,0xda,0xda,0xda,0xda,0x00,0xea,0xea,0xea,0xea,0xea,0xea,0xea,0x00,0xfa,0xfa,
  0xfa,0xfa,0xfa,0xfa,0xfa,0x00,0x00,0x5b,0x62,0x69,0x00,0xff,0x00,0x89,0x00,0x5b,0x62,0x69,0x00,0x00,0x0a,0x0a,0x0a,0x0a,
  0x0a,0x0a,0x0a,0x00,0x1a,0x1a,0x1a,0x1a,0x1a,0x1a,0x1a,0x00,0x2a,0x2a,0x2a,0x2a,0x2a,0x2a,0x2a,0x00,0x3a,0x3a,0x3a,0x3a,
  0x3a,0x3a,0x3a,0x00,0x4a,0x4a,0x4a,0x4a,0x4a,0x4a,0x4a,0x00,0x5a,0x5a,0x5a,0x5a,0x5a,0x5a,0x5a,0x00,0x6a,0x6a,0x6a,0x6a,
  0x6a,0x6a,0x6a,0x00,0x7a,0x7a,0x7a,0x7a,0x7a,0x7a,0x7a,0x00,0x8a,0x8a,0x8a,0x8a,0x8a,0x8a,0x8a,0x00,0x9a,0x9a,0x9a,0x9a,
  0x9a,0x9a,0x9a,0x00,0xaa,0xaa,0xaa,0xaa,0xaa,0xaa,0xaa,0x00,0xba,0xba,0xba,0xba,0xba,0xba,0xba,0x00,0xca,0xca,0xca,0xca,
  0xca,0xca,0xca,0x00,0xda,0xda,0xda,0xda,0xda,0xda,0xda,0x00,0xea,0xea,0xea,0xea,0xea,0xea,0xea,0x00,0xfa,0xfa,0xfa,0xfa,
  0xfa,0xfa,0xfa,0x00,0x00,0x5b,0x62,0x69,0x00,0xff,0x00,0x89,0x00,0x5b,0x62,0x69,0x00,0x00,0x0a,0x0a,0x0a,0x0a,0x0a,0x0a,
  0x0a,0x00,0x1a,0x1a,0x1a,0x1a,0x1a,0x1a,0x1a,0x00,0x2a,0x2a,0x2a,0x2a,0x2a,0x2a,0x2a,0x00,0x3a,0x3a,0x3a,0x3a,0x3a,0x3a,
  0x3a,0x00,0x4a,0x4a,0x4a,0x4a,0x4a,0x4a,0x4a,0x00,0x5a,0x5a,0x5a,0x5a,0x5a,0x5a,0x5a,0x00,0x6a,0x6a,0x6a,0x6a,0x6a,0x6a,
  0x6a,0x00,0x7a,0x7a,0x7a,0x7a,0x7a,0x7a,0x7a,0x00,0x8a,0x8a,0x8a,0x8a,0x8a,0x8a,0x8a,0x00,0x9a,0x9a,0x9a,0x9a,0x9a,0x9a,
  0x9a,0x00,0xaa,0xaa,0xaa,0xaa,0xaa,0xaa,0xaa,0x00,0xba,0xba,0xba,0xba,0xba,0xba,0xba,0x00,0xca,0xca,0xca,0xca,0xca,0xca,
  0xca,0x00,0xda,0xda,0xda,0xda,0xda,0xda,0xda,0x00,0xea,0xea,0xea,0xea,0xea,0xea,0xea,0x00,0xfa,0xfa,0xfa,0xfa,0xfa,0xfa,
  0xfa,0x00,0x00,0x5b,0x62,0x69,0x00,0xff,0x00,0x89,0x00,0x5b,0x62,0x69,0x00,0x00,0x0a,0x0a,0x0a,0x0a,0x0a,0x0a,0x0a,0x00,
  0x1a,0x1a,0x1a,0x1a,0x1a,0x1a,0x1a,0x00,0x2a,0x2a,0x2a,0x2a,0x2a,0x2a,0x2a,0x00,0x3a,0x3a,0x3a,0x3a,0x3a,0x3a,0x3a,0x00,
  0x4a,0x4a,0x4a,0x4a,0x4a,0x4a,0x4a,0x00,0x5a,0x5a,0x5a,0x5a,0x5a,0x5a,0x5a,0x00,0x6a,0x6a,0x6a,0x6a,0x6a,0x6a,0x6a,0x00,
  0x7a,0x7a,0x7a,0x7a,0x7a,0x7a,0x7a,0x00,0x8a,0x8a,0x8a,0x8a,0x8a,0x8a,0x8a,0x00,0x9a,0x9a,0x9a,0x9a,0x9a,0x9a,0x9a,0x00,
  0xaa,0xaa,0xaa,0xaa,0xaa,0xaa,0xaa,0x00,0xba,0xba,0xba,0xba,0xba,0xba,0xba,0x00,0xca,0xca,0xca,0xca,0xca,0xca,0xca,0x00,
  0xda,0xda,0xda,0xda,0xda,0xda,0xda,0x00,0xea,0xea,0xea,0xea,0xea,0xea,0xea,0x00,0xfa,0xfa,0xfa,0xfa,0xfa,0xfa,0xfa,0x00,
  0x00,0x5b,0x62,0x69,0x00,0xff,0x00,0x89,0x00,0x5b,0x62,0x69,0x00,0x00,0x0a,0x0a,0x0a,0x0a,0x0a,0x0a,0x0a,0x00,0x1a,0x1a,
  0x1a,0x1a,0x1a,0x1a,0x1a,0x00,0x2a,0x2a,0x2a,0x2a,0x2a,0x2a,0x2a,0x00,0x3a,0x3a,0x3a,0x3a,0x3a,0x3a,0x3a,0x00,0x4a,0x4a,
  0x4a,0x4a,0x4a,0x4a,0x4a,0x00,0x5a,0x5a,0x5a,0x5a,0x5a,0x5a,0x5a,0x00,0x6a,0x6a,0x6a,0x6a,0x6a,0x6a,0x6a,0x00,0x7a,0x7a,
  0x7a,0x7a,0x7a,0x7a,0x7a,0x00,0x8a,0x8a,0x8a,0x8a,0x8a,0x8a,0x8a,0x00,0x9a,0x9a,0x9a,0x9a,0x9a,0x9a,0x9a,0x00,0xaa,0xaa,
  0xaa,0xaa,0xaa,0xaa,0xaa,0x00,0xba,0xba,0xba,0xba,0xba,0xba,0xba,0x00,0xca,0xca,0xca,0xca,0xca,0xca,0xca,0x00,0xda,0xda,
  0xda,0xda,0xda,0xda,0xda,0x00,0xea,0xea,0xea,0xea,0xea,0xea,0xea,0x00,0xfa,0xfa,0xfa,0xfa,0xfa,0xfa,0xfa,0x00,0x00,0x5b,
  0x62,0x69,0x00,0xff,0x00,0x89,0x00,0x5b,0x62,0x69,0x00,0x00,0x00,0x00,0x00,0x00,0x00,0x00,0x00,0x00,0x00,0x00,0x00,0x00,
  0x00,0x00,0x00,0x00,0x00,0x00,0x00,0x00,0x00,0x00,0x00,0x00,0x00,0x00,0x00,0x00,0x00,0x00,0x00,0x00,0x00,0x00,0x00,0x00,
  0x00,0x00,0x00,0x00,0x00,0x00,0x00,0x00,0x00,0x00,0x00,0x00,0x00,0x00,0x00,0x00,0x00,0x00,0x00,0x00,0x00,0x00,0x00,0x00,
  0x00,0x00,0x00,0x00,0x00,0x00,0x00,0x00,0x00,0x00,0x00,0x00,0x00,0x00,0x00,0x00,0x00,0x00,0x00,0x00,0x00,0x00,0x00,0x00,
  0x00,0x00,0x00,0x00,0x00,0x00,0x00,0x00,0x00,0x00,0x00,0x00,0x00,0x00,0x00,0x00,0x00,0x00,0x00,0x00,0x00,0x00,0x00,0x00,
  0x00,0x00,0x00,0x00,0x00,0x00,0x00,0x00,0x00,0x00,0x00,0x00,0x00,0x00,0x00,0x00,0x00,0x00,0x00,0x00,0x00,0x5b,0x62,0x69,
  0x00,0xff,0x00,0x89,0x00,0x5b,0x62,0x69,0x00,0x00,0x0b,0x0b,0x0b,0x0b,0x0b,0x0b,0x0b,0x00,0x1b,0x1b,0x1b,0x1b,0x1b,0x1b,
  0x1b,0x00,0x2b,0x2b,0x2b,0x2b,0x2b,0x2b,0x2b,0x00,0x3b,0x3b,0x3b,0x3b,0x3b,0x3b,0x3b,0x00,0x4b,0x4b,0x4b,0x4b,0x4b,0x4b,
  0x4b,0x00,0x5b,0x5b,0x5b,0x5b,0x5b,0x5b,0x5b,0x00,0x6b,0x6b,0x6b,0x6b,0x6b,0x6b,0x6b,0x00,0x7b,0x7b,0x7b,0x7b,0x7b,0x7b,
  0x7b,0x00,0x8b,0x8b,0x8b,0x8b,0x8b,0x8b,0x8b,0x00,0x9b,0x9b,0x9b,0x9b,0x9b,0x9b,0x9b,0x00,0xab,0xab,0xab,0xab,0xab,0xab,
  0xab,0x00,0xbb,0xbb,0xbb,0xbb,0xbb,0xbb,0xbb,0x00,0xcb,0xcb,0xcb,0xcb,0xcb,0xcb,0xcb,0x00,0xdb,0xdb,0xdb,0xdb,0xdb,0xdb,
  0xdb,0x00,0xeb,0xeb,0xeb,0xeb,0xeb,0xeb,0xeb,0x00,0xfb,0xfb,0xfb,0xfb,0xfb,0xfb,0xfb,0x00,0x00,0x5b,0x62,0x69,0x00,0xff,
  0x00,0x89,0x00,0x5b,0x62,0x69,0x00,0x00,0x0b,0x0b,0x0b,0x0b,0x0b,0x0b,0x0b,0x00,0x1b,0x1b,0x1b,0x1b,0x1b,0x1b,0x1b,0x00,
  0x2b,0x2b,0x2b,0x2b,0x2b,0x2b,0x2b,0x00,0x3b,0x3b,0x3b,0x3b,0x3b,0x3b,0x3b,0x00,0x4b,0x4b,0x4b,0x4b,0x4b,0x4b,0x4b,0x00,
  0x5b,0x5b,0x5b,0x5b,0x5b,0x5b,0x5b,0x00,0x6b,0x6b,0x6b,0x6b,0x6b,0x6b,0x6b,0x00,0x7b,0x7b,0x7b,0x7b,0x7b,0x7b,0x7b,0x00,
  0x8b,0x8b,0x8b,0x8b,0x8b,0x8b,0x8b,0x00,0x9b,0x9b,0x9b,0x9b,0x9b,0x9b,0x9b,0x00,0xab,0xab,0xab,0xab,0xab,0xab,0xab,0x00,
  0xbb,0xbb,0xbb,0xbb,0xbb,0xbb,0xbb,0x00,0xcb,0xcb,0xcb,0xcb,0xcb,0xcb,0xcb,0x00,0xdb,0xdb,0xdb,0xdb,0xdb,0xdb,0xdb,0x00,
  0xeb,0xeb,0xeb,0xeb,0xeb,0xeb,0xeb,0x00,0xfb,0xfb,0xfb,0xfb,0xfb,0xfb,0xfb,0x00,0x00,0x5b,0x62,0x69,0x00,0xff,0x00,0x89,
  0x00,0x5b,0x62,0x69,0x00,0x00,0x0b,0x0b,0x0b,0x0b,0x0b,0x0b,0x0b,0x00,0x1b,0x1b,0x1b,0x1b,0x1b,0x1b,0x1b,0x00,0x2b,0x2b,
  0x2b,0x2b,0x2b,0x2b,0x2b,0x00,0x3b,0x3b,0x3b,0x3b,0x3b,0x3b,0x3b,0x00,0x4b,0x4b,0x4b,0x4b,0x4b,0x4b,0x4b,0x00,0x5b,0x5b,
  0x5b,0x5b,0x5b,0x5b,0x5b,0x00,0x6b,0x6b,0x6b,0x6b,0x6b,0x6b,0x6b,0x00,0x7b,0x7b,0x7b,0x7b,0x7b,0x7b,0x7b,0x00,0x8b,0x8b,
  0x8b,0x8b,0x8b,0x8b,0x8b,0x00,0x9b,0x9b,0x9b,0x9b,0x9b,0x9b,0x9b,0x00,0xab,0xab,0xab,0xab,0xab,0xab,0xab,0x00,0xbb,0xbb,
  0xbb,0xbb,0xbb,0xbb,0xbb,0x00,0xcb,0xcb,0xcb,0xcb,0xcb,0xcb,0xcb,0x00,0xdb,0xdb,0xdb,0xdb,0xdb,0xdb,0xdb,0x00,0xeb,0xeb,
  0xeb,0xeb,0xeb,0xeb,0xeb,0x00,0xfb,0xfb,0xfb,0xfb,0xfb,0xfb,0xfb,0x00,0x00,0x5b,0x62,0x69,0x00,0xff,0x00,0x89,0x00,0x5b,
  0x62,0x69,0x00,0x00,0x0b,0x0b,0x0b,0x0b,0x0b,0x0b,0x0b,0x00,0x1b,0x1b,0x1b,0x1b,0x1b,0x1b,0x1b,0x00,0x2b,0x2b,0x2b,0x2b,
  0x2b,0x2b,0x2b,0x00,0x3b,0x3b,0x3b,0x3b,0x3b,0x3b,0x3b,0x00,0x4b,0x4b,0x4b,0x4b,0x4b,0x4b,0x4b,0x00,0x5b,0x5b,0x5b,0x5b,
  0x5b,0x5b,0x5b,0x00,0x6b,0x6b,0x6b,0x6b,0x6b,0x6b,0x6b,0x00,0x7b,0x7b,0x7b,0x7b,0x7b,0x7b,0x7b,0x00,0x8b,0x8b,0x8b,0x8b,
  0x8b,0x8b,0x8b,0x00,0x9b,0x9b,0x9b,0x9b,0x9b,0x9b,0x9b,0x00,0xab,0xab,0xab,0xab,0xab,0xab,0xab,0x00,0xbb,0xbb,0xbb,0xbb,
  0xbb,0xbb,0xbb,0x00,0xcb,0xcb,0xcb,0xcb,0xcb,0xcb,0xcb,0x00,0xdb,0xdb,0xdb,0xdb,0xdb,0xdb,0xdb,0x00,0xeb,0xeb,0xeb,0xeb,
  0xeb,0xeb,0xeb,0x00,0xfb,0xfb,0xfb,0xfb,0xfb,0xfb,0xfb,0x00,0x00,0x5b,0x62,0x69,0x00,0xff,0x00,0x89,0x00,0x5b,0x62,0x69,
  0x00,0x00,0x0b,0x0b,0x0b,0x0b,0x0b,0x0b,0x0b,0x00,0x1b,0x1b,0x1b,0x1b,0x1b,0x1b,0x1b,0x00,0x2b,0x2b,0x2b,0x2b,0x2b,0x2b,
  0x2b,0x00,0x3b,0x3b,0x3b,0x3b,0x3b,0x3b,0x3b,0x00,0x4b,0x4b,0x4b,0x4b,0x4b,0x4b,0x4b,0x00,0x5b,0x5b,0x5b,0x5b,0x5b,0x5b,
  0x5b,0x00,0x6b,0x6b,0x6b,0x6b,0x6b,0x6b,0x6b,0x00,0x7b,0x7b,0x7b,0x7b,0x7b,0x7b,0x7b,0x00,0x8b,0x8b,0x8b,0x8b,0x8b,0x8b,
  0x8b,0x00,0x9b,0x9b,0x9b,0x9b,0x9b,0x9b,0x9b,0x00,0xab,0xab,0xab,0xab,0xab,0xab,0xab,0x00,0xbb,0xbb,0xbb,0xbb,0xbb,0xbb,
  0xbb,0x00,0xcb,0xcb,0xcb,0xcb,0xcb,0xcb,0xcb,0x00,0xdb,0xdb,0xdb,0xdb,0xdb,0xdb,0xdb,0x00,0xeb,0xeb,0xeb,0xeb,0xeb,0xeb,
  0xeb,0x00,0xfb,0xfb,0xfb,0xfb,0xfb,0xfb,0xfb,0x00,0x00,0x5b,0x62,0x69,0x00,0xff,0x00,0x89,0x00,0x5b,0x62,0x69,0x00,0x00,
  0x0b,0x0b,0x0b,0x0b,0x0b,0x0b,0x0b,0x00,0x1b,0x1b,0x1b,0x1b,0x1b,0x1b,0x1b,0x00,0x2b,0x2b,0x2b,0x2b,0x2b,0x2b,0x2b,0x00,
  0x3b,0x3b,0x3b,0x3b,0x3b,0x3b,0x3b,0x00,0x4b,0x4b,0x4b,0x4b,0x4b,0x4b,0x4b,0x00,0x5b,0x5b,0x5b,0x5b,0x5b,0x5b,0x5b,0x00,
  0x6b,0x6b,0x6b,0x6b,0x6b,0x6b,0x6b,0x00,0x7b,0x7b,0x7b,0x7b,0x7b,0x7b,0x7b,0x00,0x8b,0x8b,0x8b,0x8b,0x8b,0x8b,0x8b,0x00,
  0x9b,0x9b,0x9b,0x9b,0x9b,0x9b,0x9b,0x00,0xab,0xab,0xab,0xab,0xab,0xab,0xab,0x00,0xbb,0xbb,0xbb,0xbb,0xbb,0xbb,0xbb,0x00,
  0xcb,0xcb,0xcb,0xcb,0xcb,0xcb,0xcb,0x00,0xdb,0xdb,0xdb,0xdb,0xdb,0xdb,0xdb,0x00,0xeb,0xeb,0xeb,0xeb,0xeb,0xeb,0xeb,0x00,
  0xfb,0xfb,0xfb,0xfb,0xfb,0xfb,0xfb,0x00,0x00,0x5b,0x62,0x69,0x00,0xff,0x00,0x89,0x00,0x5b,0x62,0x69,0x00,0x00,0x0b,0x0b,
  0x0b,0x0b,0x0b,0x0b,0x0b,0x00,0x1b,0x1b,0x1b,0x1b,0x1b,0x1b,0x1b,0x00,0x2b,0x2b,0x2b,0x2b,0x2b,0x2b,0x2b,0x00,0x3b,0x3b,
  0x3b,0x3b,0x3b,0x3b,0x3b,0x00,0x4b,0x4b,0x4b,0x4b,0x4b,0x4b,0x4b,0x00,0x5b,0x5b,0x5b,0x5b,0x5b,0x5b,0x5b,0x00,0x6b,0x6b,
  0x6b,0x6b,0x6b,0x6b,0x6b,0x00,0x7b,0x7b,0x7b,0x7b,0x7b,0x7b,0x7b,0x00,0x8b,0x8b,0x8b,0x8b,0x8b,0x8b,0x8b,0x00,0x9b,0x9b,
  0x9b,0x9b,0x9b,0x9b,0x9b,0x00,0xab,0xab,0xab,0xab,0xab,0xab,0xab,0x00,0xbb,0xbb,0xbb,0xbb,0xbb,0xbb,0xbb,0x00,0xcb,0xcb,
  0xcb,0xcb,0xcb,0xcb,0xcb,0x00,0xdb,0xdb,0xdb,0xdb,0xdb,0xdb,0xdb,0x00,0xeb,0xeb,0xeb,0xeb,0xeb,0xeb,0xeb,0x00,0xfb,0xfb,
  0xfb,0xfb,0xfb,0xfb,0xfb,0x00,0x00,0x5b,0x62,0x69,0x00,0xff,0x00,0x89,0x00,0x5b,0x62,0x69,0x00,0x00,0x00,0x00,0x00,0x00,
  0x00,0x00,0x00,0x00,0x00,0x00,0x00,0x00,0x00,0x00,0x00,0x00,0x00,0x00,0x00,0x00,0x00,0x00,0x00,0x00,0x00,0x00,0x00,0x00,
  0x00,0x00,0x00,0x00,0x00,0x00,0x00,0x00,0x00,0x00,0x00,0x00,0x00,0x00,0x00,0x00,0x00,0x00,0x00,0x00,0x00,0x00,0x00,0x00,
  0x00,0x00,0x00,0x00,0x00,0x00,0x00,0x00,0x00,0x00,0x00,0x00,0x00,0x00,0x00,0x00,0x00,0x00,0x00,0x00,0x00,0x00,0x00,0x00,
  0x00,0x00,0x00,0x00,0x00,0x00,0x00,0x00,0x00,0x00,0x00,0x00,0x00,0x00,0x00,0x00,0x00,0x00,0x00,0x00,0x00,0x00,0x00,0x00,
  0x00,0x00,0x00,0x00,0x00,0x00,0x00,0x00,0x00,0x00,0x00,0x00,0x00,0x00,0x00,0x00,0x00,0x00,0x00,0x00,0x00,0x00,0x00,0x00,
  0x00,0x00,0x00,0x00,0x00,0x5b,0x62,0x69,0x00,0xff,0x00,0x89,0x00,0x5b,0x62,0x69,0x00,0x00,0x0c,0x0c,0x0c,0x0c,0x0c,0x0c,
  0x0c,0x00,0x1c,0x1c,0x1c,0x1c,0x1c,0x1c,0x1c,0x00,0x2c,0x2c,0x2c,0x2c,0x2c,0x2c,0x2c,0x00,0x3c,0x3c,0x3c,0x3c,0x3c,0x3c,
  0x3c,0x00,0x4c,0x4c,0x4c,0x4c,0x4c,0x4c,0x4c,0x00,0x5c,0x5c,0x5c,0x5c,0x5c,0x5c,0x5c,0x00,0x6c,0x6c,0x6c,0x6c,0x6c,0x6c,
  0x6c,0x00,0x7c,0x7c,0x7c,0x7c,0x7c,0x7c,0x7c,0x00,0x8c,0x8c,0x8c,0x8c,0x8c,0x8c,0x8c,0x00,0x9c,0x9c,0x9c,0x9c,0x9c,0x9c,
  0x9c,0x00,0xac,0xac,0xac,0xac,0xac,0xac,0xac,0x00,0xbc,0xbc,0xbc,0xbc,0xbc,0xbc,0xbc,0x00,0xcc,0xcc,0xcc,0xcc,0xcc,0xcc,
  0xcc,0x00,0xdc,0xdc,0xdc,0xdc,0xdc,0xdc,0xdc,0x00,0xec,0xec,0xec,0xec,0xec,0xec,0xec,0x00,0xfc,0xfc,0xfc,0xfc,0xfc,0xfc,
  0xfc,0x00,0x00,0x5b,0x62,0x69,0x00,0xff,0x00,0x89,0x00,0x5b,0x62,0x69,0x00,0x00,0x0c,0x0c,0x0c,0x0c,0x0c,0x0c,0x0c,0x00,
  0x1c,0x1c,0x1c,0x1c,0x1c,0x1c,0x1c,0x00,0x2c,0x2c,0x2c,0x2c,0x2c,0x2c,0x2c,0x00,0x3c,0x3c,0x3c,0x3c,0x3c,0x3c,0x3c,0x00,
  0x4c,0x4c,0x4c,0x4c,0x4c,0x4c,0x4c,0x00,0x5c,0x5c,0x5c,0x5c,0x5c,0x5c,0x5c,0x00,0x6c,0x6c,0x6c,0x6c,0x6c,0x6c,0x6c,0x00,
  0x7c,0x7c,0x7c,0x7c,0x7c,0x7c,0x7c,0x00,0x8c,0x8c,0x8c,0x8c,0x8c,0x8c,0x8c,0x00,0x9c,0x9c,0x9c,0x9c,0x9c,0x9c,0x9c,0x00,
  0xac,0xac,0xac,0xac,0xac,0xac,0xac,0x00,0xbc,0xbc,0xbc,0xbc,0xbc,0xbc,0xbc,0x00,0xcc,0xcc,0xcc,0xcc,0xcc,0xcc,0xcc,0x00,
  0xdc,0xdc,0xdc,0xdc,0xdc,0xdc,0xdc,0x00,0xec,0xec,0xec,0xec,0xec,0xec,0xec,0x00,0xfc,0xfc,0xfc,0xfc,0xfc,0xfc,0xfc,0x00,
  0x00,0x5b,0x62,0x69,0x00,0xff,0x00,0x89,0x00,0x5b,0x62,0x69,0x00,0x00,0x0c,0x0c,0x0c,0x0c,0x0c,0x0c,0x0c,0x00,0x1c,0x1c,
  0x1c,0x1c,0x1c,0x1c,0x1c,0x00,0x2c,0x2c,0x2c,0x2c,0x2c,0x2c,0x2c,0x00,0x3c,0x3c,0x3c,0x3c,0x3c,0x3c,0x3c,0x00,0x4c,0x4c,
  0x4c,0x4c,0x4c,0x4c,0x4c,0x00,0x5c,0x5c,0x5c,0x5c,0x5c,0x5c,0x5c,0x00,0x6c,0x6c,0x6c,0x6c,0x6c,0x6c,0x6c,0x00,0x7c,0x7c,
  0x7c,0x7c,0x7c,0x7c,0x7c,0x00,0x8c,0x8c,0x8c,0x8c,0x8c,0x8c,0x8c,0x00,0x9c,0x9c,0x9c,0x9c,0x9c,0x9c,0x9c,0x00,0xac,0xac,
  0xac,0xac,0xac,0xac,0xac,0x00,0xbc,0xbc,0xbc,0xbc,0xbc,0xbc,0xbc,0x00,0xcc,0xcc,0xcc,0xcc,0xcc,0xcc,0xcc,0x00,0xdc,0xdc,
  0xdc,0xdc,0xdc,0xdc,0xdc,0x00,0xec,0xec,0xec,0xec,0xec,0xec,0xec,0x00,0xfc,0xfc,0xfc,0xfc,0xfc,0xfc,0xfc,0x00,0x00,0x5b,
  0x62,0x69,0x00,0xff,0x00,0x89,0x00,0x5b,0x62,0x69,0x00,0x00,0x0c,0x0c,0x0c,0x0c,0x0c,0x0c,0x0c,0x00,0x1c,0x1c,0x1c,0x1c,
  0x1c,0x1c,0x1c,0x00,0x2c,0x2c,0x2c,0x2c,0x2c,0x2c,0x2c,0x00,0x3c,0x3c,0x3c,0x3c,0x3c,0x3c,0x3c,0x00,0x4c,0x4c,0x4c,0x4c,
  0x4c,0x4c,0x4c,0x00,0x5c,0x5c,0x5c,0x5c,0x5c,0x5c,0x5c,0x00,0x6c,0x6c,0x6c,0x6c,0x6c,0x6c,0x6c,0x00,0x7c,0x7c,0x7c,0x7c,
  0x7c,0x7c,0x7c,0x00,0x8c,0x8c,0x8c,0x8c,0x8c,0x8c,0x8c,0x00,0x9c,0x9c,0x9c,0x9c,0x9c,0x9c,0x9c,0x00,0xac,0xac,0xac,0xac,
  0xac,0xac,0xac,0x00,0xbc,0xbc,0xbc,0xbc,0xbc,0xbc,0xbc,0x00,0xcc,0xcc,0xcc,0xcc,0xcc,0xcc,0xcc,0x00,0xdc,0xdc,0xdc,0xdc,
  0xdc,0xdc,0xdc,0x00,0xec,0xec,0xec,0xec,0xec,0xec,0xec,0x00,0xfc,0xfc,0xfc,0xfc,0xfc,0xfc,0xfc,0x00,0x00,0x5b,0x62,0x69,
  0x00,0xff,0x00,0x89,0x00,0x5b,0x62,0x69,0x00,0x00,0x0c,0x0c,0x0c,0x0c,0x0c,0x0c,0x0c,0x00,0x1c,0x1c,0x1c,0x1c,0x1c,0x1c,
  0x1c,0x00,0x2c,0x2c,0x2c,0x2c,0x2c,0x2c,0x2c,0x00,0x3c,0x3c,0x3c,0x3c,0x3c,0x3c,0x3c,0x00,0x4c,0x4c,0x4c,0x4c,0x4c,0x4c,
  0x4c,0x00,0x5c,0x5c,0x5c,0x5c,0x5c,0x5c,0x5c,0x00,0x6c,0x6c,0x6c,0x6c,0x6c,0x6c,0x6c,0x00,0x7c,0x7c,0x7c,0x7c,0x7c,0x7c,
  0x7c,0x00,0x8c,0x8c,0x8c,0x8c,0x8c,0x8c,0x8c,0x00,0x9c,0x9c,0x9c,0x9c,0x9c,0x9c,0x9c,0x00,0xac,0xac,0xac,0xac,0xac,0xac,
  0xac,0x00,0xbc,0xbc,0xbc,0xbc,0xbc,0xbc,0xbc,0x00,0xcc,0xcc,0xcc,0xcc,0xcc,0xcc,0xcc,0x00,0xdc,0xdc,0xdc,0xdc,0xdc,0xdc,
  0xdc,0x00,0xec,0xec,0xec,0xec,0xec,0xec,0xec,0x00,0xfc,0xfc,0xfc,0xfc,0xfc,0xfc,0xfc,0x00,0x00,0x5b,0x62,0x69,0x00,0xff,
  0x00,0x89,0x00,0x5b,0x62,0x69,0x00,0x00,0x0c,0x0c,0x0c,0x0c,0x0c,0x0c,0x0c,0x00,0x1c,0x1c,0x1c,0x1c,0x1c,0x1c,0x1c,0x00,
  0x2c,0x2c,0x2c,0x2c,0x2c,0x2c,0x2c,0x00,0x3c,0x3c,0x3c,0x3c,0x3c,0x3c,0x3c,0x00,0x4c,0x4c,0x4c,0x4c,0x4c,0x4c,0x4c,0x00,
  0x5c,0x5c,0x5c,0x5c,0x5c,0x5c,0x5c,0x00,0x6c,0x6c,0x6c,0x6c,0x6c,0x6c,0x6c,0x00,0x7c,0x7c,0x7c,0x7c,0x7c,0x7c,0x7c,0x00,
  0x8c,0x8c,0x8c,0x8c,0x8c,0x8c,0x8c,0x00,0x9c,0x9c,0x9c,0x9c,0x9c,0x9c,0x9c,0x00,0xac,0xac,0xac,0xac,0xac,0xac,0xac,0x00,
  0xbc,0xbc,0xbc,0xbc,0xbc,0xbc,0xbc,0x00,0xcc,0xcc,0xcc,0xcc,0xcc,0xcc,0xcc,0x00,0xdc,0xdc,0xdc,0xdc,0xdc,0xdc,0xdc,0x00,
  0xec,0xec,0xec,0xec,0xec,0xec,0xec,0x00,0xfc,0xfc,0xfc,0xfc,0xfc,0xfc,0xfc,0x00,0x00,0x5b,0x62,0x69,0x00,0xff,0x00,0x89,
  0x00,0x5b,0x62,0x69,0x00,0x00,0x0c,0x0c,0x0c,0x0c,0x0c,0x0c,0x0c,0x00,0x1c,0x1c,0x1c,0x1c,0x1c,0x1c,0x1c,0x00,0x2c,0x2c,
  0x2c,0x2c,0x2c,0x2c,0x2c,0x00,0x3c,0x3c,0x3c,0x3c,0x3c,0x3c,0x3c,0x00,0x4c,0x4c,0x4c,0x4c,0x4c,0x4c,0x4c,0x00,0x5c,0x5c,
  0x5c,0x5c,0x5c,0x5c,0x5c,0x00,0x6c,0x6c,0x6c,0x6c,0x6c,0x6c,0x6c,0x00,0x7c,0x7c,0x7c,0x7c,0x7c,0x7c,0x7c,0x00,0x8c,0x8c,
  0x8c,0x8c,0x8c,0x8c,0x8c,0x00,0x9c,0x9c,0x9c,0x9c,0x9c,0x9c,0x9c,0x00,0xac,0xac,0xac,0xac,0xac,0xac,0xac,0x00,0xbc,0xbc,
  0xbc,0xbc,0xbc,0xbc,0xbc,0x00,0xcc,0xcc,0xcc,0xcc,0xcc,0xcc,0xcc,0x00,0xdc,0xdc,0xdc,0xdc,0xdc,0xdc,0xdc,0x00,0xec,0xec,
  0xec,0xec,0xec,0xec,0xec,0x00,0xfc,0xfc,0xfc,0xfc,0xfc,0xfc,0xfc,0x00,0x00,0x5b,0x62,0x69,0x00,0xff,0x00,0x89,0x00,0x5b,
  0x62,0x69,0x00,0x00,0x00,0x00,0x00,0x00,0x00,0x00,0x00,0x00,0x00,0x00,0x00,0x00,0x00,0x00,0x00,0x00,0x00,0x00,0x00,0x00,
  0x00,0x00,0x00,0x00,0x00,0x00,0x00,0x00,0x00,0x00,0x00,0x00,0x00,0x00,0x00,0x00,0x00,0x00,0x00,0x00,0x00,0x00,0x00,0x00,
  0x00,0x00,0x00,0x00,0x00,0x00,0x00,0x00,0x00,0x00,0x00,0x00,0x00,0x00,0x00,0x00,0x00,0x00,0x00,0x00,0x00,0x00,0x00,0x00,
  0x00,0x00,0x00,0x00,0x00,0x00,0x00,0x00,0x00,0x00,0x00,0x00,0x00,0x00,0x00,0x00,0x00,0x00,0x00,0x00,0x00,0x00,0x00,0x00,
  0x00,0x00,0x00,0x00,0x00,0x00,0x00,0x00,0x00,0x00,0x00,0x00,0x00,0x00,0x00,0x00,0x00,0x00,0x00,0x00,0x00,0x00,0x00,0x00,
  0x00,0x00,0x00,0x00,0x00,0x00,0x00,0x00,0x00,0x00,0x00,0x00,0x00,0x5b,0x62,0x69,0x00,0xff,0x00,0x89,0x00,0x5b,0x62,0x69,
  0x00,0x00,0x0d,0x0d,0x0d,0x0d,0x0d,0x0d,0x0d,0x00,0x1d,0x1d,0x1d,0x1d,0x1d,0x1d,0x1d,0x00,0x2d,0x2d,0x2d,0x2d,0x2d,0x2d,
  0x2d,0x00,0x3d,0x3d,0x3d,0x3d,0x3d,0x3d,0x3d,0x00,0x4d,0x4d,0x4d,0x4d,0x4d,0x4d,0x4d,0x00,0x5d,0x5d,0x5d,0x5d,0x5d,0x5d,
  0x5d,0x00,0x6d,0x6d,0x6d,0x6d,0x6d,0x6d,0x6d,0x00,0x7d,0x7d,0x7d,0x7d,0x7d,0x7d,0x7d,0x00,0x8d,0x8d,0x8d,0x8d,0x8d,0x8d,
  0x8d,0x00,0x9d,0x9d,0x9d,0x9d,0x9d,0x9d,0x9d,0x00,0xad,0xad,0xad,0xad,0xad,0xad,0xad,0x00,0xbd,0xbd,0xbd,0xbd,0xbd,0xbd,
  0xbd,0x00,0xcd,0xcd,0xcd,0xcd,0xcd,0xcd,0xcd,0x00,0xdd,0xdd,0xdd,0xdd,0xdd,0xdd,0xdd,0x00,0xed,0xed,0xed,0xed,0xed,0xed,
  0xed,0x00,0xfd,0xfd,0xfd,0xfd,0xfd,0xfd,0xfd,0x00,0x00,0x5b,0x62,0x69,0x00,0xff,0x00,0x89,0x00,0x5b,0x62,0x69,0x00,0x00,
  0x0d,0x0d,0x0d,0x0d,0x0d,0x0d,0x0d,0x00,0x1d,0x1d,0x1d,0x1d,0x1d,0x1d,0x1d,0x00,0x2d,0x2d,0x2d,0x2d,0x2d,0x2d,0x2d,0x00,
  0x3d,0x3d,0x3d,0x3d,0x3d,0x3d,0x3d,0x00,0x4d,0x4d,0x4d,0x4d,0x4d,0x4d,0x4d,0x00,0x5d,0x5d,0x5d,0x5d,0x5d,0x5d,0x5d,0x00,
  0x6d,0x6d,0x6d,0x6d,0x6d,0x6d,0x6d,0x00,0x7d,0x7d,0x7d,0x7d,0x7d,0x7d,0x7d,0x00,0x8d,0x8d,0x8d,0x8d,0x8d,0x8d,0x8d,0x00,
  0x9d,0x9d,0x9d,0x9d,0x9d,0x9d,0x9d,0x00,0xad,0xad,0xad,0xad,0xad,0xad,0xad,0x00,0xbd,0xbd,0xbd,0xbd,0xbd,0xbd,0xbd,0x00,
  0xcd,0xcd,0xcd,0xcd,0xcd,0xcd,0xcd,0x00,0xdd,0xdd,0xdd,0xdd,0xdd,0xdd,0xdd,0x00,0xed,0xed,0xed,0xed,0xed,0xed,0xed,0x00,
  0xfd,0xfd,0xfd,0xfd,0xfd,0xfd,0xfd,0x00,0x00,0x5b,0x62,0x69,0x00,0xff,0x00,0x89,0x00,0x5b,0x62,0x69,0x00,0x00,0x0d,0x0d,
  0x0d,0x0d,0x0d,0x0d,0x0d,0x00,0x1d,0x1d,0x1d,0x1d,0x1d,0x1d,0x1d,0x00,0x2d,0x2d,0x2d,0x2d,0x2d,0x2d,0x2d,0x00,0x3d,0x3d,
  0x3d,0x3d,0x3d,0x3d,0x3d,0x00,0x4d,0x4d,0x4d,0x4d,0x4d,0x4d,0x4d,0x00,0x5d,0x5d,0x5d,0x5d,0x5d,0x5d,0x5d,0x00,0x6d,0x6d,
  0x6d,0x6d,0x6d,0x6d,0x6d,0x00,0x7d,0x7d,0x7d,0x7d,0x7d,0x7d,0x7d,0x00,0x8d,0x8d,0x8d,0x8d,0x8d,0x8d,0x8d,0x00,0x9d,0x9d,
  0x9d,0x9d,0x9d,0x9d,0x9d,0x00,0xad,0xad,0xad,0xad,0xad,0xad,0xad,0x00,0xbd,0xbd,0xbd,0xbd,0xbd,0xbd,0xbd,0x00,0xcd,0xcd,
  0xcd,0xcd,0xcd,0xcd,0xcd,0x00,0xdd,0xdd,0xdd,0xdd,0xdd,0xdd,0xdd,0x00,0xed,0xed,0xed,0xed,0xed,0xed,0xed,0x00,0xfd,0xfd,
  0xfd,0xfd,0xfd,0xfd,0xfd,0x00,0x00,0x5b,0x62,0x69,0x00,0xff,0x00,0x89,0x00,0x5b,0x62,0x69,0x00,0x00,0x0d,0x0d,0x0d,0x0d,
  0x0d,0x0d,0x0d,0x00,0x1d,0x1d,0x1d,0x1d,0x1d,0x1d,0x1d,0x00,0x2d,0x2d,0x2d,0x2d,0x2d,0x2d,0x2d,0x00,0x3d,0x3d,0x3d,0x3d,
  0x3d,0x3d,0x3d,0x00,0x4d,0x4d,0x4d,0x4d,0x4d,0x4d,0x4d,0x00,0x5d,0x5d,0x5d,0x5d,0x5d,0x5d,0x5d,0x00,0x6d,0x6d,0x6d,0x6d,
  0x6d,0x6d,0x6d,0x00,0x7d,0x7d,0x7d,0x7d,0x7d,0x7d,0x7d,0x00,0x8d,0x8d,0x8d,0x8d,0x8d,0x8d,0x8d,0x00,0x9d,0x9d,0x9d,0x9d,
  0x9d,0x9d,0x9d,0x00,0xad,0xad,0xad,0xad,0xad,0xad,0xad,0x00,0xbd,0xbd,0xbd,0xbd,0xbd,0xbd,0xbd,0x00,0xcd,0xcd,0xcd,0xcd,
  0xcd,0xcd,0xcd,0x00,0xdd,0xdd,0xdd,0xdd,0xdd,0xdd,0xdd,0x00,0xed,0xed,0xed,0xed,0xed,0xed,0xed,0x00,0xfd,0xfd,0xfd,0xfd,
  0xfd,0xfd,0xfd,0x00,0x00,0x5b,0x62,0x69,0x00,0xff,0x00,0x89,0x00,0x5b,0x62,0x69,0x00,0x00,0x0d,0x0d,0x0d,0x0d,0x0d,0x0d,
  0x0d,0x00,0x1d,0x1d,0x1d,0x1d,0x1d,0x1d,0x1d,0x00,0x2d,0x2d,0x2d,0x2d,0x2d,0x2d,0x2d,0x00,0x3d,0x3d,0x3d,0x3d,0x3d,0x3d,
  0x3d,0x00,0x4d,0x4d,0x4d,0x4d,0x4d,0x4d,0x4d,0x00,0x5d,0x5d,0x5d,0x5d,0x5d,0x5d,0x5d,0x00,0x6d,0x6d,0x6d,0x6d,0x6d,0x6d,
  0x6d,0x00,0x7d,0x7d,0x7d,0x7d,0x7d,0x7d,0x7d,0x00,0x8d,0x8d,0x8d,0x8d,0x8d,0x8d,0x8d,0x00,0x9d,0x9d,0x9d,0x9d,0x9d,0x9d,
  0x9d,0x00,0xad,0xad,0xad,0xad,0xad,0xad,0xad,0x00,0xbd,0xbd,0xbd,0xbd,0xbd,0xbd,0xbd,0x00,0xcd,0xcd,0xcd,0xcd,0xcd,0xcd,
  0xcd,0x00,0xdd,0xdd,0xdd,0xdd,0xdd,0xdd,0xdd,0x00,0xed,0xed,0xed,0xed,0xed,0xed,0xed,0x00,0xfd,0xfd,0xfd,0xfd,0xfd,0xfd,
  0xfd,0x00,0x00,0x5b,0x62,0x69,0x00,0xff,0x00,0x89,0x00,0x5b,0x62,0x69,0x00,0x00,0x0d,0x0d,0x0d,0x0d,0x0d,0x0d,0x0d,0x00,
  0x1d,0x1d,0x1d,0x1d,0x1d,0x1d,0x1d,0x00,0x2d,0x2d,0x2d,0x2d,0x2d,0x2d,0x2d,0x00,0x3d,0x3d,0x3d,0x3d,0x3d,0x3d,0x3d,0x00,
  0x4d,0x4d,0x4d,0x4d,0x4d,0x4d,0x4d,0x00,0x5d,0x5d,0x5d,0x5d,0x5d,0x5d,0x5d,0x00,0x6d,0x6d,0x6d,0x6d,0x6d,0x6d,0x6d,0x00,
  0x7d,0x7d,0x7d,0x7d,0x7d,0x7d,0x7d,0x00,0x8d,0x8d,0x8d,0x8d,0x8d,0x8d,0x8d,0x00,0x9d,0x9d,0x9d,0x9d,0x9d,0x9d,0x9d,0x00,
  0xad,0xad,0xad,0xad,0xad,0xad,0xad,0x00,0xbd,0xbd,0xbd,0xbd,0xbd,0xbd,0xbd,0x00,0xcd,0xcd,0xcd,0xcd,0xcd,0xcd,0xcd,0x00,
  0xdd,0xdd,0xdd,0xdd,0xdd,0xdd,0xdd,0x00,0xed,0xed,0xed,0xed,0xed,0xed,0xed,0x00,0xfd,0xfd,0xfd,0xfd,0xfd,0xfd,0xfd,0x00,
  0x00,0x5b,0x62,0x69,0x00,0xff,0x00,0x89,0x00,0x5b,0x62,0x69,0x00,0x00,0x0d,0x0d,0x0d,0x0d,0x0d,0x0d,0x0d,0x00,0x1d,0x1d,
  0x1d,0x1d,0x1d,0x1d,0x1d,0x00,0x2d,0x2d,0x2d,0x2d,0x2d,0x2d,0x2d,0x00,0x3d,0x3d,0x3d,0x3d,0x3d,0x3d,0x3d,0x00,0x4d,0x4d,
  0x4d,0x4d,0x4d,0x4d,0x4d,0x00,0x5d,0x5d,0x5d,0x5d,0x5d,0x5d,0x5d,0x00,0x6d,0x6d,0x6d,0x6d,0x6d,0x6d,0x6d,0x00,0x7d,0x7d,
  0x7d,0x7d,0x7d,0x7d,0x7d,0x00,0x8d,0x8d,0x8d,0x8d,0x8d,0x8d,0x8d,0x00,0x9d,0x9d,0x9d,0x9d,0x9d,0x9d,0x9d,0x00,0xad,0xad,
  0xad,0xad,0xad,0xad,0xad,0x00,0xbd,0xbd,0xbd,0xbd,0xbd,0xbd,0xbd,0x00,0xcd,0xcd,0xcd,0xcd,0xcd,0xcd,0xcd,0x00,0xdd,0xdd,
  0xdd,0xdd,0xdd,0xdd,0xdd,0x00,0xed,0xed,0xed,0xed,0xed,0xed,0xed,0x00,0xfd,0xfd,0xfd,0xfd,0xfd,0xfd,0xfd,0x00,0x00,0x5b,
  0x62,0x69,0x00,0xff,0x00,0x89,0x00,0x5b,0x62,0x69,0x00,0x00,0x00,0x00,0x00,0x00,0x00,0x00,0x00,0x00,0x00,0x00,0x00,0x00,
  0x00,0x00,0x00,0x00,0x00,0x00,0x00,0x00,0x00,0x00,0x00,0x00,0x00,0x00,0x00,0x00,0x00,0x00,0x00,0x00,0x00,0x00,0x00,0x00,
  0x00,0x00,0x00,0x00,0x00,0x00,0x00,0x00,0x00,0x00,0x00,0x00,0x00,0x00,0x00,0x00,0x00,0x00,0x00,0x00,0x00,0x00,0x00,0x00,
  0x00,0x00,0x00,0x00,0x00,0x00,0x00,0x00,0x00,0x00,0x00,0x00,0x00,0x00,0x00,0x00,0x00,0x00,0x00,0x00,0x00,0x00,0x00,0x00,
  0x00,0x00,0x00,0x00,0x00,0x00,0x00,0x00,0x00,0x00,0x00,0x00,0x00,0x00,0x00,0x00,0x00,0x00,0x00,0x00,0x00,0x00,0x00,0x00,
  0x00,0x00,0x00,0x00,0x00,0x00,0x00,0x00,0x00,0x00,0x00,0x00,0x00,0x00,0x00,0x00,0x00,0x00,0x00,0x00,0x00,0x5b,0x62,0x69,
  0x00,0xff,0x00,0x89,0x00,0x5b,0x62,0x69,0x00,0x00,0x0e,0x0e,0x0e,0x0e,0x0e,0x0e,0x0e,0x00,0x1e,0x1e,0x1e,0x1e,0x1e,0x1e,
  0x1e,0x00,0x2e,0x2e,0x2e,0x2e,0x2e,0x2e,0x2e,0x00,0x3e,0x3e,0x3e,0x3e,0x3e,0x3e,0x3e,0x00,0x4e,0x4e,0x4e,0x4e,0x4e,0x4e,
  0x4e,0x00,0x5e,0x5e,0x5e,0x5e,0x5e,0x5e,0x5e,0x00,0x6e,0x6e,0x6e,0x6e,0x6e,0x6e,0x6e,0x00,0x7e,0x7e,0x7e,0x7e,0x7e,0x7e,
  0x7e,0x00,0x8e,0x8e,0x8e,0x8e,0x8e,0x8e,0x8e,0x00,0x9e,0x9e,0x9e,0x9e,0x9e,0x9e,0x9e,0x00,0xae,0xae,0xae,0xae,0xae,0xae,
  0xae,0x00,0x2d,0x2d,0x2d,0x2d,0x2d,0x2d,0x2d,0x00,0xce,0xce,0xce,0xce,0xce,0xce,0xce,0x00,0xde,0xde,0xde,0xde,0xde,0xde,
  0xde,0x00,0xee,0xee,0xee,0xee,0xee,0xee,0xee,0x00,0xfe,0xfe,0xfe,0xfe,0xfe,0xfe,0xfe,0x00,0x00,0x5b,0x62,0x69,0x00,0xff,
  0x00,0x89,0x00,0x5b,0x62,0x69,0x00,0x00,0x0e,0x0e,0x0e,0x0e,0x0e,0x0e,0x0e,0x00,0x1e,0x1e,0x1e,0x1e,0x1e,0x1e,0x1e,0x00,
  0x2e,0x2e,0x2e,0x2e,0x2e,0x2e,0x2e,0x00,0x3e,0x3e,0x3e,0x3e,0x3e,0x3e,0x3e,0x00,0x4e,0x4e,0x4e,0x4e,0x4e,0x4e,0x4e,0x00,
  0x5e,0x5e,0x5e,0x5e,0x5e,0x5e,0x5e,0x00,0x6e,0x6e,0x6e,0x6e,0x6e,0x6e,0x6e,0x00,0x7e,0x7e,0x7e,0x7e,0x7e,0x7e,0x7e,0x00,
  0x8e,0x8e,0x8e,0x8e,0x8e,0x8e,0x8e,0x00,0x9e,0x9e,0x9e,0x9e,0x9e,0x9e,0x9e,0x00,0xae,0xae,0xae,0xae,0xae,0xae,0xae,0x00,
  0x2d,0x2d,0x2d,0x2d,0x2d,0x2d,0x2d,0x00,0xce,0xce,0xce,0xce,0xce,0xce,0xce,0x00,0xde,0xde,0xde,0xde,0xde,0xde,0xde,0x00,
  0xee,0xee,0xee,0xee,0xee,0xee,0xee,0x00,0xfe,0xfe,0xfe,0xfe,0xfe,0xfe,0xfe,0x00,0x00,0x5b,0x62,0x69,0x00,0xff,0x00,0x89,
  0x00,0x5b,0x62,0x69,0x00,0x00,0x0e,0x0e,0x0e,0x0e,0x0e,0x0e,0x0e,0x00,0x1e,0x1e,0x1e,0x1e,0x1e,0x1e,0x1e,0x00,0x2e,0x2e,
  0x2e,0x2e,0x2e,0x2e,0x2e,0x00,0x3e,0x3e,0x3e,0x3e,0x3e,0x3e,0x3e,0x00,0x4e,0x4e,0x4e,0x4e,0x4e,0x4e,0x4e,0x00,0x5e,0x5e,
  0x5e,0x5e,0x5e,0x5e,0x5e,0x00,0x6e,0x6e,0x6e,0x6e,0x6e,0x6e,0x6e,0x00,0x7e,0x7e,0x7e,0x7e,0x7e,0x7e,0x7e,0x00,0x8e,0x8e,
  0x8e,0x8e,0x8e,0x8e,0x8e,0x00,0x9e,0x9e,0x9e,0x9e,0x9e,0x9e,0x9e,0x00,0xae,0xae,0xae,0xae,0xae,0xae,0xae,0x00,0x2d,0x2d,
  0x2d,0x2d,0x2d,0x2d,0x2d,0x00,0xce,0xce,0xce,0xce,0xce,0xce,0xce,0x00,0xde,0xde,0xde,0xde,0xde,0xde,0xde,0x00,0xee,0xee,
  0xee,0xee,0xee,0xee,0xee,0x00,0xfe,0xfe,0xfe,0xfe,0xfe,0xfe,0xfe,0x00,0x00,0x5b,0x62,0x69,0x00,0xff,0x00,0x89,0x00,0x5b,
  0x62,0x69,0x00,0x00,0x0e,0x0e,0x0e,0x0e,0x0e,0x0e,0x0e,0x00,0x1e,0x1e,0x1e,0x1e,0x1e,0x1e,0x1e,0x00,0x2e,0x2e,0x2e,0x2e,
  0x2e,0x2e,0x2e,0x00,0x3e,0x3e,0x3e,0x3e,0x3e,0x3e,0x3e,0x00,0x4e,0x4e,0x4e,0x4e,0x4e,0x4e,0x4e,0x00,0x5e,0x5e,0x5e,0x5e,
  0x5e,0x5e,0x5e,0x00,0x6e,0x6e,0x6e,0x6e,0x6e,0x6e,0x6e,0x00,0x7e,0x7e,0x7e,0x7e,0x7e,0x7e,0x7e,0x00,0x8e,0x8e,0x8e,0x8e,
  0x8e,0x8e,0x8e,0x00,0x9e,0x9e,0x9e,0x9e,0x9e,0x9e,0x9e,0x00,0xae,0xae,0xae,0xae,0xae,0xae,0xae,0x00,0x2d,0x2d,0x2d,0x2d,
  0x2d,0x2d,0x2d,0x00,0xce,0xce,0xce,0xce,0xce,0xce,0xce,0x00,0xde,0xde,0xde,0xde,0xde,0xde,0xde,0x00,0xee,0xee,0xee,0xee,
  0xee,0xee,0xee,0x00,0xfe,0xfe,0xfe,0xfe,0xfe,0xfe,0xfe,0x00,0x00,0x5b,0x62,0x69,0x00,0xff,0x00,0x89,0x00,0x5b,0x62,0x69,
  0x00,0x00,0x0e,0x0e,0x0e,0x0e,0x0e,0x0e,0x0e,0x00,0x1e,0x1e,0x1e,0x1e,0x1e,0x1e,0x1e,0x00,0x2e,0x2e,0x2e,0x2e,0x2e,0x2e,
  0x2e,0x00,0x3e,0x3e,0x3e,0x3e,0x3e,0x3e,0x3e,0x00,0x4e,0x4e,0x4e,0x4e,0x4e,0x4e,0x4e,0x00,0x5e,0x5e,0x5e,0x5e,0x5e,0x5e,
  0x5e,0x00,0x6e,0x6e,0x6e,0x6e,0x6e,0x6e,0x6e,0x00,0x7e,0x7e,0x7e,0x7e,0x7e,0x7e,0x7e,0x00,0x8e,0x8e,0x8e,0x8e,0x8e,0x8e,
  0x8e,0x00,0x9e,0x9e,0x9e,0x9e,0x9e,0x9e,0x9e,0x00,0xae,0xae,0xae,0xae,0xae,0xae,0xae,0x00,0x2d,0x2d,0x2d,0x2d,0x2d,0x2d,
  0x2d,0x00,0xce,0xce,0xce,0xce,0xce,0xce,0xce,0x00,0xde,0xde,0xde,0xde,0xde,0xde,0xde,0x00,0xee,0xee,0xee,0xee,0xee,0xee,
  0xee,0x00,0xfe,0xfe,0xfe,0xfe,0xfe,0xfe,0xfe,0x00,0x00,0x5b,0x62,0x69,0x00,0xff,0x00,0x89,0x00,0x5b,0x62,0x69,0x00,0x00,
  0x0e,0x0e,0x0e,0x0e,0x0e,0x0e,0x0e,0x00,0x1e,0x1e,0x1e,0x1e,0x1e,0x1e,0x1e,0x00,0x2e,0x2e,0x2e,0x2e,0x2e,0x2e,0x2e,0x00,
  0x3e,0x3e,0x3e,0x3e,0x3e,0x3e,0x3e,0x00,0x4e,0x4e,0x4e,0x4e,0x4e,0x4e,0x4e,0x00,0x5e,0x5e,0x5e,0x5e,0x5e,0x5e,0x5e,0x00,
  0x6e,0x6e,0x6e,0x6e,0x6e,0x6e,0x6e,0x00,0x7e,0x7e,0x7e,0x7e,0x7e,0x7e,0x7e,0x00,0x8e,0x8e,0x8e,0x8e,0x8e,0x8e,0x8e,0x00,
  0x9e,0x9e,0x9e,0x9e,0x9e,0x9e,0x9e,0x00,0xae,0xae,0xae,0xae,0xae,0xae,0xae,0x00,0x2d,0x2d,0x2d,0x2d,0x2d,0x2d,0x2d,0x00,
  0xce,0xce,0xce,0xce,0xce,0xce,0xce,0x00,0xde,0xde,0xde,0xde,0xde,0xde,0xde,0x00,0xee,0xee,0xee,0xee,0xee,0xee,0xee,0x00,
  0xfe,0xfe,0xfe,0xfe,0xfe,0xfe,0xfe,0x00,0x00,0x5b,0x62,0x69,0x00,0xff,0x00,0x89,0x00,0x5b,0x62,0x69,0x00,0x00,0x0e,0x0e,
  0x0e,0x0e,0x0e,0x0e,0x0e,0x00,0x1e,0x1e,0x1e,0x1e,0x1e,0x1e,0x1e,0x00,0x2e,0x2e,0x2e,0x2e,0x2e,0x2e,0x2e,0x00,0x3e,0x3e,
  0x3e,0x3e,0x3e,0x3e,0x3e,0x00,0x4e,0x4e,0x4e,0x4e,0x4e,0x4e,0x4e,0x00,0x5e,0x5e,0x5e,0x5e,0x5e,0x5e,0x5e,0x00,0x6e,0x6e,
  0x6e,0x6e,0x6e,0x6e,0x6e,0x00,0x7e,0x7e,0x7e,0x7e,0x7e,0x7e,0x7e,0x00,0x8e,0x8e,0x8e,0x8e,0x8e,0x8e,0x8e,0x00,0x9e,0x9e,
  0x9e,0x9e,0x9e,0x9e,0x9e,0x00,0xae,0xae,0xae,0xae,0xae,0xae,0xae,0x00,0x2d,0x2d,0x2d,0x2d,0x2d,0x2d,0x2d,0x00,0xce,0xce,
  0xce,0xce,0xce,0xce,0xce,0x00,0xde,0xde,0xde,0xde,0xde,0xde,0xde,0x00,0xee,0xee,0xee,0xee,0xee,0xee,0xee,0x00,0xfe,0xfe,
  0xfe,0xfe,0xfe,0xfe,0xfe,0x00,0x00,0x5b,0x62,0x69,0x00,0xff,0x00,0x89,0x00,0x5b,0x62,0x69,0x00,0x00,0x00,0x00,0x00,0x00,
  0x00,0x00,0x00,0x00,0x00,0x00,0x00,0x00,0x00,0x00,0x00,0x00,0x00,0x00,0x00,0x00,0x00,0x00,0x00,0x00,0x00,0x00,0x00,0x00,
  0x00,0x00,0x00,0x00,0x00,0x00,0x00,0x00,0x00,0x00,0x00,0x00,0x00,0x00,0x00,0x00,0x00,0x00,0x00,0x00,0x00,0x00,0x00,0x00,
  0x00,0x00,0x00,0x00,0x00,0x00,0x00,0x00,0x00,0x00,0x00,0x00,0x00,0x00,0x00,0x00,0x00,0x00,0x00,0x00,0x00,0x00,0x00,0x00,
  0x00,0x00,0x00,0x00,0x00,0x00,0x00,0x00,0x00,0x00,0x00,0x00,0x00,0x00,0x00,0x00,0x00,0x00,0x00,0x00,0x00,0x00,0x00,0x00,
  0x00,0x00,0x00,0x00,0x00,0x00,0x00,0x00,0x00,0x00,0x00,0x00,0x00,0x00,0x00,0x00,0x00,0x00,0x00,0x00,0x00,0x00,0x00,0x00,
  0x00,0x00,0x00,0x00,0x00,0x5b,0x62,0x69,0x00,0xff,0x00,0x89,0x00,0x5b,0x62,0x69,0x00,0x00,0x0f,0x0f,0x0f,0x0f,0x0f,0x0f,
  0x0f,0x00,0x1f,0x1f,0x1f,0x1f,0x1f,0x1f,0x1f,0x00,0x2f,0x2f,0x2f,0x2f,0x2f,0x2f,0x2f,0x00,0x3f,0x3f,0x3f,0x3f,0x3f,0x3f,
  0x3f,0x00,0x4f,0x4f,0x4f,0x4f,0x4f,0x4f,0x4f,0x00,0x5f,0x5f,0x5f,0x5f,0x5f,0x5f,0x5f,0x00,0x6f,0x6f,0x6f,0x6f,0x6f,0x6f,
  0x6f,0x00,0x7f,0x7f,0x7f,0x7f,0x7f,0x7f,0x7f,0x00,0x8f,0x8f,0x8f,0x8f,0x8f,0x8f,0x8f,0x00,0x9f,0x9f,0x9f,0x9f,0x9f,0x9f,
  0x9f,0x00,0xaf,0xaf,0xaf,0xaf,0xaf,0xaf,0xaf,0x00,0x2f,0x2f,0x2f,0x2f,0x2f,0x2f,0x2f,0x00,0xcf,0xcf,0xcf,0xcf,0xcf,0xcf,
  0xcf,0x00,0xdf,0xdf,0xdf,0xdf,0xdf,0xdf,0xdf,0x00,0xef,0xef,0xef,0xef,0xef,0xef,0xef,0x00,0xff,0xff,0xff,0xff,0xff,0xff,
  0xff,0x00,0x00,0x5b,0x62,0x69,0x00,0xff,0x00,0x89,0x00,0x5b,0x62,0x69,0x00,0x00,0x0f,0x0f,0x0f,0x0f,0x0f,0x0f,0x0f,0x00,
  0x1f,0x1f,0x1f,0x1f,0x1f,0x1f,0x1f,0x00,0x2f,0x2f,0x2f,0x2f,0x2f,0x2f,0x2f,0x00,0x3f,0x3f,0x3f,0x3f,0x3f,0x3f,0x3f,0x00,
  0x4f,0x4f,0x4f,0x4f,0x4f,0x4f,0x4f,0x00,0x5f,0x5f,0x5f,0x5f,0x5f,0x5f,0x5f,0x00,0x6f,0x6f,0x6f,0x6f,0x6f,0x6f,0x6f,0x00,
  0x7f,0x7f,0x7f,0x7f,0x7f,0x7f,0x7f,0x00,0x8f,0x8f,0x8f,0x8f,0x8f,0x8f,0x8f,0x00,0x9f,0x9f,0x9f,0x9f,0x9f,0x9f,0x9f,0x00,
  0xaf,0xaf,0xaf,0xaf,0xaf,0xaf,0xaf,0x00,0x2f,0x2f,0x2f,0x2f,0x2f,0x2f,0x2f,0x00,0xcf,0xcf,0xcf,0xcf,0xcf,0xcf,0xcf,0x00,
  0xdf,0xdf,0xdf,0xdf,0xdf,0xdf,0xdf,0x00,0xef,0xef,0xef,0xef,0xef,0xef,0xef,0x00,0xff,0xff,0xff,0xff,0xff,0xff,0xff,0x00,
  0x00,0x5b,0x62,0x69,0x00,0xff,0x00,0x89,0x00,0x5b,0x62,0x69,0x00,0x00,0x0f,0x0f,0x0f,0x0f,0x0f,0x0f,0x0f,0x00,0x1f,0x1f,
  0x1f,0x1f,0x1f,0x1f,0x1f,0x00,0x2f,0x2f,0x2f,0x2f,0x2f,0x2f,0x2f,0x00,0x3f,0x3f,0x3f,0x3f,0x3f,0x3f,0x3f,0x00,0x4f,0x4f,
  0x4f,0x4f,0x4f,0x4f,0x4f,0x00,0x5f,0x5f,0x5f,0x5f,0x5f,0x5f,0x5f,0x00,0x6f,0x6f,0x6f,0x6f,0x6f,0x6f,0x6f,0x00,0x7f,0x7f,
  0x7f,0x7f,0x7f,0x7f,0x7f,0x00,0x8f,0x8f,0x8f,0x8f,0x8f,0x8f,0x8f,0x00,0x9f,0x9f,0x9f,0x9f,0x9f,0x9f,0x9f,0x00,0xaf,0xaf,
  0xaf,0xaf,0xaf,0xaf,0xaf,0x00,0x2f,0x2f,0x2f,0x2f,0x2f,0x2f,0x2f,0x00,0xcf,0xcf,0xcf,0xcf,0xcf,0xcf,0xcf,0x00,0xdf,0xdf,
  0xdf,0xdf,0xdf,0xdf,0xdf,0x00,0xef,0xef,0xef,0xef,0xef,0xef,0xef,0x00,0xff,0xff,0xff,0xff,0xff,0xff,0xff,0x00,0x00,0x5b,
  0x62,0x69,0x00,0xff,0x00,0x89,0x00,0x5b,0x62,0x69,0x00,0x00,0x0f,0x0f,0x0f,0x0f,0x0f,0x0f,0x0f,0x00,0x1f,0x1f,0x1f,0x1f,
  0x1f,0x1f,0x1f,0x00,0x2f,0x2f,0x2f,0x2f,0x2f,0x2f,0x2f,0x00,0x3f,0x3f,0x3f,0x3f,0x3f,0x3f,0x3f,0x00,0x4f,0x4f,0x4f,0x4f,
  0x4f,0x4f,0x4f,0x00,0x5f,0x5f,0x5f,0x5f,0x5f,0x5f,0x5f,0x00,0x6f,0x6f,0x6f,0x6f,0x6f,0x6f,0x6f,0x00,0x7f,0x7f,0x7f,0x7f,
  0x7f,0x7f,0x7f,0x00,0x8f,0x8f,0x8f,0x8f,0x8f,0x8f,0x8f,0x00,0x9f,0x9f,0x9f,0x9f,0x9f,0x9f,0x9f,0x00,0xaf,0xaf,0xaf,0xaf,
  0xaf,0xaf,0xaf,0x00,0x2f,0x2f,0x2f,0x2f,0x2f,0x2f,0x2f,0x00,0xcf,0xcf,0xcf,0xcf,0xcf,0xcf,0xcf,0x00,0xdf,0xdf,0xdf,0xdf,
  0xdf,0xdf,0xdf,0x00,0xef,0xef,0xef,0xef,0xef,0xef,0xef,0x00,0xff,0xff,0xff,0xff,0xff,0xff,0xff,0x00,0x00,0x5b,0x62,0x69,
  0x00,0xff,0x00,0x89,0x00,0x5b,0x62,0x69,0x00,0x00,0x0f,0x0f,0x0f,0x0f,0x0f,0x0f,0x0f,0x00,0x1f,0x1f,0x1f,0x1f,0x1f,0x1f,
  0x1f,0x00,0x2f,0x2f,0x2f,0x2f,0x2f,0x2f,0x2f,0x00,0x3f,0x3f,0x3f,0x3f,0x3f,0x3f,0x3f,0x00,0x4f,0x4f,0x4f,0x4f,0x4f,0x4f,
  0x4f,0x00,0x5f,0x5f,0x5f,0x5f,0x5f,0x5f,0x5f,0x00,0x6f,0x6f,0x6f,0x6f,0x6f,0x6f,0x6f,0x00,0x7f,0x7f,0x7f,0x7f,0x7f,0x7f,
  0x7f,0x00,0x8f,0x8f,0x8f,0x8f,0x8f,0x8f,0x8f,0x00,0x9f,0x9f,0x9f,0x9f,0x9f,0x9f,0x9f,0x00,0xaf,0xaf,0xaf,0xaf,0xaf,0xaf,
  0xaf,0x00,0x2f,0x2f,0x2f,0x2f,0x2f,0x2f,0x2f,0x00,0xcf,0xcf,0xcf,0xcf,0xcf,0xcf,0xcf,0x00,0xdf,0xdf,0xdf,0xdf,0xdf,0xdf,
  0xdf,0x00,0xef,0xef,0xef,0xef,0xef,0xef,0xef,0x00,0xff,0xff,0xff,0xff,0xff,0xff,0xff,0x00,0x00,0x5b,0x62,0x69,0x00,0xff,
  0x00,0x89,0x00,0x5b,0x62,0x69,0x00,0x00,0x0f,0x0f,0x0f,0x0f,0x0f,0x0f,0x0f,0x00,0x1f,0x1f,0x1f,0x1f,0x1f,0x1f,0x1f,0x00,
  0x2f,0x2f,0x2f,0x2f,0x2f,0x2f,0x2f,0x00,0x3f,0x3f,0x3f,0x3f,0x3f,0x3f,0x3f,0x00,0x4f,0x4f,0x4f,0x4f,0x4f,0x4f,0x4f,0x00,
  0x5f,0x5f,0x5f,0x5f,0x5f,0x5f,0x5f,0x00,0x6f,0x6f,0x6f,0x6f,0x6f,0x6f,0x6f,0x00,0x7f,0x7f,0x7f,0x7f,0x7f,0x7f,0x7f,0x00,
  0x8f,0x8f,0x8f,0x8f,0x8f,0x8f,0x8f,0x00,0x9f,0x9f,0x9f,0x9f,0x9f,0x9f,0x9f,0x00,0xaf,0xaf,0xaf,0xaf,0xaf,0xaf,0xaf,0x00,
  0x2f,0x2f,0x2f,0x2f,0x2f,0x2f,0x2f,0x00,0xcf,0xcf,0xcf,0xcf,0xcf,0xcf,0xcf,0x00,0xdf,0xdf,0xdf,0xdf,0xdf,0xdf,0xdf,0x00,
  0xef,0xef,0xef,0xef,0xef,0xef,0xef,0x00,0xff,0xff,0xff,0xff,0xff,0xff,0xff,0x00,0x00,0x5b,0x62,0x69,0x00,0xff,0x00,0x89,
  0x00,0x5b,0x62,0x69,0x00,0x00,0x0f,0x0f,0x0f,0x0f,0x0f,0x0f,0x0f,0x00,0x1f,0x1f,0x1f,0x1f,0x1f,0x1f,0x1f,0x00,0x2f,0x2f,
  0x2f,0x2f,0x2f,0x2f,0x2f,0x00,0x3f,0x3f,0x3f,0x3f,0x3f,0x3f,0x3f,0x00,0x4f,0x4f,0x4f,0x4f,0x4f,0x4f,0x4f,0x00,0x5f,0x5f,
  0x5f,0x5f,0x5f,0x5f,0x5f,0x00,0x6f,0x6f,0x6f,0x6f,0x6f,0x6f,0x6f,0x00,0x7f,0x7f,0x7f,0x7f,0x7f,0x7f,0x7f,0x00,0x8f,0x8f,
  0x8f,0x8f,0x8f,0x8f,0x8f,0x00,0x9f,0x9f,0x9f,0x9f,0x9f,0x9f,0x9f,0x00,0xaf,0xaf,0xaf,0xaf,0xaf,0xaf,0xaf,0x00,0x2f,0x2f,
  0x2f,0x2f,0x2f,0x2f,0x2f,0x00,0xcf,0xcf,0xcf,0xcf,0xcf,0xcf,0xcf,0x00,0xdf,0xdf,0xdf,0xdf,0xdf,0xdf,0xdf,0x00,0xef,0xef,
  0xef,0xef,0xef,0xef,0xef,0x00,0xff,0xff,0xff,0xff,0xff,0xff,0xff,0x00,0x00,0x5b,0x62,0x69,0x00,0xff,0x00,0x89,0x00,0x5b,
  0x62,0x69,0x00,0x00,0x00,0x00,0x00,0x00,0x00,0x00,0x00,0x00,0x00,0x00,0x00,0x00,0x00,0x00,0x00,0x00,0x00,0x00,0x00,0x00,
  0x00,0x00,0x00,0x00,0x00,0x00,0x00,0x00,0x00,0x00,0x00,0x00,0x00,0x00,0x00,0x00,0x00,0x00,0x00,0x00,0x00,0x00,0x00,0x00,
  0x00,0x00,0x00,0x00,0x00,0x00,0x00,0x00,0x00,0x00,0x00,0x00,0x00,0x00,0x00,0x00,0x00,0x00,0x00,0x00,0x00,0x00,0x00,0x00,
  0x00,0x00,0x00,0x00,0x00,0x00,0x00,0x00,0x00,0x00,0x00,0x00,0x00,0x00,0x00,0x00,0x00,0x00,0x00,0x00,0x00,0x00,0x00,0x00,
  0x00,0x00,0x00,0x00,0x00,0x00,0x00,0x00,0x00,0x00,0x00,0x00,0x00,0x00,0x00,0x00,0x00,0x00,0x00,0x00,0x00,0x00,0x00,0x00,
  0x00,0x00,0x00,0x00,0x00,0x00,0x00,0x00,0x00,0x00,0x00,0x00,0x00,0x5b,0x62,0x69,0x00,0xff,0x00,0x89,0x00,0x5b,0x62,0x69,
  0x00,0x00,0x00,0x00,0x00,0x00,0x00,0x00,0x00,0x00,0x00,0x00,0x00,0x00,0x00,0x00,0x00,0x00,0x00,0x00,0x00,0x00,0x00,0x00,
  0x00,0x00,0x00,0x00,0x00,0x00,0x00,0x00,0x00,0x00,0x00,0x00,0x00,0x00,0x00,0x00,0x00,0x00,0x00,0x00,0x00,0x00,0x00,0x00,
  0x00,0x00,0x00,0x00,0x00,0x00,0x00,0x00,0x00,0x00,0x00,0x00,0x00,0x00,0x00,0x00,0x00,0x00,0x00,0x00,0x00,0x00,0x00,0x00,
  0x00,0x00,0x00,0x00,0x00,0x00,0x00,0x00,0x00,0x00,0x00,0x00,0x00,0x00,0x00,0x00,0x00,0x00,0x00,0x00,0x00,0x00,0x00,0x00,
  0x00,0x00,0x00,0x00,0x00,0x00,0x00,0x00,0x00,0x00,0x00,0x00,0x00,0x00,0x00,0x00,0x00,0x00,0x00,0x00,0x00,0x00,0x00,0x00,
  0x00,0x00,0x00,0x00,0x00,0x00,0x00,0x00,0x00,0x00,0x00,0x5b,0x62,0x69,0x00,0xff,0x00,0x89,0x00,0x5b,0x62,0x5e,0x5b,0x5b,
  0x5b,0x5b,0x5b,0x5b,0x5b,0x5b,0x5b,0x5b,0x5b,0x5b,0x5b,0x5b,0x5b,0x5b,0x5b,0x5b,0x5b,0x5b,0x5b,0x5b,0x5b,0x5b,0x5b,0x5b,
  0x5b,0x5b,0x5b,0x5b,0x5b,0x5b,0x5b,0x5b,0x5b,0x5b,0x5b,0x5b,0x5b,0x5b,0x5b,0x5b,0x5b,0x5b,0x5b,0x5b,0x5b,0x5b,0x5b,0x5b,
  0x5b,0x5b,0x5b,0x5b,0x5b,0x5b,0x5b,0x5b,0x5b,0x5b,0x5b,0x5b,0x5b,0x5b,0x5b,0x5b,0x5b,0x5b,0x5b,0x5b,0x5b,0x5b,0x5b,0x5b,
  0x5b,0x5b,0x5b,0x5b,0x5b,0x5b,0x5b,0x5b,0x5b,0x5b,0x5b,0x5b,0x5b,0x5b,0x5b,0x5b,0x5b,0x5b,0x5b,0x5b,0x5b,0x5b,0x5b,0x5b,
  0x5b,0x5b,0x5b,0x5b,0x5b,0x5b,0x5b,0x5b,0x5b,0x5b,0x5b,0x5b,0x5b,0x5b,0x5b,0x5b,0x5b,0x5b,0x5b,0x5b,0x5b,0x5b,0x5b,0x5b,
  0x5b,0x5b,0x5b,0x5b,0x5b,0x5b,0x5b,0x5b,0x5b,0x5b,0x62,0x69,0x00,0xff,0x00,0x89,0x00,0x5b,0x62,0x62,0x62,0x62,0x62,0x62,
  0x62,0x62,0x62,0x62,0x62,0x62,0x62,0x62,0x62,0x62,0x62,0x62,0x62,0x62,0x62,0x62,0x62,0x62,0x62,0x62,0x62,0x62,0x62,0x62,
  0x62,0x62,0x62,0x62,0x62,0x62,0x62,0x62,0x62,0x62,0x62,0x62,0x62,0x62,0x62,0x62,0x62,0x62,0x62,0x62,0x62,0x62,0x62,0x62,
  0x62,0x62,0x62,0x62,0x62,0x62,0x62,0x62,0x62,0x62,0x62,0x62,0x62,0x62,0x62,0x62,0x62,0x62,0x62,0x62,0x62,0x62,0x62,0x62,
  0x62,0x62,0x62,0x62,0x62,0x62,0x62,0x62,0x62,0x62,0x62,0x62,0x62,0x62,0x62,0x62,0x62,0x62,0x62,0x62,0x62,0x62,0x62,0x62,
  0x62,0x62,0x62,0x62,0x62,0x62,0x62,0x62,0x62,0x62,0x62,0x62,0x62,0x62,0x62,0x62,0x62,0x62,0x62,0x62,0x62,0x62,0x62,0x62,
  0x62,0x62,0x62,0x62,0x62,0x62,0x62,0x62,0x62,0x69,0x00,0xff,0x00,0x89,0x00,0x62,0x69,0x69,0x69,0x69,0x69,0x69,0x69,0x69,
  0x69,0x69,0x69,0x69,0x69,0x69,0x69,0x69,0x69,0x69,0x69,0x69,0x69,0x69,0x69,0x69,0x69,0x69,0x69,0x69,0x69,0x69,0x69,0x69,
  0x69,0x69,0x69,0x69,0x69,0x69,0x69,0x69,0x69,0x69,0x69,0x69,0x69,0x69,0x69,0x69,0x69,0x69,0x69,0x69,0x69,0x69,0x69,0x69,
  0x69,0x69,0x69,0x69,0x69,0x69,0x69,0x69,0x69,0x69,0x69,0x69,0x69,0x69,0x69,0x69,0x69,0x69,0x69,0x69,0x69,0x69,0x69,0x69,
  0x69,0x69,0x69,0x69,0x69,0x69,0x69,0x69,0x69,0x69,0x69,0x69,0x69,0x69,0x69,0x69,0x69,0x69,0x69,0x69,0x69,0x69,0x69,0x69,
  0x69,0x69,0x69,0x69,0x69,0x69,0x69,0x69,0x69,0x69,0x69,0x69,0x69,0x69,0x69,0x69,0x69,0x69,0x69,0x69,0x69,0x69,0x69,0x69,
  0x69,0x69,0x69,0x69,0x69,0x69,0x69,0x69,0x00,0xff,0x07,0x00,0x07,0x00,0x00,0x00,0x00,0x00,0x24,0x00,0x00,0x00,0x30,0x00,
  0x00,0x00,0x3c,0x00,0x00,0x00,0x48,0x00,0x00,0x00,0x54,0x00,0x00,0x00,0x60,0x00,0x00,0x00,0x6c,0x00,0x00,0x00,0x00,0x07,
  0x00,0x04,0x00,0x00,0x00,0x00,0x00,0x04,0x00,0xff,0x00,0x07,0x00,0x00,0x04,0x00,0x00,0x00,0x04,0x00,0x00,0xff,0x00,0x07,
  0x00,0x00,0x00,0x04,0x00,0x04,0x00,0x00,0x00,0xff,0x00,0x07,0x00,0x00,0x00,0x00,0x04,0x00,0x00,0x00,0x00,0xff,0x00,0x07,
  0x00,0x00,0x00,0x04,0x00,0x04,0x00,0x00,0x00,0xff,0x00,0x07,0x00,0x00,0x04,0x00,0x00,0x00,0x04,0x00,0x00,0xff,0x00,0x07,
  0x00,0x04,0x00,0x00,0x00,0x00,0x00,0x04,0x00,0xff,0x09,0x00,0x09,0x00,0x00,0x00,0x00,0x00,0x2c,0x00,0x00,0x00,0x3a,0x00,
  0x00,0x00,0x45,0x00,0x00,0x00,0x50,0x00,0x00,0x00,0x5b,0x00,0x00,0x00,0x66,0x00,0x00,0x00,0x71,0x00,0x00,0x00,0x7c,0x00,
  0x00,0x00,0x87,0x00,0x00,0x00,0x00,0x09,0x00,0x04,0x04,0x04,0x04,0x04,0x04,0x04,0x04,0x04,0x00,0xff,0x00,0x01,0x00,0x04,
  0x00,0x08,0x01,0x00,0x04,0x00,0xff,0x00,0x01,0x00,0x04,0x00,0x08,0x01,0x00,0x04,0x00,0xff,0x00,0x01,0x00,0x04,0x00,0x08,
  0x01,0x00,0x04,0x00,0xff,0x00,0x01,0x00,0x04,0x00,0x08,0x01,0x00,0x04,0x00,0xff,0x00,0x01,0x00,0x04,0x00,0x08,0x01,0x00,
  0x04,0x00,0xff,0x00,0x01,0x00,0x04,0x00,0x08,0x01,0x00,0x04,0x00,0xff,0x00,0x01,0x00,0x04,0x00,0x08,0x01,0x00,0x04,0x00,
  0xff,0x00,0x09,0x00,0x04,0x04,0x04,0x04,0x04,0x04,0x04,0x04,0x04,0x00,0xff,0xbb,0x00,0x17,0x00,0x00,0x00,0x00,0x00,0xf4,
  0x02,0x00,0x00,0x10,0x03,0x00,0x00,0x2c,0x03,0x00,0x00,0x48,0x03,0x00,0x00,0x64,0x03,0x00,0x00,0x80,0x03,0x00,0x00,0x9c,
  0x03,0x00,0x00,0xb8,0x03,0x00,0x00,0xd4,0x03,0x00,0x00,0xf0,0x03,0x00,0x00,0x0c,0x04,0x00,0x00,0x28,0x04,0x00,0x00,0x44,
  0x04,0x00,0x00,0x60,0x04,0x00,0x00,0x7c,0x04,0x00,0x00,0x98,0x04,0x00,0x00,0xb4,0x04,0x00,0x00,0xd0,0x04,0x00,0x00,0xec,
  0x04,0x00,0x00,0x08,0x05,0x00,0x00,0x24,0x05,0x00,0x00,0x40,0x05,0x00,0x00,0x5c,0x05,0x00,0x00,0x78,0x05,0x00,0x00,0x94,
  0x05,0x00,0x00,0xb0,0x05,0x00,0x00,0xcc,0x05,0x00,0x00,0xe8,0x05,0x00,0x00,0x04,0x06,0x00,0x00,0x20,0x06,0x00,0x00,0x3c,
  0x06,0x00,0x00,0x58,0x06,0x00,0x00,0x74,0x06,0x00,0x00,0x90,0x06,0x00,0x00,0xac,0x06,0x00,0x00,0xc8,0x06,0x00,0x00,0xe4,
  0x06,0x00,0x00,0x00,0x07,0x00,0x00,0x1c,0x07,0x00,0x00,0x38,0x07,0x00,0x00,0x54,0x07,0x00,0x00,0x70,0x07,0x00,0x00,0x8c,
  0x07,0x00,0x00,0xa8,0x07,0x00,0x00,0xc4,0x07,0x00,0x00,0xe0,0x07,0x00,0x00,0xfc,0x07,0x00,0x00,0x18,0x08,0x00,0x00,0x34,
  0x08,0x00,0x00,0x50,0x08,0x00,0x00,0x6c,0x08,0x00,0x00,0x88,0x08,0x00,0x00,0xa4,0x08,0x00,0x00,0xc0,0x08,0x00,0x00,0xdc,
  0x08,0x00,0x00,0xf8,0x08,0x00,0x00,0x14,0x09,0x00,0x00,0x30,0x09,0x00,0x00,0x4c,0x09,0x00,0x00,0x68,0x09,0x00,0x00,0x84,
  0x09,0x00,0x00,0xa0,0x09,0x00,0x00,0xbc,0x09,0x00,0x00,0xd8,0x09,0x00,0x00,0xf4,0x09,0x00,0x00,0x10,0x0a,0x00,0x00,0x2c,
  0x0a,0x00,0x00,0x48,0x0a,0x00,0x00,0x64,0x0a,0x00,0x00,0x80,0x0a,0x00,0x00,0x9c,0x0a,0x00,0x00,0xb8,0x0a,0x00,0x00,0xd4,
  0x0a,0x00,0x00,0xf0,0x0a,0x00,0x00,0x0c,0x0b,0x00,0x00,0x28,0x0b,0x00,0x00,0x44,0x0b,0x00,0x00,0x60,0x0b,0x00,0x00,0x7c,
  0x0b,0x00,0x00,0x98,0x0b,0x00,0x00,0xb4,0x0b,0x00,0x00,0xd0,0x0b,0x00,0x00,0xec,0x0b,0x00,0x00,0x08,0x0c,0x00,0x00,0x24,
  0x0c,0x00,0x00,0x40,0x0c,0x00,0x00,0x5c,0x0c,0x00,0x00,0x78,0x0c,0x00,0x00,0x94,0x0c,0x00,0x00,0xb0,0x0c,0x00,0x00,0xcc,
  0x0c,0x00,0x00,0xe8,0x0c,0x00,0x00,0x04,0x0d,0x00,0x00,0x20,0x0d,0x00,0x00,0x3c,0x0d,0x00,0x00,0x58,0x0d,0x00,0x00,0x74,
  0x0d,0x00,0x00,0x90,0x0d,0x00,0x00,0xac,0x0d,0x00,0x00,0xc8,0x0d,0x00,0x00,0xe4,0x0d,0x00,0x00,0x00,0x0e,0x00,0x00,0x1c,
  0x0e,0x00,0x00,0x38,0x0e,0x00,0x00,0x54,0x0e,0x00,0x00,0x70,0x0e,0x00,0x00,0x8c,0x0e,0x00,0x00,0xa8,0x0e,0x00,0x00,0xc4,
  0x0e,0x00,0x00,0xe0,0x0e,0x00,0x00,0xfc,0x0e,0x00,0x00,0x18,0x0f,0x00,0x00,0x34,0x0f,0x00,0x00,0x50,0x0f,0x00,0x00,0x6c,
  0x0f,0x00,0x00,0x88,0x0f,0x00,0x00,0xa4,0x0f,0x00,0x00,0xc0,0x0f,0x00,0x00,0xdc,0x0f,0x00,0x00,0xf8,0x0f,0x00,0x00,0x14,
  0x10,0x00,0x00,0x30,0x10,0x00,0x00,0x4c,0x10,0x00,0x00,0x68,0x10,0x00,0x00,0x84,0x10,0x00,0x00,0xa0,0x10,0x00,0x00,0xbc,
  0x10,0x00,0x00,0xd8,0x10,0x00,0x00,0xf4,0x10,0x00,0x00,0x10,0x11,0x00,0x00,0x2c,0x11,0x00,0x00,0x48,0x11,0x00,0x00,0x64,
  0x11,0x00,0x00,0x80,0x11,0x00,0x00,0x9c,0x11,0x00,0x00,0xb8,0x11,0x00,0x00,0xd4,0x11,0x00,0x00,0xf0,0x11,0x00,0x00,0x0c,
  0x12,0x00,0x00,0x28,0x12,0x00,0x00,0x44,0x12,0x00,0x00,0x60,0x12,0x00,0x00,0x7c,0x12,0x00,0x00,0x98,0x12,0x00,0x00,0xb4,
  0x12,0x00,0x00,0xd0,0x12,0x00,0x00,0xec,0x12,0x00,0x00,0x08,0x13,0x00,0x00,0x24,0x13,0x00,0x00,0x40,0x13,0x00,0x00,0x5c,
  0x13,0x00,0x00,0x78,0x13,0x00,0x00,0x94,0x13,0x00,0x00,0xb0,0x13,0x00,0x00,0xcc,0x13,0x00,0x00,0xe8,0x13,0x00,0x00,0x04,
  0x14,0x00,0x00,0x20,0x14,0x00,0x00,0x3c,0x14,0x00,0x00,0x58,0x14,0x00,0x00,0x74,0x14,0x00,0x00,0x90,0x14,0x00,0x00,0xac,
  0x14,0x00,0x00,0xc8,0x14,0x00,0x00,0xe4,0x14,0x00,0x00,0x00,0x15,0x00,0x00,0x1c,0x15,0x00,0x00,0x38,0x15,0x00,0x00,0x54,
  0x15,0x00,0x00,0x70,0x15,0x00,0x00,0x8c,0x15,0x00,0x00,0xa8,0x15,0x00,0x00,0xc4,0x15,0x00,0x00,0xe0,0x15,0x00,0x00,0xfc,
  0x15,0x00,0x00,0x18,0x16,0x00,0x00,0x34,0x16,0x00,0x00,0x50,0x16,0x00,0x00,0x6c,0x16,0x00,0x00,0x88,0x16,0x00,0x00,0xa4,
  0x16,0x00,0x00,0xc0,0x16,0x00,0x00,0xdc,0x16,0x00,0x00,0xf8,0x16,0x00,0x00,0x14,0x17,0x00,0x00,0x30,0x17,0x00,0x00,0x4c,
  0x17,0x00,0x00,0x00,0x17,0x00,0x5b,0x5b,0x5b,0x5b,0x5b,0x5b,0x5b,0x5b,0x5b,0x5b,0x5b,0x5b,0x5b,0x5b,0x5b,0x5b,0x5b,0x5b,
  0x5b,0x5b,0x5b,0x5b,0x69,0x00,0xff,0x00,0x17,0x00,0x5b,0x62,0x62,0x62,0x62,0x62,0x62,0x62,0x62,0x62,0x62,0x62,0x62,0x62,
  0x62,0x62,0x62,0x62,0x62,0x62,0x62,0x62,0x69,0x00,0xff,0x00,0x17,0x00,0x5b,0x62,0x69,0x69,0x69,0x69,0x69,0x69,0x69,0x69,
  0x69,0x69,0x69,0x69,0x69,0x69,0x69,0x69,0x69,0x69,0x69,0x62,0x69,0x00,0xff,0x00,0x17,0x00,0x5b,0x62,0x69,0x00,0x00,0x00,
  0x00,0x00,0x00,0x00,0x00,0x00,0x00,0x00,0x00,0x00,0x00,0x00,0x00,0x00,0x5b,0x62,0x69,0x00,0xff,0x00,0x17,0x00,0x5b,0x62,
  0x69,0x00,0x00,0x00,0x00,0x00,0x00,0x00,0x00,0x00,0x00,0x00,0x00,0x00,0x00,0x00,0x00,0x00,0x5b,0x62,0x69,0x00,0xff,0x00,
  0x17,0x00,0x5b,0x62,0x69,0x00,0x00,0x00,0x00,0x00,0x00,0x00,0x00,0x00,0x00,0x00,0x00,0x00,0x00,0x00,0x00,0x00,0x5b,0x62,
  0x69,0x00,0xff,0x00,0x17,0x00,0x5b,0x62,0x69,0x00,0x00,0x00,0x00,0x00,0x00,0x00,0x00,0x00,0x00,0x00,0x00,0x00,0x00,0x00,
  0x00,0x00,0x5b,0x62,0x69,0x00,0xff,0x00,0x17,0x00,0x5b,0x62,0x69,0x00,0x00,0x00,0x00,0x00,0x00,0x00,0x00,0x00,0x00,0x00,
  0x00,0x00,0x00,0x00,0x00,0x00,0x5b,0x62,0x69,0x00,0xff,0x00,0x17,0x00,0x5b,0x62,0x69,0x00,0x00,0x00,0x00,0x00,0x00,0x00,
  0x00,0x00,0x00,0x00,0x00,0x00,0x00,0x00,0x00,0x00,0x5b,0x62,0x69,0x00,0xff,0x00,0x17,0x00,0x5b,0x62,0x69,0x00,0x00,0x00,
  0x00,0x00,0x00,0x00,0x00,0x00,0x00,0x00,0x00,0x00,0x00,0x00,0x00,0x00,0x5b,0x62,0x69,0x00,0xff,0x00,0x17,0x00,0x5b,0x62,
  0x69,0x00,0x00,0x00,0x00,0x00,0x00,0x00,0x00,0x00,0x00,0x00,0x00,0x00,0x00,0x00,0x00,0x00,0x5b,0x62,0x69,0x00,0xff,0x00,
  0x17,0x00,0x5b,0x62,0x69,0x00,0x00,0x00,0x00,0x00,0x00,0x00,0x00,0x00,0x00,0x00,0x00,0x00,0x00,0x00,0x00,0x00,0x5b,0x62,
  0x69,0x00,0xff,0x00,0x17,0x00,0x5b,0x62,0x69,0x00,0x00,0x00,0x00,0x00,0x00,0x00,0x00,0x00,0x00,0x00,0x00,0x00,0x00,0x00,
  0x00,0x00,0x5b,0x62,0x69,0x00,0xff,0x00,0x17,0x00,0x5b,0x62,0x69,0x00,0x00,0x00,0x00,0x00,0x00,0x00,0x00,0x00,0x00,0x00,
  0x00,0x00,0x00,0x00,0x00,0x00,0x5b,0x62,0x69,0x00,0xff,0x00,0x17,0x00,0x5b,0x62,0x69,0x00,0x00,0x00,0x00,0x00,0x00,0x00,
  0x00,0x00,0x00,0x00,0x00,0x00,0x00,0x00,0x00,0x00,0x5b,0x62,0x69,0x00,0xff,0x00,0x17,0x00,0x5b,0x62,0x69,0x00,0x00,0x00,
  0x00,0x00,0x00,0x00,0x00,0x00,0x00,0x00,0x00,0x00,0x00,0x00,0x00,0x00,0x5b,0x62,0x69,0x00,0xff,0x00,0x17,0x00,0x5b,0x62,
  0x69,0x00,0x00,0x00,0x00,0x00,0x00,0x00,0x00,0x00,0x00,0x00,0x00,0x00,0x00,0x00,0x00,0x00,0x5b,0x62,0x69,0x00,0xff,0x00,
  0x17,0x00,0x5b,0x62,0x69,0x00,0x00,0x00,0x00,0x00,0x00,0x00,0x00,0x00,0x00,0x00,0x00,0x00,0x00,0x00,0x00,0x00,0x5b,0x62,
  0x69,0x00,0xff,0x00,0x17,0x00,0x5b,0x62,0x69,0x00,0x00,0x00,0x00,0x00,0x00,0x00,0x00,0x00,0x00,0x00,0x00,0x00,0x00,0x00,
  0x00,0x00,0x5b,0x62,0x69,0x00,0xff,0x00,0x17,0x00,0x5b,0x62,0x69,0x00,0x00,0x00,0x00,0x00,0x00,0x00,0x00,0x00,0x00,0x00,
  0x00,0x00,0x00,0x00,0x00,0x00,0x5b,0x62,0x69,0x00,0xff,0x00,0x17,0x00,0x5b,0x62,0x69,0x00,0x00,0x00,0x00,0x00,0x00,0x00,
  0x00,0x00,0x00,0x00,0x00,0x00,0x00,0x00,0x00,0x00,0x5b,0x62,0x69,0x00,0xff,0x00,0x17,0x00,0x5b,0x62,0x69,0x00,0x00,0x00,
  0x00,0x00,0x00,0x00,0x00,0x00,0x00,0x00,0x00,0x00,0x00,0x00,0x00,0x00,0x5b,0x62,0x69,0x00,0xff,0x00,0x17,0x00,0x5b,0x62,
  0x69,0x00,0x00,0x00,0x00,0x00,0x00,0x00,0x00,0x00,0x00,0x00,0x00,0x00,0x00,0x00,0x00,0x00,0x5b,0x62,0x69,0x00,0xff,0x00,
  0x17,0x00,0x5b,0x62,0x69,0x00,0x00,0x00,0x00,0x00,0x00,0x00,0x00,0x00,0x00,0x00,0x00,0x00,0x00,0x00,0x00,0x00,0x5b,0x62,
  0x69,0x00,0xff,0x00,0x17,0x00,0x5b,0x62,0x69,0x00,0x00,0x00,0x00,0x00,0x00,0x00,0x00,0x00,0x00,0x00,0x00,0x00,0x00,0x00,
  0x00,0x00,0x5b,0x62,0x69,0x00,0xff,0x00,0x17,0x00,0x5b,0x62,0x69,0x00,0x00,0x00,0x00,0x00,0x00,0x00,0x00,0x00,0x00,0x00,
  0x00,0x00,0x00,0x00,0x00,0x00,0x5b,0x62,0x69,0x00,0xff,0x00,0x17,0x00,0x5b,0x62,0x69,0x00,0x00,0x00,0x00,0x00,0x00,0x00,
  0x00,0x00,0x00,0x00,0x00,0x00,0x00,0x00,0x00,0x00,0x5b,0x62,0x69,0x00,0xff,0x00,0x17,0x00,0x5b,0x62,0x69,0x00,0x00,0x00,
  0x00,0x00,0x00,0x00,0x00,0x00,0x00,0x00,0x00,0x00,0x00,0x00,0x00,0x00,0x5b,0x62,0x69,0x00,0xff,0x00,0x17,0x00,0x5b,0x62,
  0x69,0x00,0x00,0x00,0x00,0x00,0x00,0x00,0x00,0x00,0x00,0x00,0x00,0x00,0x00,0x00,0x00,0x00,0x5b,0x62,0x69,0x00,0xff,0x00,
  0x17,0x00,0x5b,0x62,0x69,0x00,0x00,0x00,0x00,0x00,0x00,0x00,0x00,0x00,0x00,0x00,0x00,0x00,0x00,0x00,0x00,0x00,0x5b,0x62,
  0x69,0x00,0xff,0x00,0x17,0x00,0x5b,0x62,0x69,0x00,0x00,0x00,0x00,0x00,0x00,0x00,0x00,0x00,0x00,0x00,0x00,0x00,0x00,0x00,
  0x00,0x00,0x5b,0x62,0x69,0x00,0xff,0x00,0x17,0x00,0x5b,0x62,0x69,0x00,0x00,0x00,0x00,0x00,0x00,0x00,0x00,0x00,0x00,0x00,
  0x00,0x00,0x00,0x00,0x00,0x00,0x5b,0x62,0x69,0x00,0xff,0x00,0x17,0x00,0x5b,0x62,0x69,0x00,0x00,0x00,0x00,0x00,0x00,0x00,
  0x00,0x00,0x00,0x00,0x00,0x00,0x00,0x00,0x00,0x00,0x5b,0x62,0x69,0x00,0xff,0x00,0x17,0x00,0x5b,0x62,0x69,0x00,0x00,0x00,
  0x00,0x00,0x00,0x00,0x00,0x00,0x00,0x00,0x00,0x00,0x00,0x00,0x00,0x00,0x5b,0x62,0x69,0x00,0xff,0x00,0x17,0x00,0x5b,0x62,
  0x69,0x00,0x00,0x00,0x00,0x00,0x00,0x00,0x00,0x00,0x00,0x00,0x00,0x00,0x00,0x00,0x00,0x00,0x5b,0x62,0x69,0x00,0xff,0x00,
  0x17,0x00,0x5b,0x62,0x69,0x00,0x00,0x00,0x00,0x00,0x00,0x00,0x00,0x00,0x00,0x00,0x00,0x00,0x00,0x00,0x00,0x00,0x5b,0x62,
  0x69,0x00,0xff,0x00,0x17,0x00,0x5b,0x62,0x69,0x00,0x00,0x00,0x00,0x00,0x00,0x00,0x00,0x00,0x00,0x00,0x00,0x00,0x00,0x00,
  0x00,0x00,0x5b,0x62,0x69,0x00,0xff,0x00,0x17,0x00,0x5b,0x62,0x69,0x00,0x00,0x00,0x00,0x00,0x00,0x00,0x00,0x00,0x00,0x00,
  0x00,0x00,0x00,0x00,0x00,0x00,0x5b,0x62,0x69,0x00,0xff,0x00,0x17,0x00,0x5b,0x62,0x69,0x00,0x00,0x00,0x00,0x00,0x00,0x00,
  0x00,0x00,0x00,0x00,0x00,0x00,0x00,0x00,0x00,0x00,0x5b,0x62,0x69,0x00,0xff,0x00,0x17,0x00,0x5b,0x62,0x69,0x00,0x00,0x00,
  0x00,0x00,0x00,0x00,0x00,0x00,0x00,0x00,0x00,0x00,0x00,0x00,0x00,0x00,0x5b,0x62,0x69,0x00,0xff,0x00,0x17,0x00,0x5b,0x62,
  0x69,0x00,0x00,0x00,0x00,0x00,0x00,0x00,0x00,0x00,0x00,0x00,0x00,0x00,0x00,0x00,0x00,0x00,0x5b,0x62,0x69,0x00,0xff,0x00,
  0x17,0x00,0x5b,0x62,0x69,0x00,0x00,0x00,0x00,0x00,0x00,0x00,0x00,0x00,0x00,0x00,0x00,0x00,0x00,0x00,0x00,0x00,0x5b,0x62,
  0x69,0x00,0xff,0x00,0x17,0x00,0x5b,0x62,0x69,0x00,0x00,0x00,0x00,0x00,0x00,0x00,0x00,0x00,0x00,0x00,0x00,0x00,0x00,0x00,
  0x00,0x00,0x5b,0x62,0x69,0x00,0xff,0x00,0x17,0x00,0x5b,0x62,0x69,0x00,0x00,0x00,0x00,0x00,0x00,0x00,0x00,0x00,0x00,0x00,
  0x00,0x00,0x00,0x00,0x00,0x00,0x5b,0x62,0x69,0x00,0xff,0x00,0x17,0x00,0x5b,0x62,0x69,0x00,0x00,0x00,0x00,0x00,0x00,0x00,
  0x00,0x00,0x00,0x00,0x00,0x00,0x00,0x00,0x00,0x00,0x5b,0x62,0x69,0x00,0xff,0x00,0x17,0x00,0x5b,0x62,0x69,0x00,0x00,0x00,
  0x00,0x00,0x00,0x00,0x00,0x00,0x00,0x00,0x00,0x00,0x00,0x00,0x00,0x00,0x5b,0x62,0x69,0x00,0xff,0x00,0x17,0x00,0x5b,0x62,
  0x69,0x00,0x00,0x00,0x00,0x00,0x00,0x00,0x00,0x00,0x00,0x00,0x00,0x00,0x00,0x00,0x00,0x00,0x5b,0x62,0x69,0x00,0xff,0x00,
  0x17,0x00,0x5b,0x62,0x69,0x00,0x00,0x00,0x00,0x00,0x00,0x00,0x00,0x00,0x00,0x00,0x00,0x00,0x00,0x00,0x00,0x00,0x5b,0x62,
  0x69,0x00,0xff,0x00,0x17,0x00,0x5b,0x62,0x69,0x00,0x00,0x00,0x00,0x00,0x00,0x00,0x00,0x00,0x00,0x00,0x00,0x00,0x00,0x00,
  0x00,0x00,0x5b,0x62,0x69,0x00,0xff,0x00,0x17,0x00,0x5b,0x62,0x69,0x00,0x00,0x00,0x00,0x00,0x00,0x00,0x00,0x00,0x00,0x00,
  0x00,0x00,0x00,0x00,0x00,0x00,0x5b,0x62,0x69,0x00,0xff,0x00,0x17,0x00,0x5b,0x62,0x69,0x00,0x00,0x00,0x00,0x00,0x00,0x00,
  0x00,0x00,0x00,0x00,0x00,0x00,0x00,0x00,0x00,0x00,0x5b,0x62,0x69,0x00,0xff,0x00,0x17,0x00,0x5b,0x62,0x69,0x00,0x00,0x00,
  0x00,0x00,0x00,0x00,0x00,0x00,0x00,0x00,0x00,0x00,0x00,0x00,0x00,0x00,0x5b,0x62,0x69,0x00,0xff,0x00,0x17,0x00,0x5b,0x62,
  0x69,0x00,0x00,0x00,0x00,0x00,0x00,0x00,0x00,0x00,0x00,0x00,0x00,0x00,0x00,0x00,0x00,0x00,0x5b,0x62,0x69,0x00,0xff,0x00,
  0x17,0x00,0x5b,0x62,0x69,0x00,0x00,0x00,0x00,0x00,0x00,0x00,0x00,0x00,0x00,0x00,0x00,0x00,0x00,0x00,0x00,0x00,0x5b,0x62,
  0x69,0x00,0xff,0x00,0x17,0x00,0x5b,0x62,0x69,0x00,0x00,0x00,0x00,0x00,0x00,0x00,0x00,0x00,0x00,0x00,0x00,0x00,0x00,0x00,
  0x00,0x00,0x5b,0x62,0x69,0x00,0xff,0x00,0x17,0x00,0x5b,0x62,0x69,0x00,0x00,0x00,0x00,0x00,0x00,0x00,0x00,0x00,0x00,0x00,
  0x00,0x00,0x00,0x00,0x00,0x00,0x5b,0x62,0x69,0x00,0xff,0x00,0x17,0x00,0x5b,0x62,0x69,0x00,0x00,0x00,0x00,0x00,0x00,0x00,
  0x00,0x00,0x00,0x00,0x00,0x00,0x00,0x00,0x00,0x00,0x5b,0x62,0x69,0x00,0xff,0x00,0x17,0x00,0x5b,0x62,0x69,0x00,0x00,0x00,
  0x00,0x00,0x00,0x00,0x00,0x00,0x00,0x00,0x00,0x00,0x00,0x00,0x00,0x00,0x5b,0x62,0x69,0x00,0xff,0x00,0x17,0x00,0x5b,0x62,
  0x69,0x00,0x00,0x00,0x00,0x00,0x00,0x00,0x00,0x00,0x00,0x00,0x00,0x00,0x00,0x00,0x00,0x00,0x5b,0x62,0x69,0x00,0xff,0x00,
  0x17,0x00,0x5b,0x62,0x69,0x00,0x00,0x00,0x00,0x00,0x00,0x00,0x00,0x00,0x00,0x00,0x00,0x00,0x00,0x00,0x00,0x00,0x5b,0x62,
  0x69,0x00,0xff,0x00,0x17,0x00,0x5b,0x62,0x69,0x00,0x00,0x00,0x00,0x00,0x00,0x00,0x00,0x00,0x00,0x00,0x00,0x00,0x00,0x00,
  0x00,0x00,0x5b,0x62,0x69,0x00,0xff,0x00,0x17,0x00,0x5b,0x62,0x69,0x00,0x00,0x00,0x00,0x00,0x00,0x00,0x00,0x00,0x00,0x00,
  0x00,0x00,0x00,0x00,0x00,0x00,0x5b,0x62,0x69,0x00,0xff,0x00,0x17,0x00,0x5b,0x62,0x69,0x00,0x00,0x00,0x00,0x00,0x00,0x00,
  0x00,0x00,0x00,0x00,0x00,0x00,0x00,0x00,0x00,0x00,0x5b,0x62,0x69,0x00,0xff,0x00,0x17,0x00,0x5b,0x62,0x69,0x00,0x00,0x00,
  0x00,0x00,0x00,0x00,0x00,0x00,0x00,0x00,0x00,0x00,0x00,0x00,0x00,0x00,0x5b,0x62,0x69,0x00,0xff,0x00,0x17,0x00,0x5b,0x62,
  0x69,0x00,0x00,0x00,0x00,0x00,0x00,0x00,0x00,0x00,0x00,0x00,0x00,0x00,0x00,0x00,0x00,0x00,0x5b,0x62,0x69,0x00,0xff,0x00,
  0x17,0x00,0x5b,0x62,0x69,0x00,0x00,0x00,0x00,0x00,0x00,0x00,0x00,0x00,0x00,0x00,0x00,0x00,0x00,0x00,0x00,0x00,0x5b,0x62,
  0x69,0x00,0xff,0x00,0x17,0x00,0x5b,0x62,0x69,0x00,0x00,0x00,0x00,0x00,0x00,0x00,0x00,0x00,0x00,0x00,0x00,0x00,0x00,0x00,
  0x00,0x00,0x5b,0x62,0x69,0x00,0xff,0x00,0x17,0x00,0x5b,0x62,0x69,0x00,0x00,0x00,0x00,0x00,0x00,0x00,0x00,0x00,0x00,0x00,
  0x00,0x00,0x00,0x00,0x00,0x00,0x5b,0x62,0x69,0x00,0xff,0x00,0x17,0x00,0x5b,0x62,0x69,0x00,0x00,0x00,0x00,0x00,0x00,0x00,
  0x00,0x00,0x00,0x00,0x00,0x00,0x00,0x00,0x00,0x00,0x5b,0x62,0x69,0x00,0xff,0x00,0x17,0x00,0x5b,0x62,0x69,0x00,0x00,0x00,
  0x00,0x00,0x00,0x00,0x00,0x00,0x00,0x00,0x00,0x00,0x00,0x00,0x00,0x00,0x5b,0x62,0x69,0x00,0xff,0x00,0x17,0x00,0x5b,0x62,
  0x69,0x00,0x00,0x00,0x00,0x00,0x00,0x00,0x00,0x00,0x00,0x00,0x00,0x00,0x00,0x00,0x00,0x00,0x5b,0x62,0x69,0x00,0xff,0x00,
  0x17,0x00,0x5b,0x62,0x69,0x00,0x00,0x00,0x00,0x00,0x00,0x00,0x00,0x00,0x00,0x00,0x00,0x00,0x00,0x00,0x00,0x00,0x5b,0x62,
  0x69,0x00,0xff,0x00,0x17,0x00,0x5b,0x62,0x69,0x00,0x00,0x00,0x00,0x00,0x00,0x00,0x00,0x00,0x00,0x00,0x00,0x00,0x00,0x00,
  0x00,0x00,0x5b,0x62,0x69,0x00,0xff,0x00,0x17,0x00,0x5b,0x62,0x69,0x00,0x00,0x00,0x00,0x00,0x00,0x00,0x00,0x00,0x00,0x00,
  0x00,0x00,0x00,0x00,0x00,0x00,0x5b,0x62,0x69,0x00,0xff,0x00,0x17,0x00,0x5b,0x62,0x69,0x00,0x00,0x00,0x00,0x00,0x00,0x00,
  0x00,0x00,0x00,0x00,0x00,0x00,0x00,0x00,0x00,0x00,0x5b,0x62,0x69,0x00,0xff,0x00,0x17,0x00,0x5b,0x62,0x69,0x00,0x00,0x00,
  0x00,0x00,0x00,0x00,0x00,0x00,0x00,0x00,0x00,0x00,0x00,0x00,0x00,0x00,0x5b,0x62,0x69,0x00,0xff,0x00,0x17,0x00,0x5b,0x62,
  0x69,0x00,0x00,0x00,0x00,0x00,0x00,0x00,0x00,0x00,0x00,0x00,0x00,0x00,0x00,0x00,0x00,0x00,0x5b,0x62,0x69,0x00,0xff,0x00,
  0x17,0x00,0x5b,0x62,0x69,0x00,0x00,0x00,0x00,0x00,0x00,0x00,0x00,0x00,0x00,0x00,0x00,0x00,0x00,0x00,0x00,0x00,0x5b,0x62,
  0x69,0x00,0xff,0x00,0x17,0x00,0x5b,0x62,0x69,0x00,0x00,0x00,0x00,0x00,0x00,0x00,0x00,0x00,0x00,0x00,0x00,0x00,0x00,0x00,
  0x00,0x00,0x5b,0x62,0x69,0x00,0xff,0x00,0x17,0x00,0x5b,0x62,0x69,0x00,0x00,0x00,0x00,0x00,0x00,0x00,0x00,0x00,0x00,0x00,
  0x00,0x00,0x00,0x00,0x00,0x00,0x5b,0x62,0x69,0x00,0xff,0x00,0x17,0x00,0x5b,0x62,0x69,0x00,0x00,0x00,0x00,0x00,0x00,0x00,
  0x00,0x00,0x00,0x00,0x00,0x00,0x00,0x00,0x00,0x00,0x5b,0x62,0x69,0x00,0xff,0x00,0x17,0x00,0x5b,0x62,0x69,0x00,0x00,0x00,
  0x00,0x00,0x00,0x00,0x00,0x00,0x00,0x00,0x00,0x00,0x00,0x00,0x00,0x00,0x5b,0x62,0x69,0x00,0xff,0x00,0x17,0x00,0x5b,0x62,
  0x69,0x00,0x00,0x00,0x00,0x00,0x00,0x00,0x00,0x00,0x00,0x00,0x00,0x00,0x00,0x00,0x00,0x00,0x5b,0x62,0x69,0x00,0xff,0x00,
  0x17,0x00,0x5b,0x62,0x69,0x00,0x00,0x00,0x00,0x00,0x00,0x00,0x00,0x00,0x00,0x00,0x00,0x00,0x00,0x00,0x00,0x00,0x5b,0x62,
  0x69,0x00,0xff,0x00,0x17,0x00,0x5b,0x62,0x69,0x00,0x00,0x00,0x00,0x00,0x00,0x00,0x00,0x00,0x00,0x00,0x00,0x00,0x00,0x00,
  0x00,0x00,0x5b,0x62,0x69,0x00,0xff,0x00,0x17,0x00,0x5b,0x62,0x69,0x00,0x00,0x00,0x00,0x00,0x00,0x00,0x00,0x00,0x00,0x00,
  0x00,0x00,0x00,0x00,0x00,0x00,0x5b,0x62,0x69,0x00,0xff,0x00,0x17,0x00,0x5b,0x62,0x69,0x00,0x00,0x00,0x00,0x00,0x00,0x00,
  0x00,0x00,0x00,0x00,0x00,0x00,0x00,0x00,0x00,0x00,0x5b,0x62,0x69,0x00,0xff,0x00,0x17,0x00,0x5b,0x62,0x69,0x00,0x00,0x00,
  0x00,0x00,0x00,0x00,0x00,0x00,0x00,0x00,0x00,0x00,0x00,0x00,0x00,0x00,0x5b,0x62,0x69,0x00,0xff,0x00,0x17,0x00,0x5b,0x62,
  0x69,0x00,0x00,0x00,0x00,0x00,0x00,0x00,0x00,0x00,0x00,0x00,0x00,0x00,0x00,0x00,0x00,0x00,0x5b,0x62,0x69,0x00,0xff,0x00,
  0x17,0x00,0x5b,0x62,0x69,0x00,0x00,0x00,0x00,0x00,0x00,0x00,0x00,0x00,0x00,0x00,0x00,0x00,0x00,0x00,0x00,0x00,0x5b,0x62,
  0x69,0x00,0xff,0x00,0x17,0x00,0x5b,0x62,0x69,0x00,0x00,0x00,0x00,0x00,0x00,0x00,0x00,0x00,0x00,0x00,0x00,0x00,0x00,0x00,
  0x00,0x00,0x5b,0x62,0x69,0x00,0xff,0x00,0x17,0x00,0x5b,0x62,0x69,0x00,0x00,0x00,0x00,0x00,0x00,0x00,0x00,0x00,0x00,0x00,
  0x00,0x00,0x00,0x00,0x00,0x00,0x5b,0x62,0x69,0x00,0xff,0x00,0x17,0x00,0x5b,0x62,0x69,0x00,0x00,0x00,0x00,0x00,0x00,0x00,
  0x00,0x00,0x00,0x00,0x00,0x00,0x00,0x00,0x00,0x00,0x5b,0x62,0x69,0x00,0xff,0x00,0x17,0x00,0x5b,0x62,0x69,0x00,0x00,0x00,
  0x00,0x00,0x00,0x00,0x00,0x00,0x00,0x00,0x00,0x00,0x00,0x00,0x00,0x00,0x5b,0x62,0x69,0x00,0xff,0x00,0x17,0x00,0x5b,0x62,
  0x69,0x00,0x00,0x00,0x00,0x00,0x00,0x00,0x00,0x00,0x00,0x00,0x00,0x00,0x00,0x00,0x00,0x00,0x5b,0x62,0x69,0x00,0xff,0x00,
  0x17,0x00,0x5b,0x62,0x69,0x00,0x00,0x00,0x00,0x00,0x00,0x00,0x00,0x00,0x00,0x00,0x00,0x00,0x00,0x00,0x00,0x00,0x5b,0x62,
  0x69,0x00,0xff,0x00,0x17,0x00,0x5b,0x62,0x69,0x00,0x00,0x00,0x00,0x00,0x00,0x00,0x00,0x00,0x00,0x00,0x00,0x00,0x00,0x00,
  0x00,0x00,0x5b,0x62,0x69,0x00,0xff,0x00,0x17,0x00,0x5b,0x62,0x69,0x00,0x00,0x00,0x00,0x00,0x00,0x00,0x00,0x00,0x00,0x00,
  0x00,0x00,0x00,0x00,0x00,0x00,0x5b,0x62,0x69,0x00,0xff,0x00,0x17,0x00,0x5b,0x62,0x69,0x00,0x00,0x00,0x00,0x00,0x00,0x00,
  0x00,0x00,0x00,0x00,0x00,0x00,0x00,0x00,0x00,0x00,0x5b,0x62,0x69,0x00,0xff,0x00,0x17,0x00,0x5b,0x62,0x69,0x00,0x00,0x00,
  0x00,0x00,0x00,0x00,0x00,0x00,0x00,0x00,0x00,0x00,0x00,0x00,0x00,0x00,0x5b,0x62,0x69,0x00,0xff,0x00,0x17,0x00,0x5b,0x62,
  0x69,0x00,0x00,0x00,0x00,0x00,0x00,0x00,0x00,0x00,0x00,0x00,0x00,0x00,0x00,0x00,0x00,0x00,0x5b,0x62,0x69,0x00,0xff,0x00,
  0x17,0x00,0x5b,0x62,0x69,0x00,0x00,0x00,0x00,0x00,0x00,0x00,0x00,0x00,0x00,0x00,0x00,0x00,0x00,0x00,0x00,0x00,0x5b,0x62,
  0x69,0x00,0xff,0x00,0x17,0x00,0x5b,0x62,0x69,0x00,0x00,0x00,0x00,0x00,0x00,0x00,0x00,0x00,0x00,0x00,0x00,0x00,0x00,0x00,
  0x00,0x00,0x5b,0x62,0x69,0x00,0xff,0x00,0x17,0x00,0x5b,0x62,0x69,0x00,0x00,0x00,0x00,0x00,0x00,0x00,0x00,0x00,0x00,0x00,
  0x00,0x00,0x00,0x00,0x00,0x00,0x5b,0x62,0x69,0x00,0xff,0x00,0x17,0x00,0x5b,0x62,0x69,0x00,0x00,0x00,0x00,0x00,0x00,0x00,
  0x00,0x00,0x00,0x00,0x00,0x00,0x00,0x00,0x00,0x00,0x5b,0x62,0x69,0x00,0xff,0x00,0x17,0x00,0x5b,0x62,0x69,0x00,0x00,0x00,
  0x00,0x00,0x00,0x00,0x00,0x00,0x00,0x00,0x00,0x00,0x00,0x00,0x00,0x00,0x5b,0x62,0x69,0x00,0xff,0x00,0x17,0x00,0x5b,0x62,
  0x69,0x00,0x00,0x00,0x00,0x00,0x00,0x00,0x00,0x00,0x00,0x00,0x00,0x00,0x00,0x00,0x00,0x00,0x5b,0x62,0x69,0x00,0xff,0x00,
  0x17,0x00,0x5b,0x62,0x69,0x00,0x00,0x00,0x00,0x00,0x00,0x00,0x00,0x00,0x00,0x00,0x00,0x00,0x00,0x00,0x00,0x00,0x5b,0x62,
  0x69,0x00,0xff,0x00,0x17,0x00,0x5b,0x62,0x69,0x00,0x00,0x00,0x00,0x00,0x00,0x00,0x00,0x00,0x00,0x00,0x00,0x00,0x00,0x00,
  0x00,0x00,0x5b,0x62,0x69,0x00,0xff,0x00,0x17,0x00,0x5b,0x62,0x69,0x00,0x00,0x00,0x00,0x00,0x00,0x00,0x00,0x00,0x00,0x00,
  0x00,0x00,0x00,0x00,0x00,0x00,0x5b,0x62,0x69,0x00,0xff,0x00,0x17,0x00,0x5b,0x62,0x69,0x00,0x00,0x00,0x00,0x00,0x00,0x00,
  0x00,0x00,0x00,0x00,0x00,0x00,0x00,0x00,0x00,0x00,0x5b,0x62,0x69,0x00,0xff,0x00,0x17,0x00,0x5b,0x62,0x69,0x00,0x00,0x00,
  0x00,0x00,0x00,0x00,0x00,0x00,0x00,0x00,0x00,0x00,0x00,0x00,0x00,0x00,0x5b,0x62,0x69,0x00,0xff,0x00,0x17,0x00,0x5b,0x62,
  0x69,0x00,0x00,0x00,0x00,0x00,0x00,0x00,0x00,0x00,0x00,0x00,0x00,0x00,0x00,0x00,0x00,0x00,0x5b,0x62,0x69,0x00,0xff,0x00,
  0x17,0x00,0x5b,0x62,0x69,0x00,0x00,0x00,0x00,0x00,0x00,0x00,0x00,0x00,0x00,0x00,0x00,0x00,0x00,0x00,0x00,0x00,0x5b,0x62,
  0x69,0x00,0xff,0x00,0x17,0x00,0x5b,0x62,0x69,0x00,0x00,0x00,0x00,0x00,0x00,0x00,0x00,0x00,0x00,0x00,0x00,0x00,0x00,0x00,
  0x00,0x00,0x5b,0x62,0x69,0x00,0xff,0x00,0x17,0x00,0x5b,0x62,0x69,0x00,0x00,0x00,0x00,0x00,0x00,0x00,0x00,0x00,0x00,0x00,
  0x00,0x00,0x00,0x00,0x00,0x00,0x5b,0x62,0x69,0x00,0xff,0x00,0x17,0x00,0x5b,0x62,0x69,0x00,0x00,0x00,0x00,0x00,0x00,0x00,
  0x00,0x00,0x00,0x00,0x00,0x00,0x00,0x00,0x00,0x00,0x5b,0x62,0x69,0x00,0xff,0x00,0x17,0x00,0x5b,0x62,0x69,0x00,0x00,0x00,
  0x00,0x00,0x00,0x00,0x00,0x00,0x00,0x00,0x00,0x00,0x00,0x00,0x00,0x00,0x5b,0x62,0x69,0x00,0xff,0x00,0x17,0x00,0x5b,0x62,
  0x69,0x00,0x00,0x00,0x00,0x00,0x00,0x00,0x00,0x00,0x00,0x00,0x00,0x00,0x00,0x00,0x00,0x00,0x5b,0x62,0x69,0x00,0xff,0x00,
  0x17,0x00,0x5b,0x62,0x69,0x00,0x00,0x00,0x00,0x00,0x00,0x00,0x00,0x00,0x00,0x00,0x00,0x00,0x00,0x00,0x00,0x00,0x5b,0x62,
  0x69,0x00,0xff,0x00,0x17,0x00,0x5b,0x62,0x69,0x00,0x00,0x00,0x00,0x00,0x00,0x00,0x00,0x00,0x00,0x00,0x00,0x00,0x00,0x00,
  0x00,0x00,0x5b,0x62,0x69,0x00,0xff,0x00,0x17,0x00,0x5b,0x62,0x69,0x00,0x00,0x00,0x00,0x00,0x00,0x00,0x00,0x00,0x00,0x00,
  0x00,0x00,0x00,0x00,0x00,0x00,0x5b,0x62,0x69,0x00,0xff,0x00,0x17,0x00,0x5b,0x62,0x69,0x00,0x00,0x00,0x00,0x00,0x00,0x00,
  0x00,0x00,0x00,0x00,0x00,0x00,0x00,0x00,0x00,0x00,0x5b,0x62,0x69,0x00,0xff,0x00,0x17,0x00,0x5b,0x62,0x69,0x00,0x00,0x00,
  0x00,0x00,0x00,0x00,0x00,0x00,0x00,0x00,0x00,0x00,0x00,0x00,0x00,0x00,0x5b,0x62,0x69,0x00,0xff,0x00,0x17,0x00,0x5b,0x62,
  0x69,0x00,0x00,0x00,0x00,0x00,0x00,0x00,0x00,0x00,0x00,0x00,0x00,0x00,0x00,0x00,0x00,0x00,0x5b,0x62,0x69,0x00,0xff,0x00,
  0x17,0x00,0x5b,0x62,0x69,0x00,0x00,0x00,0x00,0x00,0x00,0x00,0x00,0x00,0x00,0x00,0x00,0x00,0x00,0x00,0x00,0x00,0x5b,0x62,
  0x69,0x00,0xff,0x00,0x17,0x00,0x5b,0x62,0x69,0x00,0x00,0x00,0x00,0x00,0x00,0x00,0x00,0x00,0x00,0x00,0x00,0x00,0x00,0x00,
  0x00,0x00,0x5b,0x62,0x69,0x00,0xff,0x00,0x17,0x00,0x5b,0x62,0x69,0x00,0x00,0x00,0x00,0x00,0x00,0x00,0x00,0x00,0x00,0x00,
  0x00,0x00,0x00,0x00,0x00,0x00,0x5b,0x62,0x69,0x00,0xff,0x00,0x17,0x00,0x5b,0x62,0x69,0x00,0x00,0x00,0x00,0x00,0x00,0x00,
  0x00,0x00,0x00,0x00,0x00,0x00,0x00,0x00,0x00,0x00,0x5b,0x62,0x69,0x00,0xff,0x00,0x17,0x00,0x5b,0x62,0x69,0x00,0x00,0x00,
  0x00,0x00,0x00,0x00,0x00,0x00,0x00,0x00,0x00,0x00,0x00,0x00,0x00,0x00,0x5b,0x62,0x69,0x00,0xff,0x00,0x17,0x00,0x5b,0x62,
  0x69,0x00,0x00,0x00,0x00,0x00,0x00,0x00,0x00,0x00,0x00,0x00,0x00,0x00,0x00,0x00,0x00,0x00,0x5b,0x62,0x69,0x00,0xff,0x00,
  0x17,0x00,0x5b,0x62,0x69,0x00,0x00,0x00,0x00,0x00,0x00,0x00,0x00,0x00,0x00,0x00,0x00,0x00,0x00,0x00,0x00,0x00,0x5b,0x62,
  0x69,0x00,0xff,0x00,0x17,0x00,0x5b,0x62,0x69,0x00,0x00,0x00,0x00,0x00,0x00,0x00,0x00,0x00,0x00,0x00,0x00,0x00,0x00,0x00,
  0x00,0x00,0x5b,0x62,0x69,0x00,0xff,0x00,0x17,0x00,0x5b,0x62,0x69,0x00,0x00,0x00,0x00,0x00,0x00,0x00,0x00,0x00,0x00,0x00,
  0x00,0x00,0x00,0x00,0x00,0x00,0x5b,0x62,0x69,0x00,0xff,0x00,0x17,0x00,0x5b,0x62,0x69,0x00,0x00,0x00,0x00,0x00,0x00,0x00,
  0x00,0x00,0x00,0x00,0x00,0x00,0x00,0x00,0x00,0x00,0x5b,0x62,0x69,0x00,0xff,0x00,0x17,0x00,0x5b,0x62,0x69,0x00,0x00,0x00,
  0x00,0x00,0x00,0x00,0x00,0x00,0x00,0x00,0x00,0x00,0x00,0x00,0x00,0x00,0x5b,0x62,0x69,0x00,0xff,0x00,0x17,0x00,0x5b,0x62,
  0x69,0x00,0x00,0x00,0x00,0x00,0x00,0x00,0x00,0x00,0x00,0x00,0x00,0x00,0x00,0x00,0x00,0x00,0x5b,0x62,0x69,0x00,0xff,0x00,
  0x17,0x00,0x5b,0x62,0x69,0x00,0x00,0x00,0x00,0x00,0x00,0x00,0x00,0x00,0x00,0x00,0x00,0x00,0x00,0x00,0x00,0x00,0x5b,0x62,
  0x69,0x00,0xff,0x00,0x17,0x00,0x5b,0x62,0x69,0x00,0x00,0x00,0x00,0x00,0x00,0x00,0x00,0x00,0x00,0x00,0x00,0x00,0x00,0x00,
  0x00,0x00,0x5b,0x62,0x69,0x00,0xff,0x00,0x17,0x00,0x5b,0x62,0x69,0x00,0x00,0x00,0x00,0x00,0x00,0x00,0x00,0x00,0x00,0x00,
  0x00,0x00,0x00,0x00,0x00,0x00,0x5b,0x62,0x69,0x00,0xff,0x00,0x17,0x00,0x5b,0x62,0x69,0x00,0x00,0x00,0x00,0x00,0x00,0x00,
  0x00,0x00,0x00,0x00,0x00,0x00,0x00,0x00,0x00,0x00,0x5b,0x62,0x69,0x00,0xff,0x00,0x17,0x00,0x5b,0x62,0x69,0x00,0x00,0x00,
  0x00,0x00,0x00,0x00,0x00,0x00,0x00,0x00,0x00,0x00,0x00,0x00,0x00,0x00,0x5b,0x62,0x69,0x00,0xff,0x00,0x17,0x00,0x5b,0x62,
  0x69,0x00,0x00,0x00,0x00,0x00,0x00,0x00,0x00,0x00,0x00,0x00,0x00,0x00,0x00,0x00,0x00,0x00,0x5b,0x62,0x69,0x00,0xff,0x00,
  0x17,0x00,0x5b,0x62,0x69,0x00,0x00,0x00,0x00,0x00,0x00,0x00,0x00,0x00,0x00,0x00,0x00,0x00,0x00,0x00,0x00,0x00,0x5b,0x62,
  0x69,0x00,0xff,0x00,0x17,0x00,0x5b,0x62,0x69,0x00,0x00,0x00,0x00,0x00,0x00,0x00,0x00,0x00,0x00,0x00,0x00,0x00,0x00,0x00,
  0x00,0x00,0x5b,0x62,0x69,0x00,0xff,0x00,0x17,0x00,0x5b,0x62,0x69,0x00,0x00,0x00,0x00,0x00,0x00,0x00,0x00,0x00,0x00,0x00,
  0x00,0x00,0x00,0x00,0x00,0x00,0x5b,0x62,0x69,0x00,0xff,0x00,0x17,0x00,0x5b,0x62,0x69,0x00,0x00,0x00,0x00,0x00,0x00,0x00,
  0x00,0x00,0x00,0x00,0x00,0x00,0x00,0x00,0x00,0x00,0x5b,0x62,0x69,0x00,0xff,0x00,0x17,0x00,0x5b,0x62,0x69,0x00,0x00,0x00,
  0x00,0x00,0x00,0x00,0x00,0x00,0x00,0x00,0x00,0x00,0x00,0x00,0x00,0x00,0x5b,0x62,0x69,0x00,0xff,0x00,0x17,0x00,0x5b,0x62,
  0x69,0x00,0x00,0x00,0x00,0x00,0x00,0x00,0x00,0x00,0x00,0x00,0x00,0x00,0x00,0x00,0x00,0x00,0x5b,0x62,0x69,0x00,0xff,0x00,
  0x17,0x00,0x5b,0x62,0x69,0x00,0x00,0x00,0x00,0x00,0x00,0x00,0x00,0x00,0x00,0x00,0x00,0x00,0x00,0x00,0x00,0x00,0x5b,0x62,
  0x69,0x00,0xff,0x00,0x17,0x00,0x5b,0x62,0x69,0x00,0x00,0x00,0x00,0x00,0x00,0x00,0x00,0x00,0x00,0x00,0x00,0x00,0x00,0x00,
  0x00,0x00,0x5b,0x62,0x69,0x00,0xff,0x00,0x17,0x00,0x5b,0x62,0x69,0x00,0x00,0x00,0x00,0x00,0x00,0x00,0x00,0x00,0x00,0x00,
  0x00,0x00,0x00,0x00,0x00,0x00,0x5b,0x62,0x69,0x00,0xff,0x00,0x17,0x00,0x5b,0x62,0x69,0x00,0x00,0x00,0x00,0x00,0x00,0x00,
  0x00,0x00,0x00,0x00,0x00,0x00,0x00,0x00,0x00,0x00,0x5b,0x62,0x69,0x00,0xff,0x00,0x17,0x00,0x5b,0x62,0x69,0x00,0x00,0x00,
  0x00,0x00,0x00,0x00,0x00,0x00,0x00,0x00,0x00,0x00,0x00,0x00,0x00,0x00,0x5b,0x62,0x69,0x00,0xff,0x00,0x17,0x00,0x5b,0x62,
  0x69,0x00,0x00,0x00,0x00,0x00,0x00,0x00,0x00,0x00,0x00,0x00,0x00,0x00,0x00,0x00,0x00,0x00,0x5b,0x62,0x69,0x00,0xff,0x00,
  0x17,0x00,0x5b,0x62,0x69,0x00,0x00,0x00,0x00,0x00,0x00,0x00,0x00,0x00,0x00,0x00,0x00,0x00,0x00,0x00,0x00,0x00,0x5b,0x62,
  0x69,0x00,0xff,0x00,0x17,0x00,0x5b,0x62,0x69,0x00,0x00,0x00,0x00,0x00,0x00,0x00,0x00,0x00,0x00,0x00,0x00,0x00,0x00,0x00,
  0x00,0x00,0x5b,0x62,0x69,0x00,0xff,0x00,0x17,0x00,0x5b,0x62,0x69,0x00,0x00,0x00,0x00,0x00,0x00,0x00,0x00,0x00,0x00,0x00,
  0x00,0x00,0x00,0x00,0x00,0x00,0x5b,0x62,0x69,0x00,0xff,0x00,0x17,0x00,0x5b,0x62,0x69,0x00,0x00,0x00,0x00,0x00,0x00,0x00,
  0x00,0x00,0x00,0x00,0x00,0x00,0x00,0x00,0x00,0x00,0x5b,0x62,0x69,0x00,0xff,0x00,0x17,0x00,0x5b,0x62,0x69,0x00,0x00,0x00,
  0x00,0x00,0x00,0x00,0x00,0x00,0x00,0x00,0x00,0x00,0x00,0x00,0x00,0x00,0x5b,0x62,0x69,0x00,0xff,0x00,0x17,0x00,0x5b,0x62,
  0x69,0x00,0x00,0x00,0x00,0x00,0x00,0x00,0x00,0x00,0x00,0x00,0x00,0x00,0x00,0x00,0x00,0x00,0x5b,0x62,0x69,0x00,0xff,0x00,
  0x17,0x00,0x5b,0x62,0x69,0x00,0x00,0x00,0x00,0x00,0x00,0x00,0x00,0x00,0x00,0x00,0x00,0x00,0x00,0x00,0x00,0x00,0x5b,0x62,
  0x69,0x00,0xff,0x00,0x17,0x00,0x5b,0x62,0x69,0x00,0x00,0x00,0x00,0x00,0x00,0x00,0x00,0x00,0x00,0x00,0x00,0x00,0x00,0x00,
  0x00,0x00,0x5b,0x62,0x69,0x00,0xff,0x00,0x17,0x00,0x5b,0x62,0x69,0x00,0x00,0x00,0x00,0x00,0x00,0x00,0x00,0x00,0x00,0x00,
  0x00,0x00,0x00,0x00,0x00,0x00,0x5b,0x62,0x69,0x00,0xff,0x00,0x17,0x00,0x5b,0x62,0x69,0x00,0x00,0x00,0x00,0x00,0x00,0x00,
  0x00,0x00,0x00,0x00,0x00,0x00,0x00,0x00,0x00,0x00,0x5b,0x62,0x69,0x00,0xff,0x00,0x17,0x00,0x5b,0x62,0x69,0x00,0x00,0x00,
  0x00,0x00,0x00,0x00,0x00,0x00,0x00,0x00,0x00,0x00,0x00,0x00,0x00,0x00,0x5b,0x62,0x69,0x00,0xff,0x00,0x17,0x00,0x5b,0x62,
  0x69,0x00,0x00,0x00,0x00,0x00,0x00,0x00,0x00,0x00,0x00,0x00,0x00,0x00,0x00,0x00,0x00,0x00,0x5b,0x62,0x69,0x00,0xff,0x00,
  0x17,0x00,0x5b,0x62,0x69,0x00,0x00,0x00,0x00,0x00,0x00,0x00,0x00,0x00,0x00,0x00,0x00,0x00,0x00,0x00,0x00,0x00,0x5b,0x62,
  0x69,0x00,0xff,0x00,0x17,0x00,0x5b,0x62,0x69,0x00,0x00,0x00,0x00,0x00,0x00,0x00,0x00,0x00,0x00,0x00,0x00,0x00,0x00,0x00,
  0x00,0x00,0x5b,0x62,0x69,0x00,0xff,0x00,0x17,0x00,0x5b,0x62,0x69,0x00,0x00,0x00,0x00,0x00,0x00,0x00,0x00,0x00,0x00,0x00,
  0x00,0x00,0x00,0x00,0x00,0x00,0x5b,0x62,0x69,0x00,0xff,0x00,0x17,0x00,0x5b,0x62,0x69,0x00,0x00,0x00,0x00,0x00,0x00,0x00,
  0x00,0x00,0x00,0x00,0x00,0x00,0x00,0x00,0x00,0x00,0x5b,0x62,0x69,0x00,0xff,0x00,0x17,0x00,0x5b,0x62,0x69,0x00,0x00,0x00,
  0x00,0x00,0x00,0x00,0x00,0x00,0x00,0x00,0x00,0x00,0x00,0x00,0x00,0x00,0x5b,0x62,0x69,0x00,0xff,0x00,0x17,0x00,0x5b,0x62,
  0x69,0x00,0x00,0x00,0x00,0x00,0x00,0x00,0x00,0x00,0x00,0x00,0x00,0x00,0x00,0x00,0x00,0x00,0x5b,0x62,0x69,0x00,0xff,0x00,
  0x17,0x00,0x5b,0x62,0x69,0x00,0x00,0x00,0x00,0x00,0x00,0x00,0x00,0x00,0x00,0x00,0x00,0x00,0x00,0x00,0x00,0x00,0x5b,0x62,
  0x69,0x00,0xff,0x00,0x17,0x00,0x5b,0x62,0x69,0x00,0x00,0x00,0x00,0x00,0x00,0x00,0x00,0x00,0x00,0x00,0x00,0x00,0x00,0x00,
  0x00,0x00,0x5b,0x62,0x69,0x00,0xff,0x00,0x17,0x00,0x5b,0x62,0x69,0x00,0x00,0x00,0x00,0x00,0x00,0x00,0x00,0x00,0x00,0x00,
  0x00,0x00,0x00,0x00,0x00,0x00,0x5b,0x62,0x69,0x00,0xff,0x00,0x17,0x00,0x5b,0x62,0x69,0x00,0x00,0x00,0x00,0x00,0x00,0x00,
  0x00,0x00,0x00,0x00,0x00,0x00,0x00,0x00,0x00,0x00,0x5b,0x62,0x69,0x00,0xff,0x00,0x17,0x00,0x5b,0x62,0x69,0x00,0x00,0x00,
  0x00,0x00,0x00,0x00,0x00,0x00,0x00,0x00,0x00,0x00,0x00,0x00,0x00,0x00,0x5b,0x62,0x69,0x00,0xff,0x00,0x17,0x00,0x5b,0x62,
  0x69,0x00,0x00,0x00,0x00,0x00,0x00,0x00,0x00,0x00,0x00,0x00,0x00,0x00,0x00,0x00,0x00,0x00,0x5b,0x62,0x69,0x00,0xff,0x00,
  0x17,0x00,0x5b,0x62,0x69,0x00,0x00,0x00,0x00,0x00,0x00,0x00,0x00,0x00,0x00,0x00,0x00,0x00,0x00,0x00,0x00,0x00,0x5b,0x62,
  0x69,0x00,0xff,0x00,0x17,0x00,0x5b,0x62,0x69,0x00,0x00,0x00,0x00,0x00,0x00,0x00,0x00,0x00,0x00,0x00,0x00,0x00,0x00,0x00,
  0x00,0x00,0x5b,0x62,0x69,0x00,0xff,0x00,0x17,0x00,0x5b,0x62,0x69,0x00,0x00,0x00,0x00,0x00,0x00,0x00,0x00,0x00,0x00,0x00,
  0x00,0x00,0x00,0x00,0x00,0x00,0x5b,0x62,0x69,0x00,0xff,0x00,0x17,0x00,0x5b,0x62,0x69,0x00,0x00,0x00,0x00,0x00,0x00,0x00,
  0x00,0x00,0x00,0x00,0x00,0x00,0x00,0x00,0x00,0x00,0x5b,0x62,0x69,0x00,0xff,0x00,0x17,0x00,0x5b,0x62,0x69,0x00,0x00,0x00,
  0x00,0x00,0x00,0x00,0x00,0x00,0x00,0x00,0x00,0x00,0x00,0x00,0x00,0x00,0x5b,0x62,0x69,0x00,0xff,0x00,0x17,0x00,0x5b,0x62,
  0x69,0x5b,0x5b,0x5b,0x5b,0x5b,0x5b,0x5b,0x5b,0x5b,0x5b,0x5b,0x5b,0x5b,0x5b,0x5b,0x5b,0x5b,0x5b,0x62,0x69,0x00,0xff,0x00,
  0x17,0x00,0x5b,0x62,0x62,0x62,0x62,0x62,0x62,0x62,0x62,0x62,0x62,0x62,0x62,0x62,0x62,0x62,0x62,0x62,0x62,0x62,0x62,0x62,
  0x69,0x00,0xff,0x00,0x17,0x00,0x69,0x69,0x69,0x69,0x69,0x69,0x69,0x69,0x69,0x69,0x69,0x69,0x69,0x69,0x69,0x69,0x69,0x69,
  0x69,0x69,0x69,0x69,0x69,0x00,0xff,0x08,0x00,0x08,0x00,0x00,0x00,0x00,0x00,0x28,0x00,0x00,0x00,0x2f,0x00,0x00,0x00,0x36,
  0x00,0x00,0x00,0x3d,0x00,0x00,0x00,0x4c,0x00,0x00,0x00,0x5b,0x00,0x00,0x00,0x62,0x00,0x00,0x00,0x69,0x00,0x00,0x00,0x03,
  0x02,0x00,0xb5,0xb5,0x00,0xff,0x03,0x02,0x00,0xb5,0xb5,0x00,0xff,0x03,0x02,0x00,0xb5,0xb5,0x00,0xff,0x00,0x03,0x00,0xb5,
  0xb5,0xb5,0x00,0x05,0x03,0x00,0xb5,0xb5,0xb5,0x00,0xff,0x00,0x03,0x00,0xb5,0xb5,0xb5,0x00,0x05,0x03,0x00,0xb5,0xb5,0xb5,
  0x00,0xff,0x03,0x02,0x00,0xb5,0xb5,0x00,0xff,0x03,0x02,0x00,0xb5,0xb5,0x00,0xff,0x03,0x02,0x00,0xb5,0xb5,0x00,0xff,0x08,
  0x00,0x08,0x00,0x00,0x00,0x00,0x00,0x28,0x00,0x00,0x00,0x29,0x00,0x00,0x00,0x2a,0x00,0x00,0x00,0x2b,0x00,0x00,0x00,0x2c,
  0x00,0x00,0x00,0x35,0x00,0x00,0x00,0x3e,0x00,0x00,0x00,0x45,0x00,0x00,0x00,0xff,0xff,0xff,0xff,0x04,0x04,0x00,0xb5,0xb5,
  0xb5,0xb5,0x00,0xff,0x04,0x04,0x00,0xb5,0xb5,0xb5,0xb5,0x00,0xff,0x04,0x02,0x00,0xb5,0xb5,0x00,0xff,0x04,0x02,0x00,0xb5,
  0xb5,0x00,0xff,0x08,0x00,0x08,0x00,0x00,0x00,0x00,0x00,0x28,0x00,0x00,0x00,0x29,0x00,0x00,0x00,0x2a,0x00,0x00,0x00,0x2b,
  0x00,0x00,0x00,0x32,0x00,0x00,0x00,0x39,0x00,0x00,0x00,0x3a,0x00,0x00,0x00,0x3b,0x00,0x00,0x00,0xff,0xff,0xff,0x03,0x02,
  0x00,0xb5,0xb5,0x00,0xff,0x03,0x02,0x00,0xb5,0xb5,0x00,0xff,0xff,0xff,0xff,0x0c,0x00,0x00,0x00,0x34,0x03,0x00,0x00,0x53,
  0x57,0x49,0x54,0x43,0x48,0x45,0x53,0x40,0x03,0x00,0x00,0xfe,0x01,0x00,0x00,0x41,0x4e,0x49,0x4d,0x41,0x54,0x45,0x44,0x3e,
  0x05,0x00,0x00,0x00,0x01,0x00,0x00,0x43,0x52,0x42,0x52,0x49,0x43,0x4b,0x00,0x3e,0x06,0x00,0x00,0x00,0x01,0x00,0x00,0x43,
  0x52,0x54,0x41,0x4e,0x00,0x00,0x00,0x3e,0x07,0x00,0x00,0x00,0x01,0x00,0x00,0x43,0x52,0x47,0x52,0x41,0x59,0x00,0x00,0x3e,
  0x08,0x00,0x00,0x00,0x01,0x00,0x00,0x43,0x52,0x47,0x52,0x45,0x45,0x4e,0x00,0x3e,0x09,0x00,0x00,0x00,0x01,0x00,0x00,0x43,
  0x52,0x42,0x52,0x4f,0x57,0x4e,0x00,0x3e,0x0a,0x00,0x00,0x00,0x01,0x00,0x00,0x43,0x52,0x47,0x4f,0x4c,0x44,0x00,0x00,0x3e,
  0x0b,0x00,0x00,0x00,0x01,0x00,0x00,0x43,0x52,0x52,0x45,0x44,0x00,0x00,0x00,0x3e,0x0c,0x00,0x00,0x00,0x01,0x00,0x00,0x43,
  0x52,0x42,0x4c,0x55,0x45,0x00,0x00,0x3e,0x0d,0x00,0x00,0x00,0x01,0x00,0x00,0x43,0x52,0x42,0x4c,0x55,0x45,0x32,0x00,0x3e,
  0x0e,0x00,0x00,0x00,0x01,0x00,0x00,0x43,0x52,0x4f,0x52,0x41,0x4e,0x47,0x45,0x3e,0x0f,0x00,0x00,0x00,0x01,0x00,0x00,0x43,
  0x52,0x59,0x45,0x4c,0x4c,0x4f,0x57,0x3e,0x10,0x00,0x00,0x00,0x00,0x00,0x00,0x43,0x5f,0x53,0x54,0x41,0x52,0x54,0x00,0x3e,
  0x10,0x00,0x00,0x00,0x22,0x00,0x00,0x57,0x41,0x54,0x45,0x52,0x4d,0x41,0x50,0x3e,0x32,0x00,0x00,0x00,0x00,0x00,0x00,0x43,
  0x5f,0x45,0x4e,0x44,0x00,0x00,0x00,0x3e,0x32,0x00,0x00,0x00,0x00,0x00,0x00,0x42,0x5f,0x53,0x54,0x41,0x52,0x54,0x00,0x3e,
  0x32,0x00,0x00,0x42,0x00,0x00,0x00,0x42,0x46,0x47,0x42,0x45,0x58,0x00,0x00,0x80,0x32,0x00,0x00,0x86,0x04,0x00,0x00,0x4e,
  0x45,0x52,0x56,0x45,0x42,0x45,0x58,0x06,0x37,0x00,0x00,0xea,0x01,0x00,0x00,0x47,0x4c,0x46,0x50,0x00,0x00,0x00,0x00,0xf0,
  0x38,0x00,0x00,0x8c,0x00,0x00,0x00,0x47,0x4c,0x56,0x50,0x00,0x00,0x00,0x00,0x7c,0x39,0x00,0x00,0x5f,0x08,0x00,0x00,0x2d,
  0x50,0x52,0x42,0x48,0x55,0x44,0x2d,0xdb,0x41,0x00,0x00,0xf3,0x0c,0x00,0x00,0x4d,0x5f,0x4e,0x4f,0x52,0x4d,0x41,0x4c,0xce,
  0x4e,0x00,0x00,0x00,0x00,0x00,0x00,0x42,0x5f,0x45,0x4e,0x44,0x00,0x00,0x00,0xce,0x4e,0x00,0x00,0x53,0x00,0x00,0x00,0x44,
  0x49,0x47,0x30,0x00,0x00,0x00,0x00,0x21,0x4f,0x00,0x00,0x4b,0x00,0x00,0x00,0x44,0x49,0x47,0x31,0x00,0x00,0x00,0x00,0x6c,
  0x4f,0x00,0x00,0x57,0x00,0x00,0x00,0x44,0x49,0x47,0x32,0x00,0x00,0x00,0x00,0xc3,0x4f,0x00,0x00,0x5a,0x00,0x00,0x00,0x44,
  0x49,0x47,0x33,0x00,0x00,0x00,0x00,0x1d,0x50,0x00,0x00,0x4a,0x00,0x00,0x00,0x44,0x49,0x47,0x34,0x00,0x00,0x00,0x00,0x67,
  0x50,0x00,0x00,0x54,0x00,0x00,0x00,0x44,0x49,0x47,0x35,0x00,0x00,0x00,0x00,0xbb,0x50,0x00,0x00,0x51,0x00,0x00,0x00,0x44,
  0x49,0x47,0x36,0x00,0x00,0x00,0x00,0x0c,0x51,0x00,0x00,0x45,0x00,0x00,0x00,0x44,0x49,0x47,0x37,0x00,0x00,0x00,0x00,0x51,
  0x51,0x00,0x00,0x51,0x00,0x00,0x00,0x44,0x49,0x47,0x38,0x00,0x00,0x00,0x00,0xa2,0x51,0x00,0x00,0x54,0x00,0x00,0x00,0x44,
  0x49,0x47,0x39,0x00,0x00,0x00,0x00,0xf6,0x51,0x00,0x00,0x4e,0x00,0x00,0x00,0x44,0x49,0x47,0x41,0x00,0x00,0x00,0x00,0x44,
  0x52,0x00,0x00,0x4f,0x00,0x00,0x00,0x44,0x49,0x47,0x42,0x00,0x00,0x00,0x00,0x93,0x52,0x00,0x00,0x56,0x00,0x00,0x00,0x44,
  0x49,0x47,0x43,0x00,0x00,0x00,0x00,0xe9,0x52,0x00,0x00,0x50,0x00,0x00,0x00,0x44,0x49,0x47,0x44,0x00,0x00,0x00,0x00,0x39,
  0x53,0x00,0x00,0x55,0x00,0x00,0x00,0x44,0x49,0x47,0x45,0x00,0x00,0x00,0x00,0x8e,0x53,0x00,0x00,0x4c,0x00,0x00,0x00,0x44,
  0x49,0x47,0x46,0x00,0x00,0x00,0x00,0xda,0x53,0x00,0x00,0x57,0x00,0x00,0x00,0x44,0x49,0x47,0x47,0x00,0x00,0x00,0x00,0x31,
  0x54,0x00,0x00,0x4b,0x00,0x00,0x00,0x44,0x49,0x47,0x48,0x00,0x00,0x00,0x00,0x7c,0x54,0x00,0x00,0x45,0x00,0x00,0x00,0x44,
  0x49,0x47,0x49,0x00,0x00,0x00,0x00,0xc1,0x54,0x00,0x00,0x51,0x00,0x00,0x00,0x44,0x49,0x47,0x4a,0x00,0x00,0x00,0x00,0x12,
  0x55,0x00,0x00,0x51,0x00,0x00,0x00,0x44,0x49,0x47,0x4b,0x00,0x00,0x00,0x00,0x63,0x55,0x00,0x00,0x44,0x00,0x00,0x00,0x44,
  0x49,0x47,0x4c,0x00,0x00,0x00,0x00,0xa7,0x55,0x00,0x00,0x4c,0x00,0x00,0x00,0x44,0x49,0x47,0x4d,0x00,0x00,0x00,0x00,0xf3,
  0x55,0x00,0x00,0x4b,0x00,0x00,0x00,0x44,0x49,0x47,0x4e,0x00,0x00,0x00,0x00,0x3e,0x56,0x00,0x00,0x53,0x00,0x00,0x00,0x44,
  0x49,0x47,0x4f,0x00,0x00,0x00,0x00,0x91,0x56,0x00,0x00,0x4b,0x00,0x00,0x00,0x44,0x49,0x47,0x50,0x00,0x00,0x00,0x00,0xdc,
  0x56,0x00,0x00,0x54,0x00,0x00,0x00,0x44,0x49,0x47,0x51,0x00,0x00,0x00,0x00,0x30,0x57,0x00,0x00,0x4c,0x00,0x00,0x00,0x44,
  0x49,0x47,0x52,0x00,0x00,0x00,0x00,0x7c,0x57,0x00,0x00,0x54,0x00,0x00,0x00,0x44,0x49,0x47,0x53,0x00,0x00,0x00,0x00,0xd0,
  0x57,0x00,0x00,0x44,0x00,0x00,0x00,0x44,0x49,0x47,0x54,0x00,0x00,0x00,0x00,0x14,0x58,0x00,0x00,0x4c,0x00,0x00,0x00,0x44,
  0x49,0x47,0x55,0x00,0x00,0x00,0x00,0x60,0x58,0x00,0x00,0x48,0x00,0x00,0x00,0x44,0x49,0x47,0x56,0x00,0x00,0x00,0x00,0xa8,
  0x58,0x00,0x00,0x4d,0x00,0x00,0x00,0x44,0x49,0x47,0x57,0x00,0x00,0x00,0x00,0xf5,0x58,0x00,0x00,0x51,0x00,0x00,0x00,0x44,
  0x49,0x47,0x58,0x00,0x00,0x00,0x00,0x46,0x59,0x00,0x00,0x52,0x00,0x00,0x00,0x44,0x49,0x47,0x59,0x00,0x00,0x00,0x00,0x98,
  0x59,0x00,0x00,0x55,0x00,0x00,0x00,0x44,0x49,0x47,0x5a,0x00,0x00,0x00,0x00,0xed,0x59,0x00,0x00,0x37,0x00,0x00,0x00,0x44,
  0x49,0x47,0x34,0x35,0x00,0x00,0x00,0x24,0x5a,0x00,0x00,0x33,0x00,0x00,0x00,0x44,0x49,0x47,0x34,0x37,0x00,0x00,0x00,0x57,
  0x5a,0x00,0x00,0x35,0x00,0x00,0x00,0x44,0x49,0x47,0x35,0x38,0x00,0x00,0x00,0x8c,0x5a,0x00,0x00,0x3e,0x00,0x00,0x00,0x44,
  0x49,0x47,0x39,0x31,0x00,0x00,0x00,0xca,0x5a,0x00,0x00,0x3e,0x00,0x00,0x00,0x44,0x49,0x47,0x39,0x33,0x00,0x00,0x00,0x08,
  0x5b,0x00,0x00,0x5c,0x00,0x00,0x00,0x53,0x54,0x42,0x52,0x31,0x32,0x33,0x00,0x64,0x5b,0x00,0x00,0x51,0x00,0x00,0x00,0x53,
  0x54,0x42,0x52,0x31,0x32,0x34,0x00,0xb5,0x5b,0x00,0x00,0x46,0x00,0x00,0x00,0x53,0x54,0x42,0x52,0x31,0x32,0x35,0x00,0xfb,
  0x5b,0x00,0x00,0x3b,0x00,0x00,0x00,0x53,0x54,0x42,0x52,0x31,0x32,0x36,0x00,0x36,0x5c,0x00,0x00,0x30,0x00,0x00,0x00,0x53,
  0x54,0x42,0x52,0x31,0x32,0x37,0x00,0x66,0x5c,0x00,0x00,0x90,0x00,0x00,0x00,0x42,0x4f,0x58,0x55,0x4c,0x00,0x00,0x00,0xf6,
  0x5c,0x00,0x00,0x90,0x00,0x00,0x00,0x42,0x4f,0x58,0x55,0x43,0x00,0x00,0x00,0x86,0x5d,0x00,0x00,0x90,0x00,0x00,0x00,0x42,
  0x4f,0x58,0x55,0x52,0x00,0x00,0x00,0x16,0x5e,0x00,0x00,0x90,0x00,0x00,0x00,0x42,0x4f,0x58,0x43,0x4c,0x00,0x00,0x00,0xa6,
  0x5e,0x00,0x00,0x90,0x00,0x00,0x00,0x42,0x4f,0x58,0x43,0x43,0x00,0x00,0x00,0x36,0x5f,0x00,0x00,0x90,0x00,0x00,0x00,0x42,
  0x4f,0x58,0x43,0x52,0x00,0x00,0x00,0xc6,0x5f,0x00,0x00,0x90,0x00,0x00,0x00,0x42,0x4f,0x58,0x4c,0x4c,0x00,0x00,0x00,0x56,
  0x60,0x00,0x00,0x90,0x00,0x00,0x00,0x42,0x4f,0x58,0x4c,0x43,0x00,0x00,0x00,0xe6,0x60,0x00,0x00,0x90,0x00,0x00,0x00,0x42,
  0x4f,0x58,0x4c,0x52,0x00,0x00,0x00,0x76,0x61,0x00,0x00,0x68,0x00,0x00,0x00,0x53,0x54,0x4b,0x45,0x59,0x53,0x36,0x00,0xde,
  0x61,0x00,0x00,0x68,0x00,0x00,0x00,0x53,0x54,0x4b,0x45,0x59,0x53,0x37,0x00,0x46,0x62,0x00,0x00,0x68,0x00,0x00,0x00,0x53,
  0x54,0x4b,0x45,0x59,0x53,0x38,0x00,0xae,0x62,0x00,0x00,0x3a,0x00,0x00,0x00,0x53,0x54,0x43,0x46,0x4e,0x30,0x39,0x36,0xe8,
  0x62,0x00,0x00,0x70,0x01,0x00,0x00,0x4d,0x5f,0x42,0x55,0x54,0x54,0x31,0x00,0x58,0x64,0x00,0x00,0x70,0x01,0x00,0x00,0x4d,
  0x5f,0x42,0x55,0x54,0x54,0x32,0x00,0xc8,0x65,0x00,0x00,0x2a,0x4e,0x00,0x00,0x4d,0x5f,0x43,0x4f,0x4c,0x4f,0x52,0x53,0xf2,
  0xb3,0x00,0x00,0x78,0x00,0x00,0x00,0x4d,0x5f,0x50,0x41,0x4c,0x4e,0x4f,0x00,0x6a,0xb4,0x00,0x00,0x95,0x00,0x00,0x00,0x4d,
  0x5f,0x50,0x41,0x4c,0x53,0x45,0x4c,0xff,0xb4,0x00,0x00,0x68,0x17,0x00,0x00,0x4d,0x5f,0x56,0x42,0x4f,0x58,0x00,0x00,0x67,
  0xcc,0x00,0x00,0x70,0x00,0x00,0x00,0x43,0x52,0x4f,0x53,0x53,0x31,0x00,0x00,0xd7,0xcc,0x00,0x00,0x4c,0x00,0x00,0x00,0x43,
  0x52,0x4f,0x53,0x53,0x32,0x00,0x00,0x23,0xcd,0x00,0x00,0x3c,0x00,0x00,0x00,0x43,0x52,0x4f,0x53,0x53,0x33,0x00,0x00,
};
